QUBIT_COORDS(0.5, 2.5) 0
QUBIT_COORDS(0.5, 4.5) 1
QUBIT_COORDS(0.5, 6.5) 2
QUBIT_COORDS(0.5, 8.5) 3
QUBIT_COORDS(0.5, 10.5) 4
QUBIT_COORDS(0.5, 12.5) 5
QUBIT_COORDS(0.5, 14.5) 6
QUBIT_COORDS(1, 2) 7
QUBIT_COORDS(1, 3) 8
QUBIT_COORDS(1, 4) 9
QUBIT_COORDS(1, 5) 10
QUBIT_COORDS(1, 6) 11
QUBIT_COORDS(1, 7) 12
QUBIT_COORDS(1, 8) 13
QUBIT_COORDS(1, 9) 14
QUBIT_COORDS(1, 10) 15
QUBIT_COORDS(1, 11) 16
QUBIT_COORDS(1, 12) 17
QUBIT_COORDS(1, 13) 18
QUBIT_COORDS(1, 14) 19
QUBIT_COORDS(1, 15) 20
QUBIT_COORDS(1.5, 1.5) 21
QUBIT_COORDS(1.5, 2.5) 22
QUBIT_COORDS(1.5, 3.5) 23
QUBIT_COORDS(1.5, 4.5) 24
QUBIT_COORDS(1.5, 5.5) 25
QUBIT_COORDS(1.5, 6.5) 26
QUBIT_COORDS(1.5, 7.5) 27
QUBIT_COORDS(1.5, 8.5) 28
QUBIT_COORDS(1.5, 9.5) 29
QUBIT_COORDS(1.5, 10.5) 30
QUBIT_COORDS(1.5, 11.5) 31
QUBIT_COORDS(1.5, 12.5) 32
QUBIT_COORDS(1.5, 13.5) 33
QUBIT_COORDS(1.5, 14.5) 34
QUBIT_COORDS(2, 2) 35
QUBIT_COORDS(2, 3) 36
QUBIT_COORDS(2, 4) 37
QUBIT_COORDS(2, 5) 38
QUBIT_COORDS(2, 6) 39
QUBIT_COORDS(2, 7) 40
QUBIT_COORDS(2, 8) 41
QUBIT_COORDS(2, 9) 42
QUBIT_COORDS(2, 10) 43
QUBIT_COORDS(2, 11) 44
QUBIT_COORDS(2, 12) 45
QUBIT_COORDS(2, 13) 46
QUBIT_COORDS(2, 14) 47
QUBIT_COORDS(2, 15) 48
QUBIT_COORDS(2.5, 2.5) 49
QUBIT_COORDS(2.5, 3.5) 50
QUBIT_COORDS(2.5, 4.5) 51
QUBIT_COORDS(2.5, 5.5) 52
QUBIT_COORDS(2.5, 6.5) 53
QUBIT_COORDS(2.5, 7.5) 54
QUBIT_COORDS(2.5, 8.5) 55
QUBIT_COORDS(2.5, 9.5) 56
QUBIT_COORDS(2.5, 10.5) 57
QUBIT_COORDS(2.5, 11.5) 58
QUBIT_COORDS(2.5, 12.5) 59
QUBIT_COORDS(2.5, 13.5) 60
QUBIT_COORDS(2.5, 14.5) 61
QUBIT_COORDS(2.5, 15.5) 62
QUBIT_COORDS(3, 2) 63
QUBIT_COORDS(3, 3) 64
QUBIT_COORDS(3, 4) 65
QUBIT_COORDS(3, 5) 66
QUBIT_COORDS(3, 6) 67
QUBIT_COORDS(3, 7) 68
QUBIT_COORDS(3, 8) 69
QUBIT_COORDS(3, 9) 70
QUBIT_COORDS(3, 10) 71
QUBIT_COORDS(3, 11) 72
QUBIT_COORDS(3, 12) 73
QUBIT_COORDS(3, 13) 74
QUBIT_COORDS(3, 14) 75
QUBIT_COORDS(3, 15) 76
QUBIT_COORDS(3.5, 1.5) 77
QUBIT_COORDS(3.5, 2.5) 78
QUBIT_COORDS(3.5, 3.5) 79
QUBIT_COORDS(3.5, 4.5) 80
QUBIT_COORDS(3.5, 5.5) 81
QUBIT_COORDS(3.5, 6.5) 82
QUBIT_COORDS(3.5, 7.5) 83
QUBIT_COORDS(3.5, 8.5) 84
QUBIT_COORDS(3.5, 9.5) 85
QUBIT_COORDS(3.5, 10.5) 86
QUBIT_COORDS(3.5, 11.5) 87
QUBIT_COORDS(3.5, 12.5) 88
QUBIT_COORDS(3.5, 13.5) 89
QUBIT_COORDS(3.5, 14.5) 90
QUBIT_COORDS(4, 2) 91
QUBIT_COORDS(4, 3) 92
QUBIT_COORDS(4, 4) 93
QUBIT_COORDS(4, 5) 94
QUBIT_COORDS(4, 6) 95
QUBIT_COORDS(4, 7) 96
QUBIT_COORDS(4, 8) 97
QUBIT_COORDS(4, 9) 98
QUBIT_COORDS(4, 10) 99
QUBIT_COORDS(4, 11) 100
QUBIT_COORDS(4, 12) 101
QUBIT_COORDS(4, 13) 102
QUBIT_COORDS(4, 14) 103
QUBIT_COORDS(4, 15) 104
QUBIT_COORDS(4.5, 2.5) 105
QUBIT_COORDS(4.5, 3.5) 106
QUBIT_COORDS(4.5, 4.5) 107
QUBIT_COORDS(4.5, 5.5) 108
QUBIT_COORDS(4.5, 6.5) 109
QUBIT_COORDS(4.5, 7.5) 110
QUBIT_COORDS(4.5, 8.5) 111
QUBIT_COORDS(4.5, 9.5) 112
QUBIT_COORDS(4.5, 10.5) 113
QUBIT_COORDS(4.5, 11.5) 114
QUBIT_COORDS(4.5, 12.5) 115
QUBIT_COORDS(4.5, 13.5) 116
QUBIT_COORDS(4.5, 14.5) 117
QUBIT_COORDS(4.5, 15.5) 118
QUBIT_COORDS(5, 2) 119
QUBIT_COORDS(5, 3) 120
QUBIT_COORDS(5, 4) 121
QUBIT_COORDS(5, 5) 122
QUBIT_COORDS(5, 6) 123
QUBIT_COORDS(5, 7) 124
QUBIT_COORDS(5, 8) 125
QUBIT_COORDS(5, 9) 126
QUBIT_COORDS(5, 10) 127
QUBIT_COORDS(5, 11) 128
QUBIT_COORDS(5, 12) 129
QUBIT_COORDS(5, 13) 130
QUBIT_COORDS(5, 14) 131
QUBIT_COORDS(5, 15) 132
QUBIT_COORDS(5.5, 1.5) 133
QUBIT_COORDS(5.5, 2.5) 134
QUBIT_COORDS(5.5, 3.5) 135
QUBIT_COORDS(5.5, 4.5) 136
QUBIT_COORDS(5.5, 5.5) 137
QUBIT_COORDS(5.5, 6.5) 138
QUBIT_COORDS(5.5, 7.5) 139
QUBIT_COORDS(5.5, 8.5) 140
QUBIT_COORDS(5.5, 9.5) 141
QUBIT_COORDS(5.5, 10.5) 142
QUBIT_COORDS(5.5, 11.5) 143
QUBIT_COORDS(5.5, 12.5) 144
QUBIT_COORDS(5.5, 13.5) 145
QUBIT_COORDS(5.5, 14.5) 146
QUBIT_COORDS(6, 2) 147
QUBIT_COORDS(6, 3) 148
QUBIT_COORDS(6, 4) 149
QUBIT_COORDS(6, 5) 150
QUBIT_COORDS(6, 6) 151
QUBIT_COORDS(6, 7) 152
QUBIT_COORDS(6, 8) 153
QUBIT_COORDS(6, 9) 154
QUBIT_COORDS(6, 10) 155
QUBIT_COORDS(6, 11) 156
QUBIT_COORDS(6, 12) 157
QUBIT_COORDS(6, 13) 158
QUBIT_COORDS(6, 14) 159
QUBIT_COORDS(6, 15) 160
QUBIT_COORDS(6.5, 2.5) 161
QUBIT_COORDS(6.5, 3.5) 162
QUBIT_COORDS(6.5, 4.5) 163
QUBIT_COORDS(6.5, 5.5) 164
QUBIT_COORDS(6.5, 6.5) 165
QUBIT_COORDS(6.5, 7.5) 166
QUBIT_COORDS(6.5, 8.5) 167
QUBIT_COORDS(6.5, 9.5) 168
QUBIT_COORDS(6.5, 10.5) 169
QUBIT_COORDS(6.5, 11.5) 170
QUBIT_COORDS(6.5, 12.5) 171
QUBIT_COORDS(6.5, 13.5) 172
QUBIT_COORDS(6.5, 14.5) 173
QUBIT_COORDS(6.5, 15.5) 174
QUBIT_COORDS(7, 9) 175
QUBIT_COORDS(7, 10) 176
QUBIT_COORDS(7, 11) 177
QUBIT_COORDS(7, 12) 178
QUBIT_COORDS(7, 13) 179
QUBIT_COORDS(7, 14) 180
QUBIT_COORDS(7, 15) 181
QUBIT_COORDS(7.5, 2.5) 182
QUBIT_COORDS(7.5, 3.5) 183
QUBIT_COORDS(7.5, 4.5) 184
QUBIT_COORDS(7.5, 5.5) 185
QUBIT_COORDS(7.5, 6.5) 186
QUBIT_COORDS(7.5, 7.5) 187
QUBIT_COORDS(7.5, 8.5) 188
QUBIT_COORDS(7.5, 9.5) 189
QUBIT_COORDS(7.5, 11.5) 190
QUBIT_COORDS(7.5, 13.5) 191
QUBIT_COORDS(8, 2) 192
QUBIT_COORDS(8, 3) 193
QUBIT_COORDS(8, 4) 194
QUBIT_COORDS(8, 5) 195
QUBIT_COORDS(8, 6) 196
QUBIT_COORDS(8, 7) 197
QUBIT_COORDS(8, 8) 198
QUBIT_COORDS(8.5, 1.5) 199
QUBIT_COORDS(8.5, 2.5) 200
QUBIT_COORDS(8.5, 3.5) 201
QUBIT_COORDS(8.5, 4.5) 202
QUBIT_COORDS(8.5, 5.5) 203
QUBIT_COORDS(8.5, 6.5) 204
QUBIT_COORDS(8.5, 7.5) 205
QUBIT_COORDS(9, 2) 206
QUBIT_COORDS(9, 3) 207
QUBIT_COORDS(9, 4) 208
QUBIT_COORDS(9, 5) 209
QUBIT_COORDS(9, 6) 210
QUBIT_COORDS(9, 7) 211
QUBIT_COORDS(9, 8) 212
QUBIT_COORDS(9.5, 2.5) 213
QUBIT_COORDS(9.5, 3.5) 214
QUBIT_COORDS(9.5, 4.5) 215
QUBIT_COORDS(9.5, 5.5) 216
QUBIT_COORDS(9.5, 6.5) 217
QUBIT_COORDS(9.5, 7.5) 218
QUBIT_COORDS(9.5, 8.5) 219
QUBIT_COORDS(10, 2) 220
QUBIT_COORDS(10, 3) 221
QUBIT_COORDS(10, 4) 222
QUBIT_COORDS(10, 5) 223
QUBIT_COORDS(10, 6) 224
QUBIT_COORDS(10, 7) 225
QUBIT_COORDS(10, 8) 226
QUBIT_COORDS(10.5, 1.5) 227
QUBIT_COORDS(10.5, 2.5) 228
QUBIT_COORDS(10.5, 3.5) 229
QUBIT_COORDS(10.5, 4.5) 230
QUBIT_COORDS(10.5, 5.5) 231
QUBIT_COORDS(10.5, 6.5) 232
QUBIT_COORDS(10.5, 7.5) 233
QUBIT_COORDS(11, 2) 234
QUBIT_COORDS(11, 3) 235
QUBIT_COORDS(11, 4) 236
QUBIT_COORDS(11, 5) 237
QUBIT_COORDS(11, 6) 238
QUBIT_COORDS(11, 7) 239
QUBIT_COORDS(11, 8) 240
QUBIT_COORDS(11.5, 2.5) 241
QUBIT_COORDS(11.5, 3.5) 242
QUBIT_COORDS(11.5, 4.5) 243
QUBIT_COORDS(11.5, 5.5) 244
QUBIT_COORDS(11.5, 6.5) 245
QUBIT_COORDS(11.5, 7.5) 246
QUBIT_COORDS(11.5, 8.5) 247
QUBIT_COORDS(12, 2) 248
QUBIT_COORDS(12, 3) 249
QUBIT_COORDS(12, 4) 250
QUBIT_COORDS(12, 5) 251
QUBIT_COORDS(12, 6) 252
QUBIT_COORDS(12, 7) 253
QUBIT_COORDS(12, 8) 254
QUBIT_COORDS(12.5, 1.5) 255
QUBIT_COORDS(12.5, 2.5) 256
QUBIT_COORDS(12.5, 3.5) 257
QUBIT_COORDS(12.5, 4.5) 258
QUBIT_COORDS(12.5, 5.5) 259
QUBIT_COORDS(12.5, 6.5) 260
QUBIT_COORDS(12.5, 7.5) 261
QUBIT_COORDS(13, 2) 262
QUBIT_COORDS(13, 3) 263
QUBIT_COORDS(13, 4) 264
QUBIT_COORDS(13, 5) 265
QUBIT_COORDS(13, 6) 266
QUBIT_COORDS(13, 7) 267
QUBIT_COORDS(13, 8) 268
QUBIT_COORDS(13.5, 2.5) 269
QUBIT_COORDS(13.5, 3.5) 270
QUBIT_COORDS(13.5, 4.5) 271
QUBIT_COORDS(13.5, 5.5) 272
QUBIT_COORDS(13.5, 6.5) 273
QUBIT_COORDS(13.5, 7.5) 274
QUBIT_COORDS(13.5, 8.5) 275
QUBIT_COORDS(14, 2) 276
QUBIT_COORDS(14, 3) 277
QUBIT_COORDS(14, 4) 278
QUBIT_COORDS(14, 5) 279
QUBIT_COORDS(14, 6) 280
QUBIT_COORDS(14, 7) 281
QUBIT_COORDS(14, 8) 282
QUBIT_COORDS(14.5, 1.5) 283
QUBIT_COORDS(14.5, 2.5) 284
QUBIT_COORDS(14.5, 3.5) 285
QUBIT_COORDS(14.5, 4.5) 286
QUBIT_COORDS(14.5, 5.5) 287
QUBIT_COORDS(14.5, 6.5) 288
QUBIT_COORDS(14.5, 7.5) 289
QUBIT_COORDS(15, 2) 290
QUBIT_COORDS(15, 3) 291
QUBIT_COORDS(15, 4) 292
QUBIT_COORDS(15, 5) 293
QUBIT_COORDS(15, 6) 294
QUBIT_COORDS(15, 7) 295
QUBIT_COORDS(15, 8) 296
QUBIT_COORDS(15, 9) 297
QUBIT_COORDS(15.5, 2.5) 298
QUBIT_COORDS(15.5, 3.5) 299
QUBIT_COORDS(15.5, 4.5) 300
QUBIT_COORDS(15.5, 5.5) 301
QUBIT_COORDS(15.5, 6.5) 302
QUBIT_COORDS(15.5, 7.5) 303
QUBIT_COORDS(15.5, 8.5) 304
QUBIT_COORDS(16.5, 2.5) 305
QUBIT_COORDS(16.5, 3.5) 306
QUBIT_COORDS(16.5, 4.5) 307
QUBIT_COORDS(16.5, 5.5) 308
QUBIT_COORDS(16.5, 6.5) 309
QUBIT_COORDS(16.5, 7.5) 310
QUBIT_COORDS(16.5, 8.5) 311
QUBIT_COORDS(16.5, 10.5) 312
QUBIT_COORDS(16.5, 12.5) 313
QUBIT_COORDS(16.5, 14.5) 314
QUBIT_COORDS(17, 2) 315
QUBIT_COORDS(17, 3) 316
QUBIT_COORDS(17, 4) 317
QUBIT_COORDS(17, 5) 318
QUBIT_COORDS(17, 6) 319
QUBIT_COORDS(17, 7) 320
QUBIT_COORDS(17, 8) 321
QUBIT_COORDS(17, 9) 322
QUBIT_COORDS(17, 10) 323
QUBIT_COORDS(17, 11) 324
QUBIT_COORDS(17, 12) 325
QUBIT_COORDS(17, 13) 326
QUBIT_COORDS(17, 14) 327
QUBIT_COORDS(17, 15) 328
QUBIT_COORDS(17.5, 1.5) 329
QUBIT_COORDS(17.5, 2.5) 330
QUBIT_COORDS(17.5, 3.5) 331
QUBIT_COORDS(17.5, 4.5) 332
QUBIT_COORDS(17.5, 5.5) 333
QUBIT_COORDS(17.5, 6.5) 334
QUBIT_COORDS(17.5, 7.5) 335
QUBIT_COORDS(17.5, 8.5) 336
QUBIT_COORDS(17.5, 9.5) 337
QUBIT_COORDS(17.5, 10.5) 338
QUBIT_COORDS(17.5, 11.5) 339
QUBIT_COORDS(17.5, 12.5) 340
QUBIT_COORDS(17.5, 13.5) 341
QUBIT_COORDS(17.5, 14.5) 342
QUBIT_COORDS(18, 2) 343
QUBIT_COORDS(18, 3) 344
QUBIT_COORDS(18, 4) 345
QUBIT_COORDS(18, 5) 346
QUBIT_COORDS(18, 6) 347
QUBIT_COORDS(18, 7) 348
QUBIT_COORDS(18, 8) 349
QUBIT_COORDS(18, 9) 350
QUBIT_COORDS(18, 10) 351
QUBIT_COORDS(18, 11) 352
QUBIT_COORDS(18, 12) 353
QUBIT_COORDS(18, 13) 354
QUBIT_COORDS(18, 14) 355
QUBIT_COORDS(18, 15) 356
QUBIT_COORDS(18.5, 2.5) 357
QUBIT_COORDS(18.5, 3.5) 358
QUBIT_COORDS(18.5, 4.5) 359
QUBIT_COORDS(18.5, 5.5) 360
QUBIT_COORDS(18.5, 6.5) 361
QUBIT_COORDS(18.5, 7.5) 362
QUBIT_COORDS(18.5, 8.5) 363
QUBIT_COORDS(18.5, 9.5) 364
QUBIT_COORDS(18.5, 10.5) 365
QUBIT_COORDS(18.5, 11.5) 366
QUBIT_COORDS(18.5, 12.5) 367
QUBIT_COORDS(18.5, 13.5) 368
QUBIT_COORDS(18.5, 14.5) 369
QUBIT_COORDS(18.5, 15.5) 370
QUBIT_COORDS(19, 2) 371
QUBIT_COORDS(19, 3) 372
QUBIT_COORDS(19, 4) 373
QUBIT_COORDS(19, 5) 374
QUBIT_COORDS(19, 6) 375
QUBIT_COORDS(19, 7) 376
QUBIT_COORDS(19, 8) 377
QUBIT_COORDS(19, 9) 378
QUBIT_COORDS(19, 10) 379
QUBIT_COORDS(19, 11) 380
QUBIT_COORDS(19, 12) 381
QUBIT_COORDS(19, 13) 382
QUBIT_COORDS(19, 14) 383
QUBIT_COORDS(19, 15) 384
QUBIT_COORDS(19.5, 1.5) 385
QUBIT_COORDS(19.5, 2.5) 386
QUBIT_COORDS(19.5, 3.5) 387
QUBIT_COORDS(19.5, 4.5) 388
QUBIT_COORDS(19.5, 5.5) 389
QUBIT_COORDS(19.5, 6.5) 390
QUBIT_COORDS(19.5, 7.5) 391
QUBIT_COORDS(19.5, 8.5) 392
QUBIT_COORDS(19.5, 9.5) 393
QUBIT_COORDS(19.5, 10.5) 394
QUBIT_COORDS(19.5, 11.5) 395
QUBIT_COORDS(19.5, 12.5) 396
QUBIT_COORDS(19.5, 13.5) 397
QUBIT_COORDS(19.5, 14.5) 398
QUBIT_COORDS(20, 2) 399
QUBIT_COORDS(20, 3) 400
QUBIT_COORDS(20, 4) 401
QUBIT_COORDS(20, 5) 402
QUBIT_COORDS(20, 6) 403
QUBIT_COORDS(20, 7) 404
QUBIT_COORDS(20, 8) 405
QUBIT_COORDS(20, 9) 406
QUBIT_COORDS(20, 10) 407
QUBIT_COORDS(20, 11) 408
QUBIT_COORDS(20, 12) 409
QUBIT_COORDS(20, 13) 410
QUBIT_COORDS(20, 14) 411
QUBIT_COORDS(20, 15) 412
QUBIT_COORDS(20.5, 2.5) 413
QUBIT_COORDS(20.5, 3.5) 414
QUBIT_COORDS(20.5, 4.5) 415
QUBIT_COORDS(20.5, 5.5) 416
QUBIT_COORDS(20.5, 6.5) 417
QUBIT_COORDS(20.5, 7.5) 418
QUBIT_COORDS(20.5, 8.5) 419
QUBIT_COORDS(20.5, 9.5) 420
QUBIT_COORDS(20.5, 10.5) 421
QUBIT_COORDS(20.5, 11.5) 422
QUBIT_COORDS(20.5, 12.5) 423
QUBIT_COORDS(20.5, 13.5) 424
QUBIT_COORDS(20.5, 14.5) 425
QUBIT_COORDS(20.5, 15.5) 426
QUBIT_COORDS(21, 2) 427
QUBIT_COORDS(21, 3) 428
QUBIT_COORDS(21, 4) 429
QUBIT_COORDS(21, 5) 430
QUBIT_COORDS(21, 6) 431
QUBIT_COORDS(21, 7) 432
QUBIT_COORDS(21, 8) 433
QUBIT_COORDS(21, 9) 434
QUBIT_COORDS(21, 10) 435
QUBIT_COORDS(21, 11) 436
QUBIT_COORDS(21, 12) 437
QUBIT_COORDS(21, 13) 438
QUBIT_COORDS(21, 14) 439
QUBIT_COORDS(21, 15) 440
QUBIT_COORDS(21.5, 1.5) 441
QUBIT_COORDS(21.5, 2.5) 442
QUBIT_COORDS(21.5, 3.5) 443
QUBIT_COORDS(21.5, 4.5) 444
QUBIT_COORDS(21.5, 5.5) 445
QUBIT_COORDS(21.5, 6.5) 446
QUBIT_COORDS(21.5, 7.5) 447
QUBIT_COORDS(21.5, 8.5) 448
QUBIT_COORDS(21.5, 9.5) 449
QUBIT_COORDS(21.5, 10.5) 450
QUBIT_COORDS(21.5, 11.5) 451
QUBIT_COORDS(21.5, 12.5) 452
QUBIT_COORDS(21.5, 13.5) 453
QUBIT_COORDS(21.5, 14.5) 454
QUBIT_COORDS(22, 2) 455
QUBIT_COORDS(22, 3) 456
QUBIT_COORDS(22, 4) 457
QUBIT_COORDS(22, 5) 458
QUBIT_COORDS(22, 6) 459
QUBIT_COORDS(22, 7) 460
QUBIT_COORDS(22, 8) 461
QUBIT_COORDS(22, 9) 462
QUBIT_COORDS(22, 10) 463
QUBIT_COORDS(22, 11) 464
QUBIT_COORDS(22, 12) 465
QUBIT_COORDS(22, 13) 466
QUBIT_COORDS(22, 14) 467
QUBIT_COORDS(22, 15) 468
QUBIT_COORDS(22.5, 2.5) 469
QUBIT_COORDS(22.5, 3.5) 470
QUBIT_COORDS(22.5, 4.5) 471
QUBIT_COORDS(22.5, 5.5) 472
QUBIT_COORDS(22.5, 6.5) 473
QUBIT_COORDS(22.5, 7.5) 474
QUBIT_COORDS(22.5, 8.5) 475
QUBIT_COORDS(22.5, 9.5) 476
QUBIT_COORDS(22.5, 10.5) 477
QUBIT_COORDS(22.5, 11.5) 478
QUBIT_COORDS(22.5, 12.5) 479
QUBIT_COORDS(22.5, 13.5) 480
QUBIT_COORDS(22.5, 14.5) 481
QUBIT_COORDS(22.5, 15.5) 482
QUBIT_COORDS(23, 3) 483
QUBIT_COORDS(23, 4) 484
QUBIT_COORDS(23, 5) 485
QUBIT_COORDS(23, 6) 486
QUBIT_COORDS(23, 7) 487
QUBIT_COORDS(23, 8) 488
QUBIT_COORDS(23, 9) 489
QUBIT_COORDS(23, 10) 490
QUBIT_COORDS(23, 11) 491
QUBIT_COORDS(23, 12) 492
QUBIT_COORDS(23, 13) 493
QUBIT_COORDS(23, 14) 494
QUBIT_COORDS(23, 15) 495
QUBIT_COORDS(23.5, 3.5) 496
QUBIT_COORDS(23.5, 5.5) 497
QUBIT_COORDS(23.5, 7.5) 498
QUBIT_COORDS(23.5, 9.5) 499
QUBIT_COORDS(23.5, 11.5) 500
QUBIT_COORDS(23.5, 13.5) 501
#!pragma POLYGON(0,0,1,0.25) 42 70 71 43
#!pragma POLYGON(0,0,1,0.25) 15 43 44 16
#!pragma POLYGON(0,0,1,0.25) 44 72 73 45
#!pragma POLYGON(0,0,1,0.25) 17 45 46 18
#!pragma POLYGON(0,0,1,0.25) 46 74 75 47
#!pragma POLYGON(0,0,1,0.25) 19 47 48 20
#!pragma POLYGON(0,0,1,0.25) 102 130 131 103
#!pragma POLYGON(0,0,1,0.25) 75 103 104 76
#!pragma POLYGON(0,0,1,0.25) 100 128 129 101
#!pragma POLYGON(0,0,1,0.25) 73 101 102 74
#!pragma POLYGON(0,0,1,0.25) 98 126 127 99
#!pragma POLYGON(0,0,1,0.25) 71 99 100 72
#!pragma POLYGON(0,0,1,0.25) 154 175 176 155
#!pragma POLYGON(0,0,1,0.25) 127 155 156 128
#!pragma POLYGON(0,0,1,0.25) 156 177 178 157
#!pragma POLYGON(0,0,1,0.25) 129 157 158 130
#!pragma POLYGON(0,0,1,0.25) 158 179 180 159
#!pragma POLYGON(0,0,1,0.25) 131 159 160 132
#!pragma POLYGON(0,0,1,0.25) 42 14
#!pragma POLYGON(0,0,1,0.25) 98 70
#!pragma POLYGON(0,0,1,0.25) 154 126
#!pragma POLYGON(0,0,1,0.25) 181 160
#!pragma POLYGON(0,0,1,0.25) 132 104
#!pragma POLYGON(0,0,1,0.25) 76 48
#!pragma POLYGON(0,0,1,0.25) 350 378 379 351
#!pragma POLYGON(0,0,1,0.25) 323 351 352 324
#!pragma POLYGON(0,0,1,0.25) 352 380 381 353
#!pragma POLYGON(0,0,1,0.25) 325 353 354 326
#!pragma POLYGON(0,0,1,0.25) 354 382 383 355
#!pragma POLYGON(0,0,1,0.25) 327 355 356 328
#!pragma POLYGON(0,0,1,0.25) 410 438 439 411
#!pragma POLYGON(0,0,1,0.25) 383 411 412 384
#!pragma POLYGON(0,0,1,0.25) 408 436 437 409
#!pragma POLYGON(0,0,1,0.25) 381 409 410 382
#!pragma POLYGON(0,0,1,0.25) 406 434 435 407
#!pragma POLYGON(0,0,1,0.25) 379 407 408 380
#!pragma POLYGON(0,0,1,0.25) 462 489 490 463
#!pragma POLYGON(0,0,1,0.25) 435 463 464 436
#!pragma POLYGON(0,0,1,0.25) 464 491 492 465
#!pragma POLYGON(0,0,1,0.25) 437 465 466 438
#!pragma POLYGON(0,0,1,0.25) 466 493 494 467
#!pragma POLYGON(0,0,1,0.25) 439 467 468 440
#!pragma POLYGON(0,0,1,0.25) 350 322
#!pragma POLYGON(0,0,1,0.25) 406 378
#!pragma POLYGON(0,0,1,0.25) 462 434
#!pragma POLYGON(0,0,1,0.25) 495 468
#!pragma POLYGON(0,0,1,0.25) 440 412
#!pragma POLYGON(0,0,1,0.25) 384 356
#!pragma POLYGON(1,0,0,0.25) 14 42 43 15
#!pragma POLYGON(1,0,0,0.25) 43 71 72 44
#!pragma POLYGON(1,0,0,0.25) 16 44 45 17
#!pragma POLYGON(1,0,0,0.25) 45 73 74 46
#!pragma POLYGON(1,0,0,0.25) 18 46 47 19
#!pragma POLYGON(1,0,0,0.25) 47 75 76 48
#!pragma POLYGON(1,0,0,0.25) 74 102 103 75
#!pragma POLYGON(1,0,0,0.25) 103 131 132 104
#!pragma POLYGON(1,0,0,0.25) 72 100 101 73
#!pragma POLYGON(1,0,0,0.25) 101 129 130 102
#!pragma POLYGON(1,0,0,0.25) 70 98 99 71
#!pragma POLYGON(1,0,0,0.25) 99 127 128 100
#!pragma POLYGON(1,0,0,0.25) 126 154 155 127
#!pragma POLYGON(1,0,0,0.25) 155 176 177 156
#!pragma POLYGON(1,0,0,0.25) 128 156 157 129
#!pragma POLYGON(1,0,0,0.25) 157 178 179 158
#!pragma POLYGON(1,0,0,0.25) 130 158 159 131
#!pragma POLYGON(1,0,0,0.25) 159 180 181 160
#!pragma POLYGON(1,0,0,0.25) 15 16
#!pragma POLYGON(1,0,0,0.25) 17 18
#!pragma POLYGON(1,0,0,0.25) 19 20
#!pragma POLYGON(1,0,0,0.25) 179 180
#!pragma POLYGON(1,0,0,0.25) 177 178
#!pragma POLYGON(1,0,0,0.25) 175 176
#!pragma POLYGON(1,0,0,0.25) 322 350 351 323
#!pragma POLYGON(1,0,0,0.25) 351 379 380 352
#!pragma POLYGON(1,0,0,0.25) 324 352 353 325
#!pragma POLYGON(1,0,0,0.25) 353 381 382 354
#!pragma POLYGON(1,0,0,0.25) 326 354 355 327
#!pragma POLYGON(1,0,0,0.25) 355 383 384 356
#!pragma POLYGON(1,0,0,0.25) 382 410 411 383
#!pragma POLYGON(1,0,0,0.25) 411 439 440 412
#!pragma POLYGON(1,0,0,0.25) 380 408 409 381
#!pragma POLYGON(1,0,0,0.25) 409 437 438 410
#!pragma POLYGON(1,0,0,0.25) 378 406 407 379
#!pragma POLYGON(1,0,0,0.25) 407 435 436 408
#!pragma POLYGON(1,0,0,0.25) 434 462 463 435
#!pragma POLYGON(1,0,0,0.25) 463 490 491 464
#!pragma POLYGON(1,0,0,0.25) 436 464 465 437
#!pragma POLYGON(1,0,0,0.25) 465 492 493 466
#!pragma POLYGON(1,0,0,0.25) 438 466 467 439
#!pragma POLYGON(1,0,0,0.25) 467 494 495 468
#!pragma POLYGON(1,0,0,0.25) 323 324
#!pragma POLYGON(1,0,0,0.25) 325 326
#!pragma POLYGON(1,0,0,0.25) 327 328
#!pragma POLYGON(1,0,0,0.25) 493 494
#!pragma POLYGON(1,0,0,0.25) 491 492
#!pragma POLYGON(1,0,0,0.25) 489 490
TICK
R 14 15 16 17 18 19 20 42 43 44 45 46 47 48 70 71 72 73 74 75 76 98 99 100 101 102 103 104 126 127 128 129 130 131 132 154 155 156 157 158 159 160 175 176 177 178 179 180 181 322 323 324 325 326 327 328 350 351 352 353 354 355 356 378 379 380 381 382 383 384 406 407 408 409 410 411 412 434 435 436 437 438 439 440 462 463 464 465 466 467 468 489 490 491 492 493 494 495
TICK
TICK
R 4 5 6 29 31 33 57 59 61 85 87 89 113 115 117 141 143 145 169 171 173 189 190 191 337 339 341 312 313 314 365 367 369 393 395 397 421 423 425 449 451 453 477 479 481 499 500 501 28 30 32 34 56 58 60 62 84 86 88 90 112 114 116 118 140 142 144 146 168 170 172 174 336 338 340 342 364 366 368 370 392 394 396 398 420 422 424 426 448 450 452 454 476 478 480 482
TICK
H 4 5 6 29 31 33 57 59 61 85 87 89 113 115 117 141 143 145 169 171 173 189 190 191 337 339 341 312 313 314 365 367 369 393 395 397 421 423 425 449 451 453 477 479 481 499 500 501 28 30 32 34 56 58 60 62 84 86 88 90 112 114 116 118 140 142 144 146 168 170 172 174 336 338 340 342 364 366 368 370 392 394 396 398 420 422 424 426 448 450 452 454 476 478 480 482
TICK
CX 4 16 5 18 6 20 29 43 31 45 33 47 57 72 59 74 61 76 85 99 87 101 89 103 113 128 115 130 117 132 141 155 143 157 145 159 169 177 171 179 173 181 337 351 339 353 341 355 312 324 313 326 314 328 365 380 367 382 369 384 393 407 395 409 397 411 421 436 423 438 425 440 449 463 451 465 453 467 477 491 479 493 481 495
CZ 28 42 30 44 32 46 34 48 56 71 58 73 60 75 84 98 86 100 88 102 90 104 112 127 114 129 116 131 140 154 142 156 144 158 146 160 168 176 170 178 172 180 336 350 338 352 340 354 342 356 364 379 366 381 368 383 392 406 394 408 396 410 398 412 420 435 422 437 424 439 448 462 450 464 452 466 454 468 476 490 478 492 480 494
TICK
CX 4 15 5 17 6 19 29 42 31 44 33 46 57 71 59 73 61 75 85 98 87 100 89 102 113 127 115 129 117 131 141 154 143 156 145 158 169 176 171 178 173 180 337 350 339 352 341 354 312 323 313 325 314 327 365 379 367 381 369 383 393 406 395 408 397 410 421 435 423 437 425 439 449 462 451 464 453 466 477 490 479 492 481 494
CZ 28 14 30 16 32 18 34 20 56 43 58 45 60 47 84 70 86 72 88 74 90 76 112 99 114 101 116 103 140 126 142 128 144 130 146 132 168 155 170 157 172 159 336 322 338 324 340 326 342 328 364 351 366 353 368 355 392 378 394 380 396 382 398 384 420 407 422 409 424 411 448 434 450 436 452 438 454 440 476 463 478 465 480 467
TICK
CX 29 15 31 17 33 19 57 44 59 46 61 48 85 71 87 73 89 75 113 100 115 102 117 104 141 127 143 129 145 131 169 156 171 158 173 160 189 176 190 178 191 180 337 323 339 325 341 327 365 352 367 354 369 356 393 379 395 381 397 383 421 408 423 410 425 412 449 435 451 437 453 439 477 464 479 466 481 468 499 490 500 492 501 494
CZ 30 43 32 45 34 47 56 70 58 72 60 74 62 76 86 99 88 101 90 103 112 126 114 128 116 130 118 132 142 155 144 157 146 159 168 175 170 177 172 179 174 181 338 351 340 353 342 355 364 378 366 380 368 382 370 384 394 407 396 409 398 411 420 434 422 436 424 438 426 440 450 463 452 465 454 467 476 489 478 491 480 493 482 495
TICK
CX 29 14 31 16 33 18 57 43 59 45 61 47 85 70 87 72 89 74 113 99 115 101 117 103 141 126 143 128 145 130 169 155 171 157 173 159 189 175 190 177 191 179 337 322 339 324 341 326 365 351 367 353 369 355 393 378 395 380 397 382 421 407 423 409 425 411 449 434 451 436 453 438 477 463 479 465 481 467 499 489 500 491 501 493
CZ 30 15 32 17 34 19 56 42 58 44 60 46 62 48 86 71 88 73 90 75 112 98 114 100 116 102 118 104 142 127 144 129 146 131 168 154 170 156 172 158 174 160 338 323 340 325 342 327 364 350 366 352 368 354 370 356 394 379 396 381 398 383 420 406 422 408 424 410 426 412 450 435 452 437 454 439 476 462 478 464 480 466 482 468
TICK
H 4 5 6 29 31 33 57 59 61 85 87 89 113 115 117 141 143 145 169 171 173 189 190 191 337 339 341 312 313 314 365 367 369 393 395 397 421 423 425 449 451 453 477 479 481 499 500 501 28 30 32 34 56 58 60 62 84 86 88 90 112 114 116 118 140 142 144 146 168 170 172 174 336 338 340 342 364 366 368 370 392 394 396 398 420 422 424 426 448 450 452 454 476 478 480 482
TICK
M 4 5 6 29 31 33 57 59 61 85 87 89 113 115 117 141 143 145 169 171 173 189 190 191 337 339 341 312 313 314 365 367 369 393 395 397 421 423 425 449 451 453 477 479 481 499 500 501 28 30 32 34 56 58 60 62 84 86 88 90 112 114 116 118 140 142 144 146 168 170 172 174 336 338 340 342 364 366 368 370 392 394 396 398 420 422 424 426 448 450 452 454 476 478 480 482
TICK
R 4 5 6 29 31 33 57 59 61 85 87 89 113 115 117 141 143 145 169 171 173 189 190 191 337 339 341 312 313 314 365 367 369 393 395 397 421 423 425 449 451 453 477 479 481 499 500 501 28 30 32 34 56 58 60 62 84 86 88 90 112 114 116 118 140 142 144 146 168 170 172 174 336 338 340 342 364 366 368 370 392 394 396 398 420 422 424 426 448 450 452 454 476 478 480 482
TICK
H 4 5 6 29 31 33 57 59 61 85 87 89 113 115 117 141 143 145 169 171 173 189 190 191 337 339 341 312 313 314 365 367 369 393 395 397 421 423 425 449 451 453 477 479 481 499 500 501 28 30 32 34 56 58 60 62 84 86 88 90 112 114 116 118 140 142 144 146 168 170 172 174 336 338 340 342 364 366 368 370 392 394 396 398 420 422 424 426 448 450 452 454 476 478 480 482
TICK
CX 4 15 5 17 6 19 29 42 31 44 33 46 57 71 59 73 61 75 85 98 87 100 89 102 113 127 115 129 117 131 141 154 143 156 145 158 169 176 171 178 173 180 337 350 339 352 341 354 312 323 313 325 314 327 365 379 367 381 369 383 393 406 395 408 397 410 421 435 423 437 425 439 449 462 451 464 453 466 477 490 479 492 481 494
CZ 30 43 32 45 34 47 56 70 58 72 60 74 62 76 86 99 88 101 90 103 112 126 114 128 116 130 118 132 142 155 144 157 146 159 168 175 170 177 172 179 174 181 338 351 340 353 342 355 364 378 366 380 368 382 370 384 394 407 396 409 398 411 420 434 422 436 424 438 426 440 450 463 452 465 454 467 476 489 478 491 480 493 482 495
TICK
CX 4 16 5 18 6 20 29 43 31 45 33 47 57 72 59 74 61 76 85 99 87 101 89 103 113 128 115 130 117 132 141 155 143 157 145 159 169 177 171 179 173 181 337 351 339 353 341 355 312 324 313 326 314 328 365 380 367 382 369 384 393 407 395 409 397 411 421 436 423 438 425 440 449 463 451 465 453 467 477 491 479 493 481 495
CZ 30 15 32 17 34 19 56 42 58 44 60 46 62 48 86 71 88 73 90 75 112 98 114 100 116 102 118 104 142 127 144 129 146 131 168 154 170 156 172 158 174 160 338 323 340 325 342 327 364 350 366 352 368 354 370 356 394 379 396 381 398 383 420 406 422 408 424 410 426 412 450 435 452 437 454 439 476 462 478 464 480 466 482 468
TICK
CX 29 14 31 16 33 18 57 43 59 45 61 47 85 70 87 72 89 74 113 99 115 101 117 103 141 126 143 128 145 130 169 155 171 157 173 159 189 175 190 177 191 179 337 322 339 324 341 326 365 351 367 353 369 355 393 378 395 380 397 382 421 407 423 409 425 411 449 434 451 436 453 438 477 463 479 465 481 467 499 489 500 491 501 493
CZ 28 42 30 44 32 46 34 48 56 71 58 73 60 75 84 98 86 100 88 102 90 104 112 127 114 129 116 131 140 154 142 156 144 158 146 160 168 176 170 178 172 180 336 350 338 352 340 354 342 356 364 379 366 381 368 383 392 406 394 408 396 410 398 412 420 435 422 437 424 439 448 462 450 464 452 466 454 468 476 490 478 492 480 494
TICK
CX 29 15 31 17 33 19 57 44 59 46 61 48 85 71 87 73 89 75 113 100 115 102 117 104 141 127 143 129 145 131 169 156 171 158 173 160 189 176 190 178 191 180 337 323 339 325 341 327 365 352 367 354 369 356 393 379 395 381 397 383 421 408 423 410 425 412 449 435 451 437 453 439 477 464 479 466 481 468 499 490 500 492 501 494
CZ 28 14 30 16 32 18 34 20 56 43 58 45 60 47 84 70 86 72 88 74 90 76 112 99 114 101 116 103 140 126 142 128 144 130 146 132 168 155 170 157 172 159 336 322 338 324 340 326 342 328 364 351 366 353 368 355 392 378 394 380 396 382 398 384 420 407 422 409 424 411 448 434 450 436 452 438 454 440 476 463 478 465 480 467
TICK
H 4 5 6 29 31 33 57 59 61 85 87 89 113 115 117 141 143 145 169 171 173 189 190 191 337 339 341 312 313 314 365 367 369 393 395 397 421 423 425 449 451 453 477 479 481 499 500 501 28 30 32 34 56 58 60 62 84 86 88 90 112 114 116 118 140 142 144 146 168 170 172 174 336 338 340 342 364 366 368 370 392 394 396 398 420 422 424 426 448 450 452 454 476 478 480 482
TICK
M 4 5 6 29 31 33 57 59 61 85 87 89 113 115 117 141 143 145 169 171 173 189 190 191 337 339 341 312 313 314 365 367 369 393 395 397 421 423 425 449 451 453 477 479 481 499 500 501 28 30 32 34 56 58 60 62 84 86 88 90 112 114 116 118 140 142 144 146 168 170 172 174 336 338 340 342 364 366 368 370 392 394 396 398 420 422 424 426 448 450 452 454 476 478 480 482
TICK
R 4 5 6 29 31 33 57 59 61 85 87 89 113 115 117 141 143 145 169 171 173 189 190 191 337 339 341 312 313 314 365 367 369 393 395 397 421 423 425 449 451 453 477 479 481 499 500 501 28 30 32 34 56 58 60 62 84 86 88 90 112 114 116 118 140 142 144 146 168 170 172 174 336 338 340 342 364 366 368 370 392 394 396 398 420 422 424 426 448 450 452 454 476 478 480 482
TICK
H 4 5 6 29 31 33 57 59 61 85 87 89 113 115 117 141 143 145 169 171 173 189 190 191 337 339 341 312 313 314 365 367 369 393 395 397 421 423 425 449 451 453 477 479 481 499 500 501 28 30 32 34 56 58 60 62 84 86 88 90 112 114 116 118 140 142 144 146 168 170 172 174 336 338 340 342 364 366 368 370 392 394 396 398 420 422 424 426 448 450 452 454 476 478 480 482
TICK
CX 4 16 5 18 6 20 29 43 31 45 33 47 57 72 59 74 61 76 85 99 87 101 89 103 113 128 115 130 117 132 141 155 143 157 145 159 169 177 171 179 173 181 337 351 339 353 341 355 312 324 313 326 314 328 365 380 367 382 369 384 393 407 395 409 397 411 421 436 423 438 425 440 449 463 451 465 453 467 477 491 479 493 481 495
CZ 28 42 30 44 32 46 34 48 56 71 58 73 60 75 84 98 86 100 88 102 90 104 112 127 114 129 116 131 140 154 142 156 144 158 146 160 168 176 170 178 172 180 336 350 338 352 340 354 342 356 364 379 366 381 368 383 392 406 394 408 396 410 398 412 420 435 422 437 424 439 448 462 450 464 452 466 454 468 476 490 478 492 480 494
TICK
CX 4 15 5 17 6 19 29 42 31 44 33 46 57 71 59 73 61 75 85 98 87 100 89 102 113 127 115 129 117 131 141 154 143 156 145 158 169 176 171 178 173 180 337 350 339 352 341 354 312 323 313 325 314 327 365 379 367 381 369 383 393 406 395 408 397 410 421 435 423 437 425 439 449 462 451 464 453 466 477 490 479 492 481 494
CZ 28 14 30 16 32 18 34 20 56 43 58 45 60 47 84 70 86 72 88 74 90 76 112 99 114 101 116 103 140 126 142 128 144 130 146 132 168 155 170 157 172 159 336 322 338 324 340 326 342 328 364 351 366 353 368 355 392 378 394 380 396 382 398 384 420 407 422 409 424 411 448 434 450 436 452 438 454 440 476 463 478 465 480 467
TICK
CX 29 15 31 17 33 19 57 44 59 46 61 48 85 71 87 73 89 75 113 100 115 102 117 104 141 127 143 129 145 131 169 156 171 158 173 160 189 176 190 178 191 180 337 323 339 325 341 327 365 352 367 354 369 356 393 379 395 381 397 383 421 408 423 410 425 412 449 435 451 437 453 439 477 464 479 466 481 468 499 490 500 492 501 494
CZ 30 43 32 45 34 47 56 70 58 72 60 74 62 76 86 99 88 101 90 103 112 126 114 128 116 130 118 132 142 155 144 157 146 159 168 175 170 177 172 179 174 181 338 351 340 353 342 355 364 378 366 380 368 382 370 384 394 407 396 409 398 411 420 434 422 436 424 438 426 440 450 463 452 465 454 467 476 489 478 491 480 493 482 495
TICK
CX 29 14 31 16 33 18 57 43 59 45 61 47 85 70 87 72 89 74 113 99 115 101 117 103 141 126 143 128 145 130 169 155 171 157 173 159 189 175 190 177 191 179 337 322 339 324 341 326 365 351 367 353 369 355 393 378 395 380 397 382 421 407 423 409 425 411 449 434 451 436 453 438 477 463 479 465 481 467 499 489 500 491 501 493
CZ 30 15 32 17 34 19 56 42 58 44 60 46 62 48 86 71 88 73 90 75 112 98 114 100 116 102 118 104 142 127 144 129 146 131 168 154 170 156 172 158 174 160 338 323 340 325 342 327 364 350 366 352 368 354 370 356 394 379 396 381 398 383 420 406 422 408 424 410 426 412 450 435 452 437 454 439 476 462 478 464 480 466 482 468
TICK
H 4 5 6 29 31 33 57 59 61 85 87 89 113 115 117 141 143 145 169 171 173 189 190 191 337 339 341 312 313 314 365 367 369 393 395 397 421 423 425 449 451 453 477 479 481 499 500 501 28 30 32 34 56 58 60 62 84 86 88 90 112 114 116 118 140 142 144 146 168 170 172 174 336 338 340 342 364 366 368 370 392 394 396 398 420 422 424 426 448 450 452 454 476 478 480 482
TICK
M 4 5 6 29 31 33 57 59 61 85 87 89 113 115 117 141 143 145 169 171 173 189 190 191 337 339 341 312 313 314 365 367 369 393 395 397 421 423 425 449 451 453 477 479 481 499 500 501 28 30 32 34 56 58 60 62 84 86 88 90 112 114 116 118 140 142 144 146 168 170 172 174 336 338 340 342 364 366 368 370 392 394 396 398 420 422 424 426 448 450 452 454 476 478 480 482
TICK
R 4 5 6 29 31 33 57 59 61 85 87 89 113 115 117 141 143 145 169 171 173 189 190 191 337 339 341 312 313 314 365 367 369 393 395 397 421 423 425 449 451 453 477 479 481 499 500 501 28 30 32 34 56 58 60 62 84 86 88 90 112 114 116 118 140 142 144 146 168 170 172 174 336 338 340 342 364 366 368 370 392 394 396 398 420 422 424 426 448 450 452 454 476 478 480 482
TICK
H 4 5 6 29 31 33 57 59 61 85 87 89 113 115 117 141 143 145 169 171 173 189 190 191 337 339 341 312 313 314 365 367 369 393 395 397 421 423 425 449 451 453 477 479 481 499 500 501 28 30 32 34 56 58 60 62 84 86 88 90 112 114 116 118 140 142 144 146 168 170 172 174 336 338 340 342 364 366 368 370 392 394 396 398 420 422 424 426 448 450 452 454 476 478 480 482
TICK
CX 4 15 5 17 6 19 29 42 31 44 33 46 57 71 59 73 61 75 85 98 87 100 89 102 113 127 115 129 117 131 141 154 143 156 145 158 169 176 171 178 173 180 337 350 339 352 341 354 312 323 313 325 314 327 365 379 367 381 369 383 393 406 395 408 397 410 421 435 423 437 425 439 449 462 451 464 453 466 477 490 479 492 481 494
CZ 30 43 32 45 34 47 56 70 58 72 60 74 62 76 86 99 88 101 90 103 112 126 114 128 116 130 118 132 142 155 144 157 146 159 168 175 170 177 172 179 174 181 338 351 340 353 342 355 364 378 366 380 368 382 370 384 394 407 396 409 398 411 420 434 422 436 424 438 426 440 450 463 452 465 454 467 476 489 478 491 480 493 482 495
TICK
CX 4 16 5 18 6 20 29 43 31 45 33 47 57 72 59 74 61 76 85 99 87 101 89 103 113 128 115 130 117 132 141 155 143 157 145 159 169 177 171 179 173 181 337 351 339 353 341 355 312 324 313 326 314 328 365 380 367 382 369 384 393 407 395 409 397 411 421 436 423 438 425 440 449 463 451 465 453 467 477 491 479 493 481 495
CZ 30 15 32 17 34 19 56 42 58 44 60 46 62 48 86 71 88 73 90 75 112 98 114 100 116 102 118 104 142 127 144 129 146 131 168 154 170 156 172 158 174 160 338 323 340 325 342 327 364 350 366 352 368 354 370 356 394 379 396 381 398 383 420 406 422 408 424 410 426 412 450 435 452 437 454 439 476 462 478 464 480 466 482 468
TICK
CX 29 14 31 16 33 18 57 43 59 45 61 47 85 70 87 72 89 74 113 99 115 101 117 103 141 126 143 128 145 130 169 155 171 157 173 159 189 175 190 177 191 179 337 322 339 324 341 326 365 351 367 353 369 355 393 378 395 380 397 382 421 407 423 409 425 411 449 434 451 436 453 438 477 463 479 465 481 467 499 489 500 491 501 493
CZ 28 42 30 44 32 46 34 48 56 71 58 73 60 75 84 98 86 100 88 102 90 104 112 127 114 129 116 131 140 154 142 156 144 158 146 160 168 176 170 178 172 180 336 350 338 352 340 354 342 356 364 379 366 381 368 383 392 406 394 408 396 410 398 412 420 435 422 437 424 439 448 462 450 464 452 466 454 468 476 490 478 492 480 494
TICK
CX 29 15 31 17 33 19 57 44 59 46 61 48 85 71 87 73 89 75 113 100 115 102 117 104 141 127 143 129 145 131 169 156 171 158 173 160 189 176 190 178 191 180 337 323 339 325 341 327 365 352 367 354 369 356 393 379 395 381 397 383 421 408 423 410 425 412 449 435 451 437 453 439 477 464 479 466 481 468 499 490 500 492 501 494
CZ 28 14 30 16 32 18 34 20 56 43 58 45 60 47 84 70 86 72 88 74 90 76 112 99 114 101 116 103 140 126 142 128 144 130 146 132 168 155 170 157 172 159 336 322 338 324 340 326 342 328 364 351 366 353 368 355 392 378 394 380 396 382 398 384 420 407 422 409 424 411 448 434 450 436 452 438 454 440 476 463 478 465 480 467
TICK
H 4 5 6 29 31 33 57 59 61 85 87 89 113 115 117 141 143 145 169 171 173 189 190 191 337 339 341 312 313 314 365 367 369 393 395 397 421 423 425 449 451 453 477 479 481 499 500 501 28 30 32 34 56 58 60 62 84 86 88 90 112 114 116 118 140 142 144 146 168 170 172 174 336 338 340 342 364 366 368 370 392 394 396 398 420 422 424 426 448 450 452 454 476 478 480 482
TICK
M 4 5 6 29 31 33 57 59 61 85 87 89 113 115 117 141 143 145 169 171 173 189 190 191 337 339 341 312 313 314 365 367 369 393 395 397 421 423 425 449 451 453 477 479 481 499 500 501 28 30 32 34 56 58 60 62 84 86 88 90 112 114 116 118 140 142 144 146 168 170 172 174 336 338 340 342 364 366 368 370 392 394 396 398 420 422 424 426 448 450 452 454 476 478 480 482
TICK
R 4 5 6 29 31 33 57 59 61 85 87 89 113 115 117 141 143 145 169 171 173 189 190 191 337 339 341 312 313 314 365 367 369 393 395 397 421 423 425 449 451 453 477 479 481 499 500 501 28 30 32 34 56 58 60 62 84 86 88 90 112 114 116 118 140 142 144 146 168 170 172 174 336 338 340 342 364 366 368 370 392 394 396 398 420 422 424 426 448 450 452 454 476 478 480 482
TICK
H 4 5 6 29 31 33 57 59 61 85 87 89 113 115 117 141 143 145 169 171 173 189 190 191 337 339 341 312 313 314 365 367 369 393 395 397 421 423 425 449 451 453 477 479 481 499 500 501 28 30 32 34 56 58 60 62 84 86 88 90 112 114 116 118 140 142 144 146 168 170 172 174 336 338 340 342 364 366 368 370 392 394 396 398 420 422 424 426 448 450 452 454 476 478 480 482
TICK
CX 4 16 5 18 6 20 29 43 31 45 33 47 57 72 59 74 61 76 85 99 87 101 89 103 113 128 115 130 117 132 141 155 143 157 145 159 169 177 171 179 173 181 337 351 339 353 341 355 312 324 313 326 314 328 365 380 367 382 369 384 393 407 395 409 397 411 421 436 423 438 425 440 449 463 451 465 453 467 477 491 479 493 481 495
CZ 28 42 30 44 32 46 34 48 56 71 58 73 60 75 84 98 86 100 88 102 90 104 112 127 114 129 116 131 140 154 142 156 144 158 146 160 168 176 170 178 172 180 336 350 338 352 340 354 342 356 364 379 366 381 368 383 392 406 394 408 396 410 398 412 420 435 422 437 424 439 448 462 450 464 452 466 454 468 476 490 478 492 480 494
TICK
CX 4 15 5 17 6 19 29 42 31 44 33 46 57 71 59 73 61 75 85 98 87 100 89 102 113 127 115 129 117 131 141 154 143 156 145 158 169 176 171 178 173 180 337 350 339 352 341 354 312 323 313 325 314 327 365 379 367 381 369 383 393 406 395 408 397 410 421 435 423 437 425 439 449 462 451 464 453 466 477 490 479 492 481 494
CZ 28 14 30 16 32 18 34 20 56 43 58 45 60 47 84 70 86 72 88 74 90 76 112 99 114 101 116 103 140 126 142 128 144 130 146 132 168 155 170 157 172 159 336 322 338 324 340 326 342 328 364 351 366 353 368 355 392 378 394 380 396 382 398 384 420 407 422 409 424 411 448 434 450 436 452 438 454 440 476 463 478 465 480 467
TICK
CX 29 15 31 17 33 19 57 44 59 46 61 48 85 71 87 73 89 75 113 100 115 102 117 104 141 127 143 129 145 131 169 156 171 158 173 160 189 176 190 178 191 180 337 323 339 325 341 327 365 352 367 354 369 356 393 379 395 381 397 383 421 408 423 410 425 412 449 435 451 437 453 439 477 464 479 466 481 468 499 490 500 492 501 494
CZ 30 43 32 45 34 47 56 70 58 72 60 74 62 76 86 99 88 101 90 103 112 126 114 128 116 130 118 132 142 155 144 157 146 159 168 175 170 177 172 179 174 181 338 351 340 353 342 355 364 378 366 380 368 382 370 384 394 407 396 409 398 411 420 434 422 436 424 438 426 440 450 463 452 465 454 467 476 489 478 491 480 493 482 495
TICK
CX 29 14 31 16 33 18 57 43 59 45 61 47 85 70 87 72 89 74 113 99 115 101 117 103 141 126 143 128 145 130 169 155 171 157 173 159 189 175 190 177 191 179 337 322 339 324 341 326 365 351 367 353 369 355 393 378 395 380 397 382 421 407 423 409 425 411 449 434 451 436 453 438 477 463 479 465 481 467 499 489 500 491 501 493
CZ 30 15 32 17 34 19 56 42 58 44 60 46 62 48 86 71 88 73 90 75 112 98 114 100 116 102 118 104 142 127 144 129 146 131 168 154 170 156 172 158 174 160 338 323 340 325 342 327 364 350 366 352 368 354 370 356 394 379 396 381 398 383 420 406 422 408 424 410 426 412 450 435 452 437 454 439 476 462 478 464 480 466 482 468
TICK
H 4 5 6 29 31 33 57 59 61 85 87 89 113 115 117 141 143 145 169 171 173 189 190 191 337 339 341 312 313 314 365 367 369 393 395 397 421 423 425 449 451 453 477 479 481 499 500 501 28 30 32 34 56 58 60 62 84 86 88 90 112 114 116 118 140 142 144 146 168 170 172 174 336 338 340 342 364 366 368 370 392 394 396 398 420 422 424 426 448 450 452 454 476 478 480 482
TICK
M 4 5 6 29 31 33 57 59 61 85 87 89 113 115 117 141 143 145 169 171 173 189 190 191 337 339 341 312 313 314 365 367 369 393 395 397 421 423 425 449 451 453 477 479 481 499 500 501 28 30 32 34 56 58 60 62 84 86 88 90 112 114 116 118 140 142 144 146 168 170 172 174 336 338 340 342 364 366 368 370 392 394 396 398 420 422 424 426 448 450 452 454 476 478 480 482
TICK
R 4 5 6 29 31 33 57 59 61 85 87 89 113 115 117 141 143 145 169 171 173 189 190 191 337 339 341 312 313 314 365 367 369 393 395 397 421 423 425 449 451 453 477 479 481 499 500 501 28 30 32 34 56 58 60 62 84 86 88 90 112 114 116 118 140 142 144 146 168 170 172 174 336 338 340 342 364 366 368 370 392 394 396 398 420 422 424 426 448 450 452 454 476 478 480 482
TICK
H 4 5 6 29 31 33 57 59 61 85 87 89 113 115 117 141 143 145 169 171 173 189 190 191 337 339 341 312 313 314 365 367 369 393 395 397 421 423 425 449 451 453 477 479 481 499 500 501 28 30 32 34 56 58 60 62 84 86 88 90 112 114 116 118 140 142 144 146 168 170 172 174 336 338 340 342 364 366 368 370 392 394 396 398 420 422 424 426 448 450 452 454 476 478 480 482
TICK
CX 4 15 5 17 6 19 29 42 31 44 33 46 57 71 59 73 61 75 85 98 87 100 89 102 113 127 115 129 117 131 141 154 143 156 145 158 169 176 171 178 173 180 337 350 339 352 341 354 312 323 313 325 314 327 365 379 367 381 369 383 393 406 395 408 397 410 421 435 423 437 425 439 449 462 451 464 453 466 477 490 479 492 481 494
CZ 30 43 32 45 34 47 56 70 58 72 60 74 62 76 86 99 88 101 90 103 112 126 114 128 116 130 118 132 142 155 144 157 146 159 168 175 170 177 172 179 174 181 338 351 340 353 342 355 364 378 366 380 368 382 370 384 394 407 396 409 398 411 420 434 422 436 424 438 426 440 450 463 452 465 454 467 476 489 478 491 480 493 482 495
TICK
CX 4 16 5 18 6 20 29 43 31 45 33 47 57 72 59 74 61 76 85 99 87 101 89 103 113 128 115 130 117 132 141 155 143 157 145 159 169 177 171 179 173 181 337 351 339 353 341 355 312 324 313 326 314 328 365 380 367 382 369 384 393 407 395 409 397 411 421 436 423 438 425 440 449 463 451 465 453 467 477 491 479 493 481 495
CZ 30 15 32 17 34 19 56 42 58 44 60 46 62 48 86 71 88 73 90 75 112 98 114 100 116 102 118 104 142 127 144 129 146 131 168 154 170 156 172 158 174 160 338 323 340 325 342 327 364 350 366 352 368 354 370 356 394 379 396 381 398 383 420 406 422 408 424 410 426 412 450 435 452 437 454 439 476 462 478 464 480 466 482 468
TICK
CX 29 14 31 16 33 18 57 43 59 45 61 47 85 70 87 72 89 74 113 99 115 101 117 103 141 126 143 128 145 130 169 155 171 157 173 159 189 175 190 177 191 179 337 322 339 324 341 326 365 351 367 353 369 355 393 378 395 380 397 382 421 407 423 409 425 411 449 434 451 436 453 438 477 463 479 465 481 467 499 489 500 491 501 493
CZ 28 42 30 44 32 46 34 48 56 71 58 73 60 75 84 98 86 100 88 102 90 104 112 127 114 129 116 131 140 154 142 156 144 158 146 160 168 176 170 178 172 180 336 350 338 352 340 354 342 356 364 379 366 381 368 383 392 406 394 408 396 410 398 412 420 435 422 437 424 439 448 462 450 464 452 466 454 468 476 490 478 492 480 494
TICK
CX 29 15 31 17 33 19 57 44 59 46 61 48 85 71 87 73 89 75 113 100 115 102 117 104 141 127 143 129 145 131 169 156 171 158 173 160 189 176 190 178 191 180 337 323 339 325 341 327 365 352 367 354 369 356 393 379 395 381 397 383 421 408 423 410 425 412 449 435 451 437 453 439 477 464 479 466 481 468 499 490 500 492 501 494
CZ 28 14 30 16 32 18 34 20 56 43 58 45 60 47 84 70 86 72 88 74 90 76 112 99 114 101 116 103 140 126 142 128 144 130 146 132 168 155 170 157 172 159 336 322 338 324 340 326 342 328 364 351 366 353 368 355 392 378 394 380 396 382 398 384 420 407 422 409 424 411 448 434 450 436 452 438 454 440 476 463 478 465 480 467
TICK
H 4 5 6 29 31 33 57 59 61 85 87 89 113 115 117 141 143 145 169 171 173 189 190 191 337 339 341 312 313 314 365 367 369 393 395 397 421 423 425 449 451 453 477 479 481 499 500 501 28 30 32 34 56 58 60 62 84 86 88 90 112 114 116 118 140 142 144 146 168 170 172 174 336 338 340 342 364 366 368 370 392 394 396 398 420 422 424 426 448 450 452 454 476 478 480 482
TICK
M 4 5 6 29 31 33 57 59 61 85 87 89 113 115 117 141 143 145 169 171 173 189 190 191 337 339 341 312 313 314 365 367 369 393 395 397 421 423 425 449 451 453 477 479 481 499 500 501 28 30 32 34 56 58 60 62 84 86 88 90 112 114 116 118 140 142 144 146 168 170 172 174 336 338 340 342 364 366 368 370 392 394 396 398 420 422 424 426 448 450 452 454 476 478 480 482
TICK
R 4 5 6 29 31 33 57 59 61 85 87 89 113 115 117 141 143 145 169 171 173 189 190 191 337 339 341 312 313 314 365 367 369 393 395 397 421 423 425 449 451 453 477 479 481 499 500 501 28 30 32 34 56 58 60 62 84 86 88 90 112 114 116 118 140 142 144 146 168 170 172 174 336 338 340 342 364 366 368 370 392 394 396 398 420 422 424 426 448 450 452 454 476 478 480 482
TICK
H 4 5 6 29 31 33 57 59 61 85 87 89 113 115 117 141 143 145 169 171 173 189 190 191 337 339 341 312 313 314 365 367 369 393 395 397 421 423 425 449 451 453 477 479 481 499 500 501 28 30 32 34 56 58 60 62 84 86 88 90 112 114 116 118 140 142 144 146 168 170 172 174 336 338 340 342 364 366 368 370 392 394 396 398 420 422 424 426 448 450 452 454 476 478 480 482
TICK
CX 4 16 5 18 6 20 29 43 31 45 33 47 57 72 59 74 61 76 85 99 87 101 89 103 113 128 115 130 117 132 141 155 143 157 145 159 169 177 171 179 173 181 337 351 339 353 341 355 312 324 313 326 314 328 365 380 367 382 369 384 393 407 395 409 397 411 421 436 423 438 425 440 449 463 451 465 453 467 477 491 479 493 481 495
CZ 28 42 30 44 32 46 34 48 56 71 58 73 60 75 84 98 86 100 88 102 90 104 112 127 114 129 116 131 140 154 142 156 144 158 146 160 168 176 170 178 172 180 336 350 338 352 340 354 342 356 364 379 366 381 368 383 392 406 394 408 396 410 398 412 420 435 422 437 424 439 448 462 450 464 452 466 454 468 476 490 478 492 480 494
TICK
CX 4 15 5 17 6 19 29 42 31 44 33 46 57 71 59 73 61 75 85 98 87 100 89 102 113 127 115 129 117 131 141 154 143 156 145 158 169 176 171 178 173 180 337 350 339 352 341 354 312 323 313 325 314 327 365 379 367 381 369 383 393 406 395 408 397 410 421 435 423 437 425 439 449 462 451 464 453 466 477 490 479 492 481 494
CZ 28 14 30 16 32 18 34 20 56 43 58 45 60 47 84 70 86 72 88 74 90 76 112 99 114 101 116 103 140 126 142 128 144 130 146 132 168 155 170 157 172 159 336 322 338 324 340 326 342 328 364 351 366 353 368 355 392 378 394 380 396 382 398 384 420 407 422 409 424 411 448 434 450 436 452 438 454 440 476 463 478 465 480 467
TICK
CX 29 15 31 17 33 19 57 44 59 46 61 48 85 71 87 73 89 75 113 100 115 102 117 104 141 127 143 129 145 131 169 156 171 158 173 160 189 176 190 178 191 180 337 323 339 325 341 327 365 352 367 354 369 356 393 379 395 381 397 383 421 408 423 410 425 412 449 435 451 437 453 439 477 464 479 466 481 468 499 490 500 492 501 494
CZ 30 43 32 45 34 47 56 70 58 72 60 74 62 76 86 99 88 101 90 103 112 126 114 128 116 130 118 132 142 155 144 157 146 159 168 175 170 177 172 179 174 181 338 351 340 353 342 355 364 378 366 380 368 382 370 384 394 407 396 409 398 411 420 434 422 436 424 438 426 440 450 463 452 465 454 467 476 489 478 491 480 493 482 495
TICK
CX 29 14 31 16 33 18 57 43 59 45 61 47 85 70 87 72 89 74 113 99 115 101 117 103 141 126 143 128 145 130 169 155 171 157 173 159 189 175 190 177 191 179 337 322 339 324 341 326 365 351 367 353 369 355 393 378 395 380 397 382 421 407 423 409 425 411 449 434 451 436 453 438 477 463 479 465 481 467 499 489 500 491 501 493
CZ 30 15 32 17 34 19 56 42 58 44 60 46 62 48 86 71 88 73 90 75 112 98 114 100 116 102 118 104 142 127 144 129 146 131 168 154 170 156 172 158 174 160 338 323 340 325 342 327 364 350 366 352 368 354 370 356 394 379 396 381 398 383 420 406 422 408 424 410 426 412 450 435 452 437 454 439 476 462 478 464 480 466 482 468
TICK
H 4 5 6 29 31 33 57 59 61 85 87 89 113 115 117 141 143 145 169 171 173 189 190 191 337 339 341 312 313 314 365 367 369 393 395 397 421 423 425 449 451 453 477 479 481 499 500 501 28 30 32 34 56 58 60 62 84 86 88 90 112 114 116 118 140 142 144 146 168 170 172 174 336 338 340 342 364 366 368 370 392 394 396 398 420 422 424 426 448 450 452 454 476 478 480 482
TICK
M 4 5 6 29 31 33 57 59 61 85 87 89 113 115 117 141 143 145 169 171 173 189 190 191 337 339 341 312 313 314 365 367 369 393 395 397 421 423 425 449 451 453 477 479 481 499 500 501 28 30 32 34 56 58 60 62 84 86 88 90 112 114 116 118 140 142 144 146 168 170 172 174 336 338 340 342 364 366 368 370 392 394 396 398 420 422 424 426 448 450 452 454 476 478 480 482
TICK
#!pragma POLYGON(0,0,1,0.25) 42 70 71 43
#!pragma POLYGON(0,0,1,0.25) 15 43 44 16
#!pragma POLYGON(0,0,1,0.25) 98 126 127 99
#!pragma POLYGON(0,0,1,0.25) 71 99 100 72
#!pragma POLYGON(0,0,1,0.25) 100 128 129 101
#!pragma POLYGON(0,0,1,0.25) 73 101 102 74
#!pragma POLYGON(0,0,1,0.25) 44 72 73 45
#!pragma POLYGON(0,0,1,0.25) 17 45 46 18
#!pragma POLYGON(0,0,1,0.25) 154 175 176 155
#!pragma POLYGON(0,0,1,0.25) 127 155 156 128
#!pragma POLYGON(0,0,1,0.25) 156 177 178 157
#!pragma POLYGON(0,0,1,0.25) 129 157 158 130
#!pragma POLYGON(0,0,1,0.25) 158 179 180 159
#!pragma POLYGON(0,0,1,0.25) 131 159 160 132
#!pragma POLYGON(0,0,1,0.25) 102 130 131 103
#!pragma POLYGON(0,0,1,0.25) 75 103 104 76
#!pragma POLYGON(0,0,1,0.25) 46 74 75 47
#!pragma POLYGON(0,0,1,0.25) 19 47 48 20
#!pragma POLYGON(0,0,1,0.25) 40 68 69 41
#!pragma POLYGON(0,0,1,0.25) 13 41 42 14
#!pragma POLYGON(0,0,1,0.25) 96 124 125 97
#!pragma POLYGON(0,0,1,0.25) 69 97 98 70
#!pragma POLYGON(0,0,1,0.25) 125 153 154 126
#!pragma POLYGON(0,0,1,0.25) 36 64 65 37
#!pragma POLYGON(0,0,1,0.25) 9 37 38 10
#!pragma POLYGON(0,0,1,0.25) 38 66 67 39
#!pragma POLYGON(0,0,1,0.25) 11 39 40 12
#!pragma POLYGON(0,0,1,0.25) 7 35 36 8
#!pragma POLYGON(0,0,1,0.25) 63 91 92 64
#!pragma POLYGON(0,0,1,0.25) 92 120 121 93
#!pragma POLYGON(0,0,1,0.25) 65 93 94 66
#!pragma POLYGON(0,0,1,0.25) 94 122 123 95
#!pragma POLYGON(0,0,1,0.25) 67 95 96 68
#!pragma POLYGON(0,0,1,0.25) 119 147 148 120
#!pragma POLYGON(0,0,1,0.25) 121 149 150 122
#!pragma POLYGON(0,0,1,0.25) 123 151 152 124
#!pragma POLYGON(0,0,1,0.25) 76 48
#!pragma POLYGON(0,0,1,0.25) 132 104
#!pragma POLYGON(0,0,1,0.25) 181 160
#!pragma POLYGON(0,0,1,0.25) 211 225 226 212
#!pragma POLYGON(0,0,1,0.25) 239 253 254 240
#!pragma POLYGON(0,0,1,0.25) 267 281 282 268
#!pragma POLYGON(0,0,1,0.25) 207 221 222 208
#!pragma POLYGON(0,0,1,0.25) 209 223 224 210
#!pragma POLYGON(0,0,1,0.25) 220 234 235 221
#!pragma POLYGON(0,0,1,0.25) 235 249 250 236
#!pragma POLYGON(0,0,1,0.25) 222 236 237 223
#!pragma POLYGON(0,0,1,0.25) 237 251 252 238
#!pragma POLYGON(0,0,1,0.25) 224 238 239 225
#!pragma POLYGON(0,0,1,0.25) 248 262 263 249
#!pragma POLYGON(0,0,1,0.25) 263 277 278 264
#!pragma POLYGON(0,0,1,0.25) 250 264 265 251
#!pragma POLYGON(0,0,1,0.25) 265 279 280 266
#!pragma POLYGON(0,0,1,0.25) 252 266 267 253
#!pragma POLYGON(0,0,1,0.25) 276 290 291 277
#!pragma POLYGON(0,0,1,0.25) 278 292 293 279
#!pragma POLYGON(0,0,1,0.25) 280 294 295 281
#!pragma POLYGON(0,0,1,0.25) 291 299 292
#!pragma POLYGON(0,0,1,0.25) 306 299
#!pragma POLYGON(0,0,1,0.25) 316 317 306
#!pragma POLYGON(0,0,1,0.25) 293 301 294
#!pragma POLYGON(0,0,1,0.25) 308 301
#!pragma POLYGON(0,0,1,0.25) 318 319 308
#!pragma POLYGON(0,0,1,0.25) 295 303 296
#!pragma POLYGON(0,0,1,0.25) 310 303
#!pragma POLYGON(0,0,1,0.25) 320 321 310
#!pragma POLYGON(0,0,1,0.25) 350 378 379 351
#!pragma POLYGON(0,0,1,0.25) 323 351 352 324
#!pragma POLYGON(0,0,1,0.25) 406 434 435 407
#!pragma POLYGON(0,0,1,0.25) 379 407 408 380
#!pragma POLYGON(0,0,1,0.25) 408 436 437 409
#!pragma POLYGON(0,0,1,0.25) 381 409 410 382
#!pragma POLYGON(0,0,1,0.25) 352 380 381 353
#!pragma POLYGON(0,0,1,0.25) 325 353 354 326
#!pragma POLYGON(0,0,1,0.25) 462 489 490 463
#!pragma POLYGON(0,0,1,0.25) 435 463 464 436
#!pragma POLYGON(0,0,1,0.25) 464 491 492 465
#!pragma POLYGON(0,0,1,0.25) 437 465 466 438
#!pragma POLYGON(0,0,1,0.25) 466 493 494 467
#!pragma POLYGON(0,0,1,0.25) 439 467 468 440
#!pragma POLYGON(0,0,1,0.25) 410 438 439 411
#!pragma POLYGON(0,0,1,0.25) 383 411 412 384
#!pragma POLYGON(0,0,1,0.25) 354 382 383 355
#!pragma POLYGON(0,0,1,0.25) 327 355 356 328
#!pragma POLYGON(0,0,1,0.25) 348 376 377 349
#!pragma POLYGON(0,0,1,0.25) 321 349 350 322
#!pragma POLYGON(0,0,1,0.25) 404 432 433 405
#!pragma POLYGON(0,0,1,0.25) 377 405 406 378
#!pragma POLYGON(0,0,1,0.25) 460 487 488 461
#!pragma POLYGON(0,0,1,0.25) 433 461 462 434
#!pragma POLYGON(0,0,1,0.25) 344 372 373 345
#!pragma POLYGON(0,0,1,0.25) 317 345 346 318
#!pragma POLYGON(0,0,1,0.25) 346 374 375 347
#!pragma POLYGON(0,0,1,0.25) 319 347 348 320
#!pragma POLYGON(0,0,1,0.25) 315 343 344 316
#!pragma POLYGON(0,0,1,0.25) 371 399 400 372
#!pragma POLYGON(0,0,1,0.25) 400 428 429 401
#!pragma POLYGON(0,0,1,0.25) 373 401 402 374
#!pragma POLYGON(0,0,1,0.25) 402 430 431 403
#!pragma POLYGON(0,0,1,0.25) 375 403 404 376
#!pragma POLYGON(0,0,1,0.25) 427 455 456 428
#!pragma POLYGON(0,0,1,0.25) 456 483 484 457
#!pragma POLYGON(0,0,1,0.25) 429 457 458 430
#!pragma POLYGON(0,0,1,0.25) 458 485 486 459
#!pragma POLYGON(0,0,1,0.25) 431 459 460 432
#!pragma POLYGON(0,0,1,0.25) 384 356
#!pragma POLYGON(0,0,1,0.25) 440 412
#!pragma POLYGON(0,0,1,0.25) 495 468
#!pragma POLYGON(0,0,1,0.25) 192 206 207 193
#!pragma POLYGON(0,0,1,0.25) 194 208 209 195
#!pragma POLYGON(0,0,1,0.25) 196 210 211 197
#!pragma POLYGON(0,0,1,0.25) 148 162 149
#!pragma POLYGON(0,0,1,0.25) 183 162
#!pragma POLYGON(0,0,1,0.25) 193 194 183
#!pragma POLYGON(0,0,1,0.25) 150 164 151
#!pragma POLYGON(0,0,1,0.25) 185 164
#!pragma POLYGON(0,0,1,0.25) 195 196 185
#!pragma POLYGON(0,0,1,0.25) 152 166 153
#!pragma POLYGON(0,0,1,0.25) 187 166
#!pragma POLYGON(0,0,1,0.25) 197 198 187
#!pragma POLYGON(1,0,0,0.25) 14 42 43 15
#!pragma POLYGON(1,0,0,0.25) 43 71 72 44
#!pragma POLYGON(1,0,0,0.25) 70 98 99 71
#!pragma POLYGON(1,0,0,0.25) 99 127 128 100
#!pragma POLYGON(1,0,0,0.25) 72 100 101 73
#!pragma POLYGON(1,0,0,0.25) 101 129 130 102
#!pragma POLYGON(1,0,0,0.25) 16 44 45 17
#!pragma POLYGON(1,0,0,0.25) 45 73 74 46
#!pragma POLYGON(1,0,0,0.25) 126 154 155 127
#!pragma POLYGON(1,0,0,0.25) 155 176 177 156
#!pragma POLYGON(1,0,0,0.25) 128 156 157 129
#!pragma POLYGON(1,0,0,0.25) 157 178 179 158
#!pragma POLYGON(1,0,0,0.25) 130 158 159 131
#!pragma POLYGON(1,0,0,0.25) 159 180 181 160
#!pragma POLYGON(1,0,0,0.25) 74 102 103 75
#!pragma POLYGON(1,0,0,0.25) 103 131 132 104
#!pragma POLYGON(1,0,0,0.25) 18 46 47 19
#!pragma POLYGON(1,0,0,0.25) 47 75 76 48
#!pragma POLYGON(1,0,0,0.25) 12 40 41 13
#!pragma POLYGON(1,0,0,0.25) 41 69 70 42
#!pragma POLYGON(1,0,0,0.25) 68 96 97 69
#!pragma POLYGON(1,0,0,0.25) 97 125 126 98
#!pragma POLYGON(1,0,0,0.25) 124 152 153 125
#!pragma POLYGON(1,0,0,0.25) 8 36 37 9
#!pragma POLYGON(1,0,0,0.25) 37 65 66 38
#!pragma POLYGON(1,0,0,0.25) 10 38 39 11
#!pragma POLYGON(1,0,0,0.25) 39 67 68 40
#!pragma POLYGON(1,0,0,0.25) 35 63 64 36
#!pragma POLYGON(1,0,0,0.25) 91 119 120 92
#!pragma POLYGON(1,0,0,0.25) 64 92 93 65
#!pragma POLYGON(1,0,0,0.25) 93 121 122 94
#!pragma POLYGON(1,0,0,0.25) 66 94 95 67
#!pragma POLYGON(1,0,0,0.25) 95 123 124 96
#!pragma POLYGON(1,0,0,0.25) 120 148 149 121
#!pragma POLYGON(1,0,0,0.25) 122 150 151 123
#!pragma POLYGON(1,0,0,0.25) 35 7
#!pragma POLYGON(1,0,0,0.25) 7 8
#!pragma POLYGON(1,0,0,0.25) 9 10
#!pragma POLYGON(1,0,0,0.25) 11 12
#!pragma POLYGON(1,0,0,0.25) 13 14
#!pragma POLYGON(1,0,0,0.25) 15 16
#!pragma POLYGON(1,0,0,0.25) 17 18
#!pragma POLYGON(1,0,0,0.25) 19 20
#!pragma POLYGON(1,0,0,0.25) 179 180
#!pragma POLYGON(1,0,0,0.25) 177 178
#!pragma POLYGON(1,0,0,0.25) 175 176
#!pragma POLYGON(1,0,0,0.25) 225 239 240 226
#!pragma POLYGON(1,0,0,0.25) 253 267 268 254
#!pragma POLYGON(1,0,0,0.25) 208 222 223 209
#!pragma POLYGON(1,0,0,0.25) 210 224 225 211
#!pragma POLYGON(1,0,0,0.25) 206 220 221 207
#!pragma POLYGON(1,0,0,0.25) 234 248 249 235
#!pragma POLYGON(1,0,0,0.25) 221 235 236 222
#!pragma POLYGON(1,0,0,0.25) 236 250 251 237
#!pragma POLYGON(1,0,0,0.25) 223 237 238 224
#!pragma POLYGON(1,0,0,0.25) 238 252 253 239
#!pragma POLYGON(1,0,0,0.25) 262 276 277 263
#!pragma POLYGON(1,0,0,0.25) 249 263 264 250
#!pragma POLYGON(1,0,0,0.25) 264 278 279 265
#!pragma POLYGON(1,0,0,0.25) 251 265 266 252
#!pragma POLYGON(1,0,0,0.25) 266 280 281 267
#!pragma POLYGON(1,0,0,0.25) 277 291 292 278
#!pragma POLYGON(1,0,0,0.25) 279 293 294 280
#!pragma POLYGON(1,0,0,0.25) 281 295 296 282
#!pragma POLYGON(1,0,0,0.25) 322 350 351 323
#!pragma POLYGON(1,0,0,0.25) 351 379 380 352
#!pragma POLYGON(1,0,0,0.25) 378 406 407 379
#!pragma POLYGON(1,0,0,0.25) 407 435 436 408
#!pragma POLYGON(1,0,0,0.25) 380 408 409 381
#!pragma POLYGON(1,0,0,0.25) 409 437 438 410
#!pragma POLYGON(1,0,0,0.25) 324 352 353 325
#!pragma POLYGON(1,0,0,0.25) 353 381 382 354
#!pragma POLYGON(1,0,0,0.25) 434 462 463 435
#!pragma POLYGON(1,0,0,0.25) 463 490 491 464
#!pragma POLYGON(1,0,0,0.25) 436 464 465 437
#!pragma POLYGON(1,0,0,0.25) 465 492 493 466
#!pragma POLYGON(1,0,0,0.25) 438 466 467 439
#!pragma POLYGON(1,0,0,0.25) 467 494 495 468
#!pragma POLYGON(1,0,0,0.25) 382 410 411 383
#!pragma POLYGON(1,0,0,0.25) 411 439 440 412
#!pragma POLYGON(1,0,0,0.25) 326 354 355 327
#!pragma POLYGON(1,0,0,0.25) 355 383 384 356
#!pragma POLYGON(1,0,0,0.25) 320 348 349 321
#!pragma POLYGON(1,0,0,0.25) 349 377 378 350
#!pragma POLYGON(1,0,0,0.25) 376 404 405 377
#!pragma POLYGON(1,0,0,0.25) 405 433 434 406
#!pragma POLYGON(1,0,0,0.25) 432 460 461 433
#!pragma POLYGON(1,0,0,0.25) 461 488 489 462
#!pragma POLYGON(1,0,0,0.25) 316 344 345 317
#!pragma POLYGON(1,0,0,0.25) 345 373 374 346
#!pragma POLYGON(1,0,0,0.25) 318 346 347 319
#!pragma POLYGON(1,0,0,0.25) 347 375 376 348
#!pragma POLYGON(1,0,0,0.25) 343 371 372 344
#!pragma POLYGON(1,0,0,0.25) 399 427 428 400
#!pragma POLYGON(1,0,0,0.25) 372 400 401 373
#!pragma POLYGON(1,0,0,0.25) 401 429 430 402
#!pragma POLYGON(1,0,0,0.25) 374 402 403 375
#!pragma POLYGON(1,0,0,0.25) 403 431 432 404
#!pragma POLYGON(1,0,0,0.25) 428 456 457 429
#!pragma POLYGON(1,0,0,0.25) 457 484 485 458
#!pragma POLYGON(1,0,0,0.25) 430 458 459 431
#!pragma POLYGON(1,0,0,0.25) 459 486 487 460
#!pragma POLYGON(1,0,0,0.25) 343 315
#!pragma POLYGON(1,0,0,0.25) 91 63
#!pragma POLYGON(1,0,0,0.25) 147 119
#!pragma POLYGON(1,0,0,0.25) 234 220
#!pragma POLYGON(1,0,0,0.25) 262 248
#!pragma POLYGON(1,0,0,0.25) 290 276
#!pragma POLYGON(1,0,0,0.25) 399 371
#!pragma POLYGON(1,0,0,0.25) 455 427
#!pragma POLYGON(1,0,0,0.25) 455 483 456
#!pragma POLYGON(1,0,0,0.25) 483 484
#!pragma POLYGON(1,0,0,0.25) 485 486
#!pragma POLYGON(1,0,0,0.25) 487 488
#!pragma POLYGON(1,0,0,0.25) 489 490
#!pragma POLYGON(1,0,0,0.25) 491 492
#!pragma POLYGON(1,0,0,0.25) 493 494
#!pragma POLYGON(1,0,0,0.25) 327 328
#!pragma POLYGON(1,0,0,0.25) 325 326
#!pragma POLYGON(1,0,0,0.25) 323 324
#!pragma POLYGON(1,0,0,0.25) 282 268
#!pragma POLYGON(1,0,0,0.25) 254 240
#!pragma POLYGON(1,0,0,0.25) 226 212
#!pragma POLYGON(1,0,0,0.25) 193 207 208 194
#!pragma POLYGON(1,0,0,0.25) 195 209 210 196
#!pragma POLYGON(1,0,0,0.25) 197 211 212 198
#!pragma POLYGON(1,0,0,0.25) 206 192
#!pragma POLYGON(1,0,0,0.25) 153 167 154
#!pragma POLYGON(1,0,0,0.25) 188 167
#!pragma POLYGON(1,0,0,0.25) 198 188
#!pragma POLYGON(1,0,0,0.25) 188 175
#!pragma POLYGON(1,0,0,0.25) 147 161 148
#!pragma POLYGON(1,0,0,0.25) 182 161
#!pragma POLYGON(1,0,0,0.25) 192 193 182
#!pragma POLYGON(1,0,0,0.25) 151 165 152
#!pragma POLYGON(1,0,0,0.25) 186 165
#!pragma POLYGON(1,0,0,0.25) 196 197 186
#!pragma POLYGON(1,0,0,0.25) 149 163 150
#!pragma POLYGON(1,0,0,0.25) 184 163
#!pragma POLYGON(1,0,0,0.25) 194 195 184
#!pragma POLYGON(1,0,0,0.25) 290 298 291
#!pragma POLYGON(1,0,0,0.25) 305 298
#!pragma POLYGON(1,0,0,0.25) 315 316 305
#!pragma POLYGON(1,0,0,0.25) 292 300 293
#!pragma POLYGON(1,0,0,0.25) 307 300
#!pragma POLYGON(1,0,0,0.25) 317 318 307
#!pragma POLYGON(1,0,0,0.25) 294 302 295
#!pragma POLYGON(1,0,0,0.25) 309 302
#!pragma POLYGON(1,0,0,0.25) 319 320 309
#!pragma POLYGON(1,0,0,0.25) 311 304
#!pragma POLYGON(1,0,0,0.25) 321 322 311
#!pragma POLYGON(1,0,0,0.25) 296 304
TICK
R 7 8 9 10 11 12 13 35 36 37 38 39 40 41 63 64 65 66 67 68 69 91 92 93 94 95 96 97 119 120 121 122 123 124 125 147 148 149 150 151 152 153 206 207 208 209 210 211 212 220 221 222 223 224 225 226 234 235 236 237 238 239 240 248 249 250 251 252 253 254 262 263 264 265 266 267 268 276 277 278 279 280 281 282 290 291 292 293 294 295 296 315 316 317 318 319 320 321 343 344 345 346 347 348 349 371 372 373 374 375 376 377 399 400 401 402 403 404 405 427 428 429 430 431 432 433 455 456 457 458 459 460 461 483 484 485 486 487 488 192 193 194 195 196 197 198
TICK
R 0 1 2 3 4 5 6 21 23 25 27 29 31 33 49 51 53 55 57 59 61 77 79 81 83 85 87 89 105 107 109 111 113 115 117 133 135 137 139 141 143 145 169 171 173 189 190 191 329 331 333 335 337 339 341 312 313 314 357 359 361 363 365 367 369 385 387 389 391 393 395 397 413 415 417 419 421 423 425 441 443 445 447 449 451 453 469 471 473 475 477 479 481 496 497 498 499 500 501 22 24 26 28 30 32 34 50 52 54 56 58 60 62 78 80 82 84 86 88 90 106 108 110 112 114 116 118 134 136 138 140 142 144 146 168 170 172 174 330 332 334 336 338 340 342 358 360 362 364 366 368 370 386 388 390 392 394 396 398 414 416 418 420 422 424 426 442 444 446 448 450 452 454 470 472 474 476 478 480 482 213 215 217 219 227 229 231 233 241 243 245 247 255 257 259 261 269 271 273 275 283 285 287 289 228 256 284 214 242 270 230 258 286 216 244 272 232 260 288 218 246 274 299 301 303 306 308 310 200 201 202 203 204 205 162 164 166 183 185 187 167 188 199 161 163 165 182 184 186 298 300 302 304 305 307 309 311
TICK
H 0 1 2 3 4 5 6 21 23 25 27 29 31 33 49 51 53 55 57 59 61 77 79 81 83 85 87 89 105 107 109 111 113 115 117 133 135 137 139 141 143 145 169 171 173 189 190 191 329 331 333 335 337 339 341 312 313 314 357 359 361 363 365 367 369 385 387 389 391 393 395 397 413 415 417 419 421 423 425 441 443 445 447 449 451 453 469 471 473 475 477 479 481 496 497 498 499 500 501 22 24 26 28 30 32 34 50 52 54 56 58 60 62 78 80 82 84 86 88 90 106 108 110 112 114 116 118 134 136 138 140 142 144 146 168 170 172 174 330 332 334 336 338 340 342 358 360 362 364 366 368 370 386 388 390 392 394 396 398 414 416 418 420 422 424 426 442 444 446 448 450 452 454 470 472 474 476 478 480 482 213 215 217 219 227 229 231 233 241 243 245 247 255 257 259 261 269 271 273 275 283 285 287 289 228 256 284 214 242 270 230 258 286 216 244 272 232 260 288 218 246 274 299 301 303 306 308 310 200 201 202 203 204 205 162 164 166 167 199 161 163 165 298 300 302 304 305 307 309 311
TICK
CX 0 7 1 9 2 11 3 13 4 15 5 17 6 19 23 36 25 38 27 40 29 42 31 44 33 46 49 63 51 65 53 67 55 69 57 71 59 73 61 75 79 92 81 94 83 96 85 98 87 100 89 102 105 119 107 121 109 123 111 125 113 127 115 129 117 131 135 148 137 150 139 152 141 154 143 156 145 158 169 176 171 178 173 180 331 344 333 346 335 348 337 350 339 352 341 354 312 323 313 325 314 327 357 371 359 373 361 375 363 377 365 379 367 381 369 383 387 400 389 402 391 404 393 406 395 408 397 410 413 427 415 429 417 431 419 433 421 435 423 437 425 439 443 456 445 458 447 460 449 462 451 464 453 466 471 484 473 486 475 488 477 490 479 492 481 494 213 206 215 208 217 210 219 212 229 221 231 223 233 225 241 234 243 236 245 238 247 240 257 249 259 251 261 253 269 262 271 264 273 266 275 268 285 277 287 279 289 281 162 183 164 185 166 187 201 193 203 195 205 197 167 188 161 182 163 184 165 186 298 290 300 292 302 294 304 296 305 315 307 317 309 319 311 321
CZ 22 35 24 37 26 39 28 41 30 43 32 45 34 47 50 64 52 66 54 68 56 70 58 72 60 74 62 76 78 91 80 93 82 95 84 97 86 99 88 101 90 103 106 120 108 122 110 124 112 126 114 128 116 130 118 132 134 147 136 149 138 151 140 153 142 155 144 157 146 159 168 175 170 177 172 179 174 181 330 343 332 345 334 347 336 349 338 351 340 353 342 355 358 372 360 374 362 376 364 378 366 380 368 382 370 384 386 399 388 401 390 403 392 405 394 407 396 409 398 411 414 428 416 430 418 432 420 434 422 436 424 438 426 440 442 455 444 457 446 459 448 461 450 463 452 465 454 467 470 483 472 485 474 487 476 489 478 491 480 493 482 495 228 220 256 248 284 276 214 207 242 235 270 263 230 222 258 250 286 278 216 209 244 237 272 265 232 224 260 252 288 280 218 211 246 239 274 267 299 291 301 293 303 295 306 316 308 318 310 320 200 192 202 194 204 196
TICK
CX 0 8 1 10 2 12 3 14 4 16 5 18 6 20 21 35 23 37 25 39 27 41 29 43 31 45 33 47 49 64 51 66 53 68 55 70 57 72 59 74 61 76 77 91 79 93 81 95 83 97 85 99 87 101 89 103 105 120 107 122 109 124 111 126 113 128 115 130 117 132 133 147 135 149 137 151 139 153 141 155 143 157 145 159 169 177 171 179 173 181 329 343 331 345 333 347 335 349 337 351 339 353 341 355 312 324 313 326 314 328 357 372 359 374 361 376 363 378 365 380 367 382 369 384 385 399 387 401 389 403 391 405 393 407 395 409 397 411 413 428 415 430 417 432 419 434 421 436 423 438 425 440 441 455 443 457 445 459 447 461 449 463 451 465 453 467 469 483 471 485 473 487 475 489 477 491 479 493 481 495 213 220 215 222 217 224 219 226 229 235 231 237 233 239 241 248 243 250 245 252 247 254 257 263 259 265 261 267 269 276 271 278 273 280 275 282 285 291 287 293 289 295 201 207 203 209 205 211 188 198 182 192 184 194 186 196 305 316 307 318 309 320 311 322
CZ 22 7 24 9 26 11 28 13 30 15 32 17 34 19 50 36 52 38 54 40 56 42 58 44 60 46 62 48 78 63 80 65 82 67 84 69 86 71 88 73 90 75 106 92 108 94 110 96 112 98 114 100 116 102 118 104 134 119 136 121 138 123 140 125 142 127 144 129 146 131 168 154 170 156 172 158 174 160 330 315 332 317 334 319 336 321 338 323 340 325 342 327 358 344 360 346 362 348 364 350 366 352 368 354 370 356 386 371 388 373 390 375 392 377 394 379 396 381 398 383 414 400 416 402 418 404 420 406 422 408 424 410 426 412 442 427 444 429 446 431 448 433 450 435 452 437 454 439 470 456 472 458 474 460 476 462 478 464 480 466 482 468 228 221 256 249 284 277 214 208 242 236 270 264 230 223 258 251 286 279 216 210 244 238 272 266 232 225 260 253 288 281 218 212 246 240 274 268 299 292 301 294 303 296 200 193 202 195 204 197 162 148 164 150 166 152
TICK
CX 23 8 25 10 27 12 29 14 31 16 33 18 49 35 51 37 53 39 55 41 57 43 59 45 61 47 79 64 81 66 83 68 85 70 87 72 89 74 105 91 107 93 109 95 111 97 113 99 115 101 117 103 135 120 137 122 139 124 141 126 143 128 145 130 169 155 171 157 173 159 189 175 190 177 191 179 331 316 333 318 335 320 337 322 339 324 341 326 357 343 359 345 361 347 363 349 365 351 367 353 369 355 387 372 389 374 391 376 393 378 395 380 397 382 413 399 415 401 417 403 419 405 421 407 423 409 425 411 443 428 445 430 447 432 449 434 451 436 453 438 469 455 471 457 473 459 475 461 477 463 479 465 481 467 496 483 497 485 498 487 499 489 500 491 501 493 213 207 215 209 217 211 227 220 229 222 231 224 233 226 241 235 243 237 245 239 255 248 257 250 259 252 261 254 269 263 271 265 273 267 283 276 285 278 287 280 289 282 201 194 203 196 205 198 167 153 199 192 161 147 163 149 165 151 298 291 300 293 302 295 304 297
CZ 22 36 24 38 26 40 28 42 30 44 32 46 34 48 50 65 52 67 54 69 56 71 58 73 60 75 78 92 80 94 82 96 84 98 86 100 88 102 90 104 106 121 108 123 110 125 112 127 114 129 116 131 134 148 136 150 138 152 140 154 142 156 144 158 146 160 168 176 170 178 172 180 330 344 332 346 334 348 336 350 338 352 340 354 342 356 358 373 360 375 362 377 364 379 366 381 368 383 386 400 388 402 390 404 392 406 394 408 396 410 398 412 414 429 416 431 418 433 420 435 422 437 424 439 442 456 444 458 446 460 448 462 450 464 452 466 454 468 470 484 472 486 474 488 476 490 478 492 480 494 228 234 256 262 284 290 214 221 242 249 270 277 230 236 258 264 286 292 216 223 244 251 272 279 232 238 260 266 288 294 218 225 246 253 274 281 306 317 308 319 310 321 200 206 202 208 204 210 183 193 185 195 187 197
TICK
CX 21 7 23 9 25 11 27 13 29 15 31 17 33 19 49 36 51 38 53 40 55 42 57 44 59 46 61 48 77 63 79 65 81 67 83 69 85 71 87 73 89 75 105 92 107 94 109 96 111 98 113 100 115 102 117 104 133 119 135 121 137 123 139 125 141 127 143 129 145 131 169 156 171 158 173 160 189 176 190 178 191 180 329 315 331 317 333 319 335 321 337 323 339 325 341 327 357 344 359 346 361 348 363 350 365 352 367 354 369 356 385 371 387 373 389 375 391 377 393 379 395 381 397 383 413 400 415 402 417 404 419 406 421 408 423 410 425 412 441 427 443 429 445 431 447 433 449 435 451 437 453 439 469 456 471 458 473 460 475 462 477 464 479 466 481 468 496 484 497 486 498 488 499 490 500 492 501 494 213 221 215 223 217 225 227 234 229 236 231 238 233 240 241 249 243 251 245 253 255 262 257 264 259 266 261 268 269 277 271 279 273 281 283 290 285 292 287 294 289 296 299 306 301 308 303 310 201 208 203 210 205 212 167 154 188 175 199 206 161 148 163 150 165 152 182 193 184 195 186 197 298 305 300 307 302 309 304 311
CZ 22 8 24 10 26 12 28 14 30 16 32 18 34 20 50 37 52 39 54 41 56 43 58 45 60 47 78 64 80 66 82 68 84 70 86 72 88 74 90 76 106 93 108 95 110 97 112 99 114 101 116 103 134 120 136 122 138 124 140 126 142 128 144 130 146 132 168 155 170 157 172 159 330 316 332 318 334 320 336 322 338 324 340 326 342 328 358 345 360 347 362 349 364 351 366 353 368 355 386 372 388 374 390 376 392 378 394 380 396 382 398 384 414 401 416 403 418 405 420 407 422 409 424 411 442 428 444 430 446 432 448 434 450 436 452 438 454 440 470 457 472 459 474 461 476 463 478 465 480 467 228 235 256 263 284 291 214 222 242 250 270 278 230 237 258 265 286 293 216 224 244 252 272 280 232 239 260 267 288 295 218 226 246 254 274 282 200 207 202 209 204 211 162 149 164 151 166 153 183 194 185 196 187 198
TICK
H 0 1 2 3 4 5 6 21 23 25 27 29 31 33 49 51 53 55 57 59 61 77 79 81 83 85 87 89 105 107 109 111 113 115 117 133 135 137 139 141 143 145 169 171 173 189 190 191 329 331 333 335 337 339 341 312 313 314 357 359 361 363 365 367 369 385 387 389 391 393 395 397 413 415 417 419 421 423 425 441 443 445 447 449 451 453 469 471 473 475 477 479 481 496 497 498 499 500 501 22 24 26 28 30 32 34 50 52 54 56 58 60 62 78 80 82 84 86 88 90 106 108 110 112 114 116 118 134 136 138 140 142 144 146 168 170 172 174 330 332 334 336 338 340 342 358 360 362 364 366 368 370 386 388 390 392 394 396 398 414 416 418 420 422 424 426 442 444 446 448 450 452 454 470 472 474 476 478 480 482 213 215 217 219 227 229 231 233 241 243 245 247 255 257 259 261 269 271 273 275 283 285 287 289 228 256 284 214 242 270 230 258 286 216 244 272 232 260 288 218 246 274 299 301 303 200 202 204 162 164 166 183 185 187 201 203 205 167 188 199 161 163 165 182 184 186 298 300 302 304
TICK
M 0 1 2 3 4 5 6 21 23 25 27 29 31 33 49 51 53 55 57 59 61 77 79 81 83 85 87 89 105 107 109 111 113 115 117 133 135 137 139 141 143 145 169 171 173 189 190 191 329 331 333 335 337 339 341 312 313 314 357 359 361 363 365 367 369 385 387 389 391 393 395 397 413 415 417 419 421 423 425 441 443 445 447 449 451 453 469 471 473 475 477 479 481 496 497 498 499 500 501 22 24 26 28 30 32 34 50 52 54 56 58 60 62 78 80 82 84 86 88 90 106 108 110 112 114 116 118 134 136 138 140 142 144 146 168 170 172 174 330 332 334 336 338 340 342 358 360 362 364 366 368 370 386 388 390 392 394 396 398 414 416 418 420 422 424 426 442 444 446 448 450 452 454 470 472 474 476 478 480 482 213 215 217 219 227 229 231 233 241 243 245 247 255 257 259 261 269 271 273 275 283 285 287 289 228 256 284 214 242 270 230 258 286 216 244 272 232 260 288 218 246 274 299 301 303 306 308 310 200 202 204 162 164 166 183 185 187 201 203 205 167 188 199 161 163 165 182 184 186 298 300 302 304 305 307 309 311
TICK
R 0 1 2 3 4 5 6 21 23 25 27 29 31 33 49 51 53 55 57 59 61 77 79 81 83 85 87 89 105 107 109 111 113 115 117 133 135 137 139 141 143 145 169 171 173 189 190 191 329 331 333 335 337 339 341 312 313 314 357 359 361 363 365 367 369 385 387 389 391 393 395 397 413 415 417 419 421 423 425 441 443 445 447 449 451 453 469 471 473 475 477 479 481 496 497 498 499 500 501 22 24 26 28 30 32 34 50 52 54 56 58 60 62 78 80 82 84 86 88 90 106 108 110 112 114 116 118 134 136 138 140 142 144 146 168 170 172 174 330 332 334 336 338 340 342 358 360 362 364 366 368 370 386 388 390 392 394 396 398 414 416 418 420 422 424 426 442 444 446 448 450 452 454 470 472 474 476 478 480 482 213 215 217 219 227 229 231 233 241 243 245 247 255 257 259 261 269 271 273 275 283 285 287 289 228 256 284 214 242 270 230 258 286 216 244 272 232 260 288 218 246 274 299 301 303 306 308 310 200 202 204 162 164 166 183 185 187 201 203 205 167 188 199 161 163 165 182 184 186 298 300 302 304 305 307 309 311
TICK
H 0 1 2 3 4 5 6 21 23 25 27 29 31 33 49 51 53 55 57 59 61 77 79 81 83 85 87 89 105 107 109 111 113 115 117 133 135 137 139 141 143 145 169 171 173 189 190 191 329 331 333 335 337 339 341 312 313 314 357 359 361 363 365 367 369 385 387 389 391 393 395 397 413 415 417 419 421 423 425 441 443 445 447 449 451 453 469 471 473 475 477 479 481 496 497 498 499 500 501 22 24 26 28 30 32 34 50 52 54 56 58 60 62 78 80 82 84 86 88 90 106 108 110 112 114 116 118 134 136 138 140 142 144 146 168 170 172 174 330 332 334 336 338 340 342 358 360 362 364 366 368 370 386 388 390 392 394 396 398 414 416 418 420 422 424 426 442 444 446 448 450 452 454 470 472 474 476 478 480 482 213 215 217 219 227 229 231 233 241 243 245 247 255 257 259 261 269 271 273 275 283 285 287 289 228 256 284 214 242 270 230 258 286 216 244 272 232 260 288 218 246 274 299 301 303 306 308 310 200 202 204 162 164 166 201 203 205 167 199 161 163 165 298 300 302 304 305 307 309 311
TICK
CX 0 8 1 10 2 12 3 14 4 16 5 18 6 20 21 35 23 37 25 39 27 41 29 43 31 45 33 47 49 64 51 66 53 68 55 70 57 72 59 74 61 76 77 91 79 93 81 95 83 97 85 99 87 101 89 103 105 120 107 122 109 124 111 126 113 128 115 130 117 132 133 147 135 149 137 151 139 153 141 155 143 157 145 159 169 177 171 179 173 181 329 343 331 345 333 347 335 349 337 351 339 353 341 355 312 324 313 326 314 328 357 372 359 374 361 376 363 378 365 380 367 382 369 384 385 399 387 401 389 403 391 405 393 407 395 409 397 411 413 428 415 430 417 432 419 434 421 436 423 438 425 440 441 455 443 457 445 459 447 461 449 463 451 465 453 467 469 483 471 485 473 487 475 489 477 491 479 493 481 495 213 207 215 209 217 211 227 220 229 222 231 224 233 226 241 235 243 237 245 239 255 248 257 250 259 252 261 254 269 263 271 265 273 267 283 276 285 278 287 280 289 282 201 194 203 196 205 198 162 183 164 185 166 187 167 188 199 192 161 182 163 184 165 186 298 291 300 293 302 295 304 297 305 316 307 318 309 320 311 322
CZ 22 36 24 38 26 40 28 42 30 44 32 46 34 48 50 65 52 67 54 69 56 71 58 73 60 75 78 92 80 94 82 96 84 98 86 100 88 102 90 104 106 121 108 123 110 125 112 127 114 129 116 131 134 148 136 150 138 152 140 154 142 156 144 158 146 160 168 176 170 178 172 180 330 344 332 346 334 348 336 350 338 352 340 354 342 356 358 373 360 375 362 377 364 379 366 381 368 383 386 400 388 402 390 404 392 406 394 408 396 410 398 412 414 429 416 431 418 433 420 435 422 437 424 439 442 456 444 458 446 460 448 462 450 464 452 466 454 468 470 484 472 486 474 488 476 490 478 492 480 494 228 221 256 249 284 277 214 208 242 236 270 264 230 223 258 251 286 279 216 210 244 238 272 266 232 225 260 253 288 281 218 212 246 240 274 268 299 292 301 294 303 296 306 317 308 319 310 321 200 193 202 195 204 197
TICK
CX 0 7 1 9 2 11 3 13 4 15 5 17 6 19 23 36 25 38 27 40 29 42 31 44 33 46 49 63 51 65 53 67 55 69 57 71 59 73 61 75 79 92 81 94 83 96 85 98 87 100 89 102 105 119 107 121 109 123 111 125 113 127 115 129 117 131 135 148 137 150 139 152 141 154 143 156 145 158 169 176 171 178 173 180 331 344 333 346 335 348 337 350 339 352 341 354 312 323 313 325 314 327 357 371 359 373 361 375 363 377 365 379 367 381 369 383 387 400 389 402 391 404 393 406 395 408 397 410 413 427 415 429 417 431 419 433 421 435 423 437 425 439 443 456 445 458 447 460 449 462 451 464 453 466 471 484 473 486 475 488 477 490 479 492 481 494 213 221 215 223 217 225 227 234 229 236 231 238 233 240 241 249 243 251 245 253 255 262 257 264 259 266 261 268 269 277 271 279 273 281 283 290 285 292 287 294 289 296 201 208 203 210 205 212 188 175 199 206 182 193 184 195 186 197 305 315 307 317 309 319 311 321
CZ 22 8 24 10 26 12 28 14 30 16 32 18 34 20 50 37 52 39 54 41 56 43 58 45 60 47 78 64 80 66 82 68 84 70 86 72 88 74 90 76 106 93 108 95 110 97 112 99 114 101 116 103 134 120 136 122 138 124 140 126 142 128 144 130 146 132 168 155 170 157 172 159 330 316 332 318 334 320 336 322 338 324 340 326 342 328 358 345 360 347 362 349 364 351 366 353 368 355 386 372 388 374 390 376 392 378 394 380 396 382 398 384 414 401 416 403 418 405 420 407 422 409 424 411 442 428 444 430 446 432 448 434 450 436 452 438 454 440 470 457 472 459 474 461 476 463 478 465 480 467 228 220 256 248 284 276 200 192 214 207 242 235 270 263 202 194 230 222 258 250 286 278 216 209 244 237 272 265 204 196 232 224 260 252 288 280 218 211 246 239 274 267 303 295 301 293 299 291 162 149 164 151 166 153
TICK
CX 21 7 23 9 25 11 27 13 29 15 31 17 33 19 49 36 51 38 53 40 55 42 57 44 59 46 61 48 77 63 79 65 81 67 83 69 85 71 87 73 89 75 105 92 107 94 109 96 111 98 113 100 115 102 117 104 133 119 135 121 137 123 139 125 141 127 143 129 145 131 169 156 171 158 173 160 189 176 190 178 191 180 329 315 331 317 333 319 335 321 337 323 339 325 341 327 357 344 359 346 361 348 363 350 365 352 367 354 369 356 385 371 387 373 389 375 391 377 393 379 395 381 397 383 413 400 415 402 417 404 419 406 421 408 423 410 425 412 441 427 443 429 445 431 447 433 449 435 451 437 453 439 469 456 471 458 473 460 475 462 477 464 479 466 481 468 496 484 497 486 498 488 499 490 500 492 501 494 213 206 215 208 217 210 219 212 229 221 231 223 233 225 241 234 243 236 245 238 247 240 257 249 259 251 261 253 269 262 271 264 273 266 275 268 285 277 287 279 289 281 201 193 203 195 205 197 167 154 161 148 163 150 165 152 298 290 300 292 302 294 304 296
CZ 22 35 24 37 26 39 28 41 30 43 32 45 34 47 50 64 52 66 54 68 56 70 58 72 60 74 62 76 78 91 80 93 82 95 84 97 86 99 88 101 90 103 106 120 108 122 110 124 112 126 114 128 116 130 118 132 134 147 136 149 138 151 140 153 142 155 144 157 146 159 168 175 170 177 172 179 174 181 330 343 332 345 334 347 336 349 338 351 340 353 342 355 358 372 360 374 362 376 364 378 366 380 368 382 370 384 386 399 388 401 390 403 392 405 394 407 396 409 398 411 414 428 416 430 418 432 420 434 422 436 424 438 426 440 442 455 444 457 446 459 448 461 450 463 452 465 454 467 470 483 472 485 474 487 476 489 478 491 480 493 482 495 306 316 308 318 310 320 228 235 256 263 284 291 200 207 214 222 242 250 270 278 202 209 230 237 258 265 286 293 216 224 244 252 272 280 204 211 232 239 260 267 288 295 218 226 246 254 274 282 183 194 185 196 187 198
TICK
CX 23 8 25 10 27 12 29 14 31 16 33 18 49 35 51 37 53 39 55 41 57 43 59 45 61 47 79 64 81 66 83 68 85 70 87 72 89 74 105 91 107 93 109 95 111 97 113 99 115 101 117 103 135 120 137 122 139 124 141 126 143 128 145 130 169 155 171 157 173 159 189 175 190 177 191 179 331 316 333 318 335 320 337 322 339 324 341 326 357 343 359 345 361 347 363 349 365 351 367 353 369 355 387 372 389 374 391 376 393 378 395 380 397 382 413 399 415 401 417 403 419 405 421 407 423 409 425 411 443 428 445 430 447 432 449 434 451 436 453 438 469 455 471 457 473 459 475 461 477 463 479 465 481 467 496 483 497 485 498 487 499 489 500 491 501 493 213 220 215 222 217 224 219 226 229 235 231 237 233 239 241 248 243 250 245 252 247 254 257 263 259 265 261 267 269 276 271 278 273 280 275 282 285 291 287 293 289 295 299 306 301 308 303 310 201 207 203 209 205 211 167 153 188 198 161 147 163 149 165 151 182 192 184 194 186 196 298 305 300 307 302 309 304 311
CZ 22 7 24 9 26 11 28 13 30 15 32 17 34 19 50 36 52 38 54 40 56 42 58 44 60 46 62 48 78 63 80 65 82 67 84 69 86 71 88 73 90 75 106 92 108 94 110 96 112 98 114 100 116 102 118 104 134 119 136 121 138 123 140 125 142 127 144 129 146 131 168 154 170 156 172 158 174 160 330 315 332 317 334 319 336 321 338 323 340 325 342 327 358 344 360 346 362 348 364 350 366 352 368 354 370 356 386 371 388 373 390 375 392 377 394 379 396 381 398 383 414 400 416 402 418 404 420 406 422 408 424 410 426 412 442 427 444 429 446 431 448 433 450 435 452 437 454 439 470 456 472 458 474 460 476 462 478 464 480 466 482 468 228 234 256 262 284 290 214 221 242 249 270 277 230 236 258 264 286 292 216 223 244 251 272 279 232 238 260 266 288 294 218 225 246 253 274 281 200 206 202 208 204 210 162 148 164 150 166 152 183 193 185 195 187 197
TICK
H 0 1 2 3 4 5 6 21 23 25 27 29 31 33 49 51 53 55 57 59 61 77 79 81 83 85 87 89 105 107 109 111 113 115 117 133 135 137 139 141 143 145 169 171 173 189 190 191 329 331 333 335 337 339 341 312 313 314 357 359 361 363 365 367 369 385 387 389 391 393 395 397 413 415 417 419 421 423 425 441 443 445 447 449 451 453 469 471 473 475 477 479 481 496 497 498 499 500 501 22 24 26 28 30 32 34 50 52 54 56 58 60 62 78 80 82 84 86 88 90 106 108 110 112 114 116 118 134 136 138 140 142 144 146 168 170 172 174 330 332 334 336 338 340 342 358 360 362 364 366 368 370 386 388 390 392 394 396 398 414 416 418 420 422 424 426 442 444 446 448 450 452 454 470 472 474 476 478 480 482 213 215 217 219 227 229 231 233 241 243 245 247 255 257 259 261 269 271 273 275 283 285 287 289 228 256 284 214 242 270 230 258 286 216 244 272 232 260 288 218 246 274 299 301 303 200 202 204 162 164 166 183 185 187 201 203 205 167 188 199 161 163 165 182 184 186 298 300 302 304
TICK
M 0 1 2 3 4 5 6 21 23 25 27 29 31 33 49 51 53 55 57 59 61 77 79 81 83 85 87 89 105 107 109 111 113 115 117 133 135 137 139 141 143 145 169 171 173 189 190 191 329 331 333 335 337 339 341 312 313 314 357 359 361 363 365 367 369 385 387 389 391 393 395 397 413 415 417 419 421 423 425 441 443 445 447 449 451 453 469 471 473 475 477 479 481 496 497 498 499 500 501 22 24 26 28 30 32 34 50 52 54 56 58 60 62 78 80 82 84 86 88 90 106 108 110 112 114 116 118 134 136 138 140 142 144 146 168 170 172 174 330 332 334 336 338 340 342 358 360 362 364 366 368 370 386 388 390 392 394 396 398 414 416 418 420 422 424 426 442 444 446 448 450 452 454 470 472 474 476 478 480 482 213 215 217 219 227 229 231 233 241 243 245 247 255 257 259 261 269 271 273 275 283 285 287 289 228 256 284 214 242 270 230 258 286 216 244 272 232 260 288 218 246 274 299 301 303 306 308 310 200 202 204 162 164 166 183 185 187 201 203 205 167 188 199 161 163 165 182 184 186 298 300 302 304 305 307 309 311
TICK
R 0 1 2 3 4 5 6 21 23 25 27 29 31 33 49 51 53 55 57 59 61 77 79 81 83 85 87 89 105 107 109 111 113 115 117 133 135 137 139 141 143 145 169 171 173 189 190 191 329 331 333 335 337 339 341 312 313 314 357 359 361 363 365 367 369 385 387 389 391 393 395 397 413 415 417 419 421 423 425 441 443 445 447 449 451 453 469 471 473 475 477 479 481 496 497 498 499 500 501 22 24 26 28 30 32 34 50 52 54 56 58 60 62 78 80 82 84 86 88 90 106 108 110 112 114 116 118 134 136 138 140 142 144 146 168 170 172 174 330 332 334 336 338 340 342 358 360 362 364 366 368 370 386 388 390 392 394 396 398 414 416 418 420 422 424 426 442 444 446 448 450 452 454 470 472 474 476 478 480 482 213 215 217 219 227 229 231 233 241 243 245 247 255 257 259 261 269 271 273 275 283 285 287 289 228 256 284 214 242 270 230 258 286 216 244 272 232 260 288 218 246 274 299 301 303 306 308 310 200 201 202 203 204 205 162 164 166 183 185 187 167 188 199 161 163 165 182 184 186 298 300 302 304 305 307 309 311
TICK
H 0 1 2 3 4 5 6 21 23 25 27 29 31 33 49 51 53 55 57 59 61 77 79 81 83 85 87 89 105 107 109 111 113 115 117 133 135 137 139 141 143 145 169 171 173 189 190 191 329 331 333 335 337 339 341 312 313 314 357 359 361 363 365 367 369 385 387 389 391 393 395 397 413 415 417 419 421 423 425 441 443 445 447 449 451 453 469 471 473 475 477 479 481 496 497 498 499 500 501 22 24 26 28 30 32 34 50 52 54 56 58 60 62 78 80 82 84 86 88 90 106 108 110 112 114 116 118 134 136 138 140 142 144 146 168 170 172 174 330 332 334 336 338 340 342 358 360 362 364 366 368 370 386 388 390 392 394 396 398 414 416 418 420 422 424 426 442 444 446 448 450 452 454 470 472 474 476 478 480 482 213 215 217 219 227 229 231 233 241 243 245 247 255 257 259 261 269 271 273 275 283 285 287 289 228 256 284 214 242 270 230 258 286 216 244 272 232 260 288 218 246 274 299 301 303 306 308 310 200 201 202 203 204 205 162 164 166 167 199 161 163 165 298 300 302 304 305 307 309 311
TICK
CX 0 7 1 9 2 11 3 13 4 15 5 17 6 19 23 36 25 38 27 40 29 42 31 44 33 46 49 63 51 65 53 67 55 69 57 71 59 73 61 75 79 92 81 94 83 96 85 98 87 100 89 102 105 119 107 121 109 123 111 125 113 127 115 129 117 131 135 148 137 150 139 152 141 154 143 156 145 158 169 176 171 178 173 180 331 344 333 346 335 348 337 350 339 352 341 354 312 323 313 325 314 327 357 371 359 373 361 375 363 377 365 379 367 381 369 383 387 400 389 402 391 404 393 406 395 408 397 410 413 427 415 429 417 431 419 433 421 435 423 437 425 439 443 456 445 458 447 460 449 462 451 464 453 466 471 484 473 486 475 488 477 490 479 492 481 494 213 206 215 208 217 210 219 212 229 221 231 223 233 225 241 234 243 236 245 238 247 240 257 249 259 251 261 253 269 262 271 264 273 266 275 268 285 277 287 279 289 281 162 183 164 185 166 187 201 193 203 195 205 197 167 188 161 182 163 184 165 186 298 290 300 292 302 294 304 296 305 315 307 317 309 319 311 321
CZ 22 35 24 37 26 39 28 41 30 43 32 45 34 47 50 64 52 66 54 68 56 70 58 72 60 74 62 76 78 91 80 93 82 95 84 97 86 99 88 101 90 103 106 120 108 122 110 124 112 126 114 128 116 130 118 132 134 147 136 149 138 151 140 153 142 155 144 157 146 159 168 175 170 177 172 179 174 181 330 343 332 345 334 347 336 349 338 351 340 353 342 355 358 372 360 374 362 376 364 378 366 380 368 382 370 384 386 399 388 401 390 403 392 405 394 407 396 409 398 411 414 428 416 430 418 432 420 434 422 436 424 438 426 440 442 455 444 457 446 459 448 461 450 463 452 465 454 467 470 483 472 485 474 487 476 489 478 491 480 493 482 495 228 220 256 248 284 276 214 207 242 235 270 263 230 222 258 250 286 278 216 209 244 237 272 265 232 224 260 252 288 280 218 211 246 239 274 267 299 291 301 293 303 295 306 316 308 318 310 320 200 192 202 194 204 196
TICK
CX 0 8 1 10 2 12 3 14 4 16 5 18 6 20 21 35 23 37 25 39 27 41 29 43 31 45 33 47 49 64 51 66 53 68 55 70 57 72 59 74 61 76 77 91 79 93 81 95 83 97 85 99 87 101 89 103 105 120 107 122 109 124 111 126 113 128 115 130 117 132 133 147 135 149 137 151 139 153 141 155 143 157 145 159 169 177 171 179 173 181 329 343 331 345 333 347 335 349 337 351 339 353 341 355 312 324 313 326 314 328 357 372 359 374 361 376 363 378 365 380 367 382 369 384 385 399 387 401 389 403 391 405 393 407 395 409 397 411 413 428 415 430 417 432 419 434 421 436 423 438 425 440 441 455 443 457 445 459 447 461 449 463 451 465 453 467 469 483 471 485 473 487 475 489 477 491 479 493 481 495 213 220 215 222 217 224 219 226 229 235 231 237 233 239 241 248 243 250 245 252 247 254 257 263 259 265 261 267 269 276 271 278 273 280 275 282 285 291 287 293 289 295 201 207 203 209 205 211 188 198 182 192 184 194 186 196 305 316 307 318 309 320 311 322
CZ 22 7 24 9 26 11 28 13 30 15 32 17 34 19 50 36 52 38 54 40 56 42 58 44 60 46 62 48 78 63 80 65 82 67 84 69 86 71 88 73 90 75 106 92 108 94 110 96 112 98 114 100 116 102 118 104 134 119 136 121 138 123 140 125 142 127 144 129 146 131 168 154 170 156 172 158 174 160 330 315 332 317 334 319 336 321 338 323 340 325 342 327 358 344 360 346 362 348 364 350 366 352 368 354 370 356 386 371 388 373 390 375 392 377 394 379 396 381 398 383 414 400 416 402 418 404 420 406 422 408 424 410 426 412 442 427 444 429 446 431 448 433 450 435 452 437 454 439 470 456 472 458 474 460 476 462 478 464 480 466 482 468 228 221 256 249 284 277 214 208 242 236 270 264 230 223 258 251 286 279 216 210 244 238 272 266 232 225 260 253 288 281 218 212 246 240 274 268 299 292 301 294 303 296 200 193 202 195 204 197 162 148 164 150 166 152
TICK
CX 23 8 25 10 27 12 29 14 31 16 33 18 49 35 51 37 53 39 55 41 57 43 59 45 61 47 79 64 81 66 83 68 85 70 87 72 89 74 105 91 107 93 109 95 111 97 113 99 115 101 117 103 135 120 137 122 139 124 141 126 143 128 145 130 169 155 171 157 173 159 189 175 190 177 191 179 331 316 333 318 335 320 337 322 339 324 341 326 357 343 359 345 361 347 363 349 365 351 367 353 369 355 387 372 389 374 391 376 393 378 395 380 397 382 413 399 415 401 417 403 419 405 421 407 423 409 425 411 443 428 445 430 447 432 449 434 451 436 453 438 469 455 471 457 473 459 475 461 477 463 479 465 481 467 496 483 497 485 498 487 499 489 500 491 501 493 213 207 215 209 217 211 227 220 229 222 231 224 233 226 241 235 243 237 245 239 255 248 257 250 259 252 261 254 269 263 271 265 273 267 283 276 285 278 287 280 289 282 201 194 203 196 205 198 167 153 199 192 161 147 163 149 165 151 298 291 300 293 302 295 304 297
CZ 22 36 24 38 26 40 28 42 30 44 32 46 34 48 50 65 52 67 54 69 56 71 58 73 60 75 78 92 80 94 82 96 84 98 86 100 88 102 90 104 106 121 108 123 110 125 112 127 114 129 116 131 134 148 136 150 138 152 140 154 142 156 144 158 146 160 168 176 170 178 172 180 330 344 332 346 334 348 336 350 338 352 340 354 342 356 358 373 360 375 362 377 364 379 366 381 368 383 386 400 388 402 390 404 392 406 394 408 396 410 398 412 414 429 416 431 418 433 420 435 422 437 424 439 442 456 444 458 446 460 448 462 450 464 452 466 454 468 470 484 472 486 474 488 476 490 478 492 480 494 228 234 256 262 284 290 214 221 242 249 270 277 230 236 258 264 286 292 216 223 244 251 272 279 232 238 260 266 288 294 218 225 246 253 274 281 306 317 308 319 310 321 200 206 202 208 204 210 183 193 185 195 187 197
TICK
CX 21 7 23 9 25 11 27 13 29 15 31 17 33 19 49 36 51 38 53 40 55 42 57 44 59 46 61 48 77 63 79 65 81 67 83 69 85 71 87 73 89 75 105 92 107 94 109 96 111 98 113 100 115 102 117 104 133 119 135 121 137 123 139 125 141 127 143 129 145 131 169 156 171 158 173 160 189 176 190 178 191 180 329 315 331 317 333 319 335 321 337 323 339 325 341 327 357 344 359 346 361 348 363 350 365 352 367 354 369 356 385 371 387 373 389 375 391 377 393 379 395 381 397 383 413 400 415 402 417 404 419 406 421 408 423 410 425 412 441 427 443 429 445 431 447 433 449 435 451 437 453 439 469 456 471 458 473 460 475 462 477 464 479 466 481 468 496 484 497 486 498 488 499 490 500 492 501 494 213 221 215 223 217 225 227 234 229 236 231 238 233 240 241 249 243 251 245 253 255 262 257 264 259 266 261 268 269 277 271 279 273 281 283 290 285 292 287 294 289 296 299 306 301 308 303 310 201 208 203 210 205 212 167 154 188 175 199 206 161 148 163 150 165 152 182 193 184 195 186 197 298 305 300 307 302 309 304 311
CZ 22 8 24 10 26 12 28 14 30 16 32 18 34 20 50 37 52 39 54 41 56 43 58 45 60 47 78 64 80 66 82 68 84 70 86 72 88 74 90 76 106 93 108 95 110 97 112 99 114 101 116 103 134 120 136 122 138 124 140 126 142 128 144 130 146 132 168 155 170 157 172 159 330 316 332 318 334 320 336 322 338 324 340 326 342 328 358 345 360 347 362 349 364 351 366 353 368 355 386 372 388 374 390 376 392 378 394 380 396 382 398 384 414 401 416 403 418 405 420 407 422 409 424 411 442 428 444 430 446 432 448 434 450 436 452 438 454 440 470 457 472 459 474 461 476 463 478 465 480 467 228 235 256 263 284 291 214 222 242 250 270 278 230 237 258 265 286 293 216 224 244 252 272 280 232 239 260 267 288 295 218 226 246 254 274 282 200 207 202 209 204 211 162 149 164 151 166 153 183 194 185 196 187 198
TICK
H 0 1 2 3 4 5 6 21 23 25 27 29 31 33 49 51 53 55 57 59 61 77 79 81 83 85 87 89 105 107 109 111 113 115 117 133 135 137 139 141 143 145 169 171 173 189 190 191 329 331 333 335 337 339 341 312 313 314 357 359 361 363 365 367 369 385 387 389 391 393 395 397 413 415 417 419 421 423 425 441 443 445 447 449 451 453 469 471 473 475 477 479 481 496 497 498 499 500 501 22 24 26 28 30 32 34 50 52 54 56 58 60 62 78 80 82 84 86 88 90 106 108 110 112 114 116 118 134 136 138 140 142 144 146 168 170 172 174 330 332 334 336 338 340 342 358 360 362 364 366 368 370 386 388 390 392 394 396 398 414 416 418 420 422 424 426 442 444 446 448 450 452 454 470 472 474 476 478 480 482 213 215 217 219 227 229 231 233 241 243 245 247 255 257 259 261 269 271 273 275 283 285 287 289 228 256 284 214 242 270 230 258 286 216 244 272 232 260 288 218 246 274 299 301 303 200 202 204 162 164 166 183 185 187 201 203 205 167 188 199 161 163 165 182 184 186 298 300 302 304
TICK
M 0 1 2 3 4 5 6 21 23 25 27 29 31 33 49 51 53 55 57 59 61 77 79 81 83 85 87 89 105 107 109 111 113 115 117 133 135 137 139 141 143 145 169 171 173 189 190 191 329 331 333 335 337 339 341 312 313 314 357 359 361 363 365 367 369 385 387 389 391 393 395 397 413 415 417 419 421 423 425 441 443 445 447 449 451 453 469 471 473 475 477 479 481 496 497 498 499 500 501 22 24 26 28 30 32 34 50 52 54 56 58 60 62 78 80 82 84 86 88 90 106 108 110 112 114 116 118 134 136 138 140 142 144 146 168 170 172 174 330 332 334 336 338 340 342 358 360 362 364 366 368 370 386 388 390 392 394 396 398 414 416 418 420 422 424 426 442 444 446 448 450 452 454 470 472 474 476 478 480 482 213 215 217 219 227 229 231 233 241 243 245 247 255 257 259 261 269 271 273 275 283 285 287 289 228 256 284 214 242 270 230 258 286 216 244 272 232 260 288 218 246 274 299 301 303 306 308 310 200 202 204 162 164 166 183 185 187 201 203 205 167 188 199 161 163 165 182 184 186 298 300 302 304 305 307 309 311
TICK
R 0 1 2 3 4 5 6 21 23 25 27 29 31 33 49 51 53 55 57 59 61 77 79 81 83 85 87 89 105 107 109 111 113 115 117 133 135 137 139 141 143 145 169 171 173 189 190 191 329 331 333 335 337 339 341 312 313 314 357 359 361 363 365 367 369 385 387 389 391 393 395 397 413 415 417 419 421 423 425 441 443 445 447 449 451 453 469 471 473 475 477 479 481 496 497 498 499 500 501 22 24 26 28 30 32 34 50 52 54 56 58 60 62 78 80 82 84 86 88 90 106 108 110 112 114 116 118 134 136 138 140 142 144 146 168 170 172 174 330 332 334 336 338 340 342 358 360 362 364 366 368 370 386 388 390 392 394 396 398 414 416 418 420 422 424 426 442 444 446 448 450 452 454 470 472 474 476 478 480 482 213 215 217 219 227 229 231 233 241 243 245 247 255 257 259 261 269 271 273 275 283 285 287 289 228 256 284 214 242 270 230 258 286 216 244 272 232 260 288 218 246 274 299 301 303 306 308 310 200 202 204 162 164 166 183 185 187 201 203 205 167 188 199 161 163 165 182 184 186 298 300 302 304 305 307 309 311
TICK
H 0 1 2 3 4 5 6 21 23 25 27 29 31 33 49 51 53 55 57 59 61 77 79 81 83 85 87 89 105 107 109 111 113 115 117 133 135 137 139 141 143 145 169 171 173 189 190 191 329 331 333 335 337 339 341 312 313 314 357 359 361 363 365 367 369 385 387 389 391 393 395 397 413 415 417 419 421 423 425 441 443 445 447 449 451 453 469 471 473 475 477 479 481 496 497 498 499 500 501 22 24 26 28 30 32 34 50 52 54 56 58 60 62 78 80 82 84 86 88 90 106 108 110 112 114 116 118 134 136 138 140 142 144 146 168 170 172 174 330 332 334 336 338 340 342 358 360 362 364 366 368 370 386 388 390 392 394 396 398 414 416 418 420 422 424 426 442 444 446 448 450 452 454 470 472 474 476 478 480 482 213 215 217 219 227 229 231 233 241 243 245 247 255 257 259 261 269 271 273 275 283 285 287 289 228 256 284 214 242 270 230 258 286 216 244 272 232 260 288 218 246 274 299 301 303 306 308 310 200 202 204 162 164 166 201 203 205 167 199 161 163 165 298 300 302 304 305 307 309 311
TICK
CX 0 8 1 10 2 12 3 14 4 16 5 18 6 20 21 35 23 37 25 39 27 41 29 43 31 45 33 47 49 64 51 66 53 68 55 70 57 72 59 74 61 76 77 91 79 93 81 95 83 97 85 99 87 101 89 103 105 120 107 122 109 124 111 126 113 128 115 130 117 132 133 147 135 149 137 151 139 153 141 155 143 157 145 159 169 177 171 179 173 181 329 343 331 345 333 347 335 349 337 351 339 353 341 355 312 324 313 326 314 328 357 372 359 374 361 376 363 378 365 380 367 382 369 384 385 399 387 401 389 403 391 405 393 407 395 409 397 411 413 428 415 430 417 432 419 434 421 436 423 438 425 440 441 455 443 457 445 459 447 461 449 463 451 465 453 467 469 483 471 485 473 487 475 489 477 491 479 493 481 495 213 207 215 209 217 211 227 220 229 222 231 224 233 226 241 235 243 237 245 239 255 248 257 250 259 252 261 254 269 263 271 265 273 267 283 276 285 278 287 280 289 282 201 194 203 196 205 198 162 183 164 185 166 187 167 188 199 192 161 182 163 184 165 186 298 291 300 293 302 295 304 297 305 316 307 318 309 320 311 322
CZ 22 36 24 38 26 40 28 42 30 44 32 46 34 48 50 65 52 67 54 69 56 71 58 73 60 75 78 92 80 94 82 96 84 98 86 100 88 102 90 104 106 121 108 123 110 125 112 127 114 129 116 131 134 148 136 150 138 152 140 154 142 156 144 158 146 160 168 176 170 178 172 180 330 344 332 346 334 348 336 350 338 352 340 354 342 356 358 373 360 375 362 377 364 379 366 381 368 383 386 400 388 402 390 404 392 406 394 408 396 410 398 412 414 429 416 431 418 433 420 435 422 437 424 439 442 456 444 458 446 460 448 462 450 464 452 466 454 468 470 484 472 486 474 488 476 490 478 492 480 494 228 221 256 249 284 277 214 208 242 236 270 264 230 223 258 251 286 279 216 210 244 238 272 266 232 225 260 253 288 281 218 212 246 240 274 268 299 292 301 294 303 296 306 317 308 319 310 321 200 193 202 195 204 197
TICK
CX 0 7 1 9 2 11 3 13 4 15 5 17 6 19 23 36 25 38 27 40 29 42 31 44 33 46 49 63 51 65 53 67 55 69 57 71 59 73 61 75 79 92 81 94 83 96 85 98 87 100 89 102 105 119 107 121 109 123 111 125 113 127 115 129 117 131 135 148 137 150 139 152 141 154 143 156 145 158 169 176 171 178 173 180 331 344 333 346 335 348 337 350 339 352 341 354 312 323 313 325 314 327 357 371 359 373 361 375 363 377 365 379 367 381 369 383 387 400 389 402 391 404 393 406 395 408 397 410 413 427 415 429 417 431 419 433 421 435 423 437 425 439 443 456 445 458 447 460 449 462 451 464 453 466 471 484 473 486 475 488 477 490 479 492 481 494 213 221 215 223 217 225 227 234 229 236 231 238 233 240 241 249 243 251 245 253 255 262 257 264 259 266 261 268 269 277 271 279 273 281 283 290 285 292 287 294 289 296 201 208 203 210 205 212 188 175 199 206 182 193 184 195 186 197 305 315 307 317 309 319 311 321
CZ 22 8 24 10 26 12 28 14 30 16 32 18 34 20 50 37 52 39 54 41 56 43 58 45 60 47 78 64 80 66 82 68 84 70 86 72 88 74 90 76 106 93 108 95 110 97 112 99 114 101 116 103 134 120 136 122 138 124 140 126 142 128 144 130 146 132 168 155 170 157 172 159 330 316 332 318 334 320 336 322 338 324 340 326 342 328 358 345 360 347 362 349 364 351 366 353 368 355 386 372 388 374 390 376 392 378 394 380 396 382 398 384 414 401 416 403 418 405 420 407 422 409 424 411 442 428 444 430 446 432 448 434 450 436 452 438 454 440 470 457 472 459 474 461 476 463 478 465 480 467 228 220 256 248 284 276 200 192 214 207 242 235 270 263 202 194 230 222 258 250 286 278 216 209 244 237 272 265 204 196 232 224 260 252 288 280 218 211 246 239 274 267 303 295 301 293 299 291 162 149 164 151 166 153
TICK
CX 21 7 23 9 25 11 27 13 29 15 31 17 33 19 49 36 51 38 53 40 55 42 57 44 59 46 61 48 77 63 79 65 81 67 83 69 85 71 87 73 89 75 105 92 107 94 109 96 111 98 113 100 115 102 117 104 133 119 135 121 137 123 139 125 141 127 143 129 145 131 169 156 171 158 173 160 189 176 190 178 191 180 329 315 331 317 333 319 335 321 337 323 339 325 341 327 357 344 359 346 361 348 363 350 365 352 367 354 369 356 385 371 387 373 389 375 391 377 393 379 395 381 397 383 413 400 415 402 417 404 419 406 421 408 423 410 425 412 441 427 443 429 445 431 447 433 449 435 451 437 453 439 469 456 471 458 473 460 475 462 477 464 479 466 481 468 496 484 497 486 498 488 499 490 500 492 501 494 213 206 215 208 217 210 219 212 229 221 231 223 233 225 241 234 243 236 245 238 247 240 257 249 259 251 261 253 269 262 271 264 273 266 275 268 285 277 287 279 289 281 201 193 203 195 205 197 167 154 161 148 163 150 165 152 298 290 300 292 302 294 304 296
CZ 22 35 24 37 26 39 28 41 30 43 32 45 34 47 50 64 52 66 54 68 56 70 58 72 60 74 62 76 78 91 80 93 82 95 84 97 86 99 88 101 90 103 106 120 108 122 110 124 112 126 114 128 116 130 118 132 134 147 136 149 138 151 140 153 142 155 144 157 146 159 168 175 170 177 172 179 174 181 330 343 332 345 334 347 336 349 338 351 340 353 342 355 358 372 360 374 362 376 364 378 366 380 368 382 370 384 386 399 388 401 390 403 392 405 394 407 396 409 398 411 414 428 416 430 418 432 420 434 422 436 424 438 426 440 442 455 444 457 446 459 448 461 450 463 452 465 454 467 470 483 472 485 474 487 476 489 478 491 480 493 482 495 306 316 308 318 310 320 228 235 256 263 284 291 200 207 214 222 242 250 270 278 202 209 230 237 258 265 286 293 216 224 244 252 272 280 204 211 232 239 260 267 288 295 218 226 246 254 274 282 183 194 185 196 187 198
TICK
CX 23 8 25 10 27 12 29 14 31 16 33 18 49 35 51 37 53 39 55 41 57 43 59 45 61 47 79 64 81 66 83 68 85 70 87 72 89 74 105 91 107 93 109 95 111 97 113 99 115 101 117 103 135 120 137 122 139 124 141 126 143 128 145 130 169 155 171 157 173 159 189 175 190 177 191 179 331 316 333 318 335 320 337 322 339 324 341 326 357 343 359 345 361 347 363 349 365 351 367 353 369 355 387 372 389 374 391 376 393 378 395 380 397 382 413 399 415 401 417 403 419 405 421 407 423 409 425 411 443 428 445 430 447 432 449 434 451 436 453 438 469 455 471 457 473 459 475 461 477 463 479 465 481 467 496 483 497 485 498 487 499 489 500 491 501 493 213 220 215 222 217 224 219 226 229 235 231 237 233 239 241 248 243 250 245 252 247 254 257 263 259 265 261 267 269 276 271 278 273 280 275 282 285 291 287 293 289 295 299 306 301 308 303 310 201 207 203 209 205 211 167 153 188 198 161 147 163 149 165 151 182 192 184 194 186 196 298 305 300 307 302 309 304 311
CZ 22 7 24 9 26 11 28 13 30 15 32 17 34 19 50 36 52 38 54 40 56 42 58 44 60 46 62 48 78 63 80 65 82 67 84 69 86 71 88 73 90 75 106 92 108 94 110 96 112 98 114 100 116 102 118 104 134 119 136 121 138 123 140 125 142 127 144 129 146 131 168 154 170 156 172 158 174 160 330 315 332 317 334 319 336 321 338 323 340 325 342 327 358 344 360 346 362 348 364 350 366 352 368 354 370 356 386 371 388 373 390 375 392 377 394 379 396 381 398 383 414 400 416 402 418 404 420 406 422 408 424 410 426 412 442 427 444 429 446 431 448 433 450 435 452 437 454 439 470 456 472 458 474 460 476 462 478 464 480 466 482 468 228 234 256 262 284 290 214 221 242 249 270 277 230 236 258 264 286 292 216 223 244 251 272 279 232 238 260 266 288 294 218 225 246 253 274 281 200 206 202 208 204 210 162 148 164 150 166 152 183 193 185 195 187 197
TICK
H 0 1 2 3 4 5 6 21 23 25 27 29 31 33 49 51 53 55 57 59 61 77 79 81 83 85 87 89 105 107 109 111 113 115 117 133 135 137 139 141 143 145 169 171 173 189 190 191 329 331 333 335 337 339 341 312 313 314 357 359 361 363 365 367 369 385 387 389 391 393 395 397 413 415 417 419 421 423 425 441 443 445 447 449 451 453 469 471 473 475 477 479 481 496 497 498 499 500 501 22 24 26 28 30 32 34 50 52 54 56 58 60 62 78 80 82 84 86 88 90 106 108 110 112 114 116 118 134 136 138 140 142 144 146 168 170 172 174 330 332 334 336 338 340 342 358 360 362 364 366 368 370 386 388 390 392 394 396 398 414 416 418 420 422 424 426 442 444 446 448 450 452 454 470 472 474 476 478 480 482 213 215 217 219 227 229 231 233 241 243 245 247 255 257 259 261 269 271 273 275 283 285 287 289 228 256 284 214 242 270 230 258 286 216 244 272 232 260 288 218 246 274 299 301 303 200 202 204 162 164 166 183 185 187 201 203 205 167 188 199 161 163 165 182 184 186 298 300 302 304
TICK
M 0 1 2 3 4 5 6 21 23 25 27 29 31 33 49 51 53 55 57 59 61 77 79 81 83 85 87 89 105 107 109 111 113 115 117 133 135 137 139 141 143 145 169 171 173 189 190 191 329 331 333 335 337 339 341 312 313 314 357 359 361 363 365 367 369 385 387 389 391 393 395 397 413 415 417 419 421 423 425 441 443 445 447 449 451 453 469 471 473 475 477 479 481 496 497 498 499 500 501 22 24 26 28 30 32 34 50 52 54 56 58 60 62 78 80 82 84 86 88 90 106 108 110 112 114 116 118 134 136 138 140 142 144 146 168 170 172 174 330 332 334 336 338 340 342 358 360 362 364 366 368 370 386 388 390 392 394 396 398 414 416 418 420 422 424 426 442 444 446 448 450 452 454 470 472 474 476 478 480 482 213 215 217 219 227 229 231 233 241 243 245 247 255 257 259 261 269 271 273 275 283 285 287 289 228 256 284 214 242 270 230 258 286 216 244 272 232 260 288 218 246 274 299 301 303 306 308 310 200 202 204 162 164 166 183 185 187 201 203 205 167 188 199 161 163 165 182 184 186 298 300 302 304 305 307 309 311
TICK
R 0 1 2 3 4 5 6 21 23 25 27 29 31 33 49 51 53 55 57 59 61 77 79 81 83 85 87 89 105 107 109 111 113 115 117 133 135 137 139 141 143 145 169 171 173 189 190 191 329 331 333 335 337 339 341 312 313 314 357 359 361 363 365 367 369 385 387 389 391 393 395 397 413 415 417 419 421 423 425 441 443 445 447 449 451 453 469 471 473 475 477 479 481 496 497 498 499 500 501 22 24 26 28 30 32 34 50 52 54 56 58 60 62 78 80 82 84 86 88 90 106 108 110 112 114 116 118 134 136 138 140 142 144 146 168 170 172 174 330 332 334 336 338 340 342 358 360 362 364 366 368 370 386 388 390 392 394 396 398 414 416 418 420 422 424 426 442 444 446 448 450 452 454 470 472 474 476 478 480 482 213 215 217 219 227 229 231 233 241 243 245 247 255 257 259 261 269 271 273 275 283 285 287 289 228 256 284 214 242 270 230 258 286 216 244 272 232 260 288 218 246 274 299 301 303 306 308 310 200 201 202 203 204 205 162 164 166 183 185 187 167 188 199 161 163 165 182 184 186 298 300 302 304 305 307 309 311
TICK
H 0 1 2 3 4 5 6 21 23 25 27 29 31 33 49 51 53 55 57 59 61 77 79 81 83 85 87 89 105 107 109 111 113 115 117 133 135 137 139 141 143 145 169 171 173 189 190 191 329 331 333 335 337 339 341 312 313 314 357 359 361 363 365 367 369 385 387 389 391 393 395 397 413 415 417 419 421 423 425 441 443 445 447 449 451 453 469 471 473 475 477 479 481 496 497 498 499 500 501 22 24 26 28 30 32 34 50 52 54 56 58 60 62 78 80 82 84 86 88 90 106 108 110 112 114 116 118 134 136 138 140 142 144 146 168 170 172 174 330 332 334 336 338 340 342 358 360 362 364 366 368 370 386 388 390 392 394 396 398 414 416 418 420 422 424 426 442 444 446 448 450 452 454 470 472 474 476 478 480 482 213 215 217 219 227 229 231 233 241 243 245 247 255 257 259 261 269 271 273 275 283 285 287 289 228 256 284 214 242 270 230 258 286 216 244 272 232 260 288 218 246 274 299 301 303 306 308 310 200 201 202 203 204 205 162 164 166 167 199 161 163 165 298 300 302 304 305 307 309 311
TICK
CX 0 7 1 9 2 11 3 13 4 15 5 17 6 19 23 36 25 38 27 40 29 42 31 44 33 46 49 63 51 65 53 67 55 69 57 71 59 73 61 75 79 92 81 94 83 96 85 98 87 100 89 102 105 119 107 121 109 123 111 125 113 127 115 129 117 131 135 148 137 150 139 152 141 154 143 156 145 158 169 176 171 178 173 180 331 344 333 346 335 348 337 350 339 352 341 354 312 323 313 325 314 327 357 371 359 373 361 375 363 377 365 379 367 381 369 383 387 400 389 402 391 404 393 406 395 408 397 410 413 427 415 429 417 431 419 433 421 435 423 437 425 439 443 456 445 458 447 460 449 462 451 464 453 466 471 484 473 486 475 488 477 490 479 492 481 494 213 206 215 208 217 210 219 212 229 221 231 223 233 225 241 234 243 236 245 238 247 240 257 249 259 251 261 253 269 262 271 264 273 266 275 268 285 277 287 279 289 281 162 183 164 185 166 187 201 193 203 195 205 197 167 188 161 182 163 184 165 186 298 290 300 292 302 294 304 296 305 315 307 317 309 319 311 321
CZ 22 35 24 37 26 39 28 41 30 43 32 45 34 47 50 64 52 66 54 68 56 70 58 72 60 74 62 76 78 91 80 93 82 95 84 97 86 99 88 101 90 103 106 120 108 122 110 124 112 126 114 128 116 130 118 132 134 147 136 149 138 151 140 153 142 155 144 157 146 159 168 175 170 177 172 179 174 181 330 343 332 345 334 347 336 349 338 351 340 353 342 355 358 372 360 374 362 376 364 378 366 380 368 382 370 384 386 399 388 401 390 403 392 405 394 407 396 409 398 411 414 428 416 430 418 432 420 434 422 436 424 438 426 440 442 455 444 457 446 459 448 461 450 463 452 465 454 467 470 483 472 485 474 487 476 489 478 491 480 493 482 495 228 220 256 248 284 276 214 207 242 235 270 263 230 222 258 250 286 278 216 209 244 237 272 265 232 224 260 252 288 280 218 211 246 239 274 267 299 291 301 293 303 295 306 316 308 318 310 320 200 192 202 194 204 196
TICK
CX 0 8 1 10 2 12 3 14 4 16 5 18 6 20 21 35 23 37 25 39 27 41 29 43 31 45 33 47 49 64 51 66 53 68 55 70 57 72 59 74 61 76 77 91 79 93 81 95 83 97 85 99 87 101 89 103 105 120 107 122 109 124 111 126 113 128 115 130 117 132 133 147 135 149 137 151 139 153 141 155 143 157 145 159 169 177 171 179 173 181 329 343 331 345 333 347 335 349 337 351 339 353 341 355 312 324 313 326 314 328 357 372 359 374 361 376 363 378 365 380 367 382 369 384 385 399 387 401 389 403 391 405 393 407 395 409 397 411 413 428 415 430 417 432 419 434 421 436 423 438 425 440 441 455 443 457 445 459 447 461 449 463 451 465 453 467 469 483 471 485 473 487 475 489 477 491 479 493 481 495 213 220 215 222 217 224 219 226 229 235 231 237 233 239 241 248 243 250 245 252 247 254 257 263 259 265 261 267 269 276 271 278 273 280 275 282 285 291 287 293 289 295 201 207 203 209 205 211 188 198 182 192 184 194 186 196 305 316 307 318 309 320 311 322
CZ 22 7 24 9 26 11 28 13 30 15 32 17 34 19 50 36 52 38 54 40 56 42 58 44 60 46 62 48 78 63 80 65 82 67 84 69 86 71 88 73 90 75 106 92 108 94 110 96 112 98 114 100 116 102 118 104 134 119 136 121 138 123 140 125 142 127 144 129 146 131 168 154 170 156 172 158 174 160 330 315 332 317 334 319 336 321 338 323 340 325 342 327 358 344 360 346 362 348 364 350 366 352 368 354 370 356 386 371 388 373 390 375 392 377 394 379 396 381 398 383 414 400 416 402 418 404 420 406 422 408 424 410 426 412 442 427 444 429 446 431 448 433 450 435 452 437 454 439 470 456 472 458 474 460 476 462 478 464 480 466 482 468 228 221 256 249 284 277 214 208 242 236 270 264 230 223 258 251 286 279 216 210 244 238 272 266 232 225 260 253 288 281 218 212 246 240 274 268 299 292 301 294 303 296 200 193 202 195 204 197 162 148 164 150 166 152
TICK
CX 23 8 25 10 27 12 29 14 31 16 33 18 49 35 51 37 53 39 55 41 57 43 59 45 61 47 79 64 81 66 83 68 85 70 87 72 89 74 105 91 107 93 109 95 111 97 113 99 115 101 117 103 135 120 137 122 139 124 141 126 143 128 145 130 169 155 171 157 173 159 189 175 190 177 191 179 331 316 333 318 335 320 337 322 339 324 341 326 357 343 359 345 361 347 363 349 365 351 367 353 369 355 387 372 389 374 391 376 393 378 395 380 397 382 413 399 415 401 417 403 419 405 421 407 423 409 425 411 443 428 445 430 447 432 449 434 451 436 453 438 469 455 471 457 473 459 475 461 477 463 479 465 481 467 496 483 497 485 498 487 499 489 500 491 501 493 213 207 215 209 217 211 227 220 229 222 231 224 233 226 241 235 243 237 245 239 255 248 257 250 259 252 261 254 269 263 271 265 273 267 283 276 285 278 287 280 289 282 201 194 203 196 205 198 167 153 199 192 161 147 163 149 165 151 298 291 300 293 302 295 304 297
CZ 22 36 24 38 26 40 28 42 30 44 32 46 34 48 50 65 52 67 54 69 56 71 58 73 60 75 78 92 80 94 82 96 84 98 86 100 88 102 90 104 106 121 108 123 110 125 112 127 114 129 116 131 134 148 136 150 138 152 140 154 142 156 144 158 146 160 168 176 170 178 172 180 330 344 332 346 334 348 336 350 338 352 340 354 342 356 358 373 360 375 362 377 364 379 366 381 368 383 386 400 388 402 390 404 392 406 394 408 396 410 398 412 414 429 416 431 418 433 420 435 422 437 424 439 442 456 444 458 446 460 448 462 450 464 452 466 454 468 470 484 472 486 474 488 476 490 478 492 480 494 228 234 256 262 284 290 214 221 242 249 270 277 230 236 258 264 286 292 216 223 244 251 272 279 232 238 260 266 288 294 218 225 246 253 274 281 306 317 308 319 310 321 200 206 202 208 204 210 183 193 185 195 187 197
TICK
CX 21 7 23 9 25 11 27 13 29 15 31 17 33 19 49 36 51 38 53 40 55 42 57 44 59 46 61 48 77 63 79 65 81 67 83 69 85 71 87 73 89 75 105 92 107 94 109 96 111 98 113 100 115 102 117 104 133 119 135 121 137 123 139 125 141 127 143 129 145 131 169 156 171 158 173 160 189 176 190 178 191 180 329 315 331 317 333 319 335 321 337 323 339 325 341 327 357 344 359 346 361 348 363 350 365 352 367 354 369 356 385 371 387 373 389 375 391 377 393 379 395 381 397 383 413 400 415 402 417 404 419 406 421 408 423 410 425 412 441 427 443 429 445 431 447 433 449 435 451 437 453 439 469 456 471 458 473 460 475 462 477 464 479 466 481 468 496 484 497 486 498 488 499 490 500 492 501 494 213 221 215 223 217 225 227 234 229 236 231 238 233 240 241 249 243 251 245 253 255 262 257 264 259 266 261 268 269 277 271 279 273 281 283 290 285 292 287 294 289 296 299 306 301 308 303 310 201 208 203 210 205 212 167 154 188 175 199 206 161 148 163 150 165 152 182 193 184 195 186 197 298 305 300 307 302 309 304 311
CZ 22 8 24 10 26 12 28 14 30 16 32 18 34 20 50 37 52 39 54 41 56 43 58 45 60 47 78 64 80 66 82 68 84 70 86 72 88 74 90 76 106 93 108 95 110 97 112 99 114 101 116 103 134 120 136 122 138 124 140 126 142 128 144 130 146 132 168 155 170 157 172 159 330 316 332 318 334 320 336 322 338 324 340 326 342 328 358 345 360 347 362 349 364 351 366 353 368 355 386 372 388 374 390 376 392 378 394 380 396 382 398 384 414 401 416 403 418 405 420 407 422 409 424 411 442 428 444 430 446 432 448 434 450 436 452 438 454 440 470 457 472 459 474 461 476 463 478 465 480 467 228 235 256 263 284 291 214 222 242 250 270 278 230 237 258 265 286 293 216 224 244 252 272 280 232 239 260 267 288 295 218 226 246 254 274 282 200 207 202 209 204 211 162 149 164 151 166 153 183 194 185 196 187 198
TICK
H 0 1 2 3 4 5 6 21 23 25 27 29 31 33 49 51 53 55 57 59 61 77 79 81 83 85 87 89 105 107 109 111 113 115 117 133 135 137 139 141 143 145 169 171 173 189 190 191 329 331 333 335 337 339 341 312 313 314 357 359 361 363 365 367 369 385 387 389 391 393 395 397 413 415 417 419 421 423 425 441 443 445 447 449 451 453 469 471 473 475 477 479 481 496 497 498 499 500 501 22 24 26 28 30 32 34 50 52 54 56 58 60 62 78 80 82 84 86 88 90 106 108 110 112 114 116 118 134 136 138 140 142 144 146 168 170 172 174 330 332 334 336 338 340 342 358 360 362 364 366 368 370 386 388 390 392 394 396 398 414 416 418 420 422 424 426 442 444 446 448 450 452 454 470 472 474 476 478 480 482 213 215 217 219 227 229 231 233 241 243 245 247 255 257 259 261 269 271 273 275 283 285 287 289 228 256 284 214 242 270 230 258 286 216 244 272 232 260 288 218 246 274 299 301 303 200 202 204 162 164 166 183 185 187 201 203 205 167 188 199 161 163 165 182 184 186 298 300 302 304
TICK
M 0 1 2 3 4 5 6 21 23 25 27 29 31 33 49 51 53 55 57 59 61 77 79 81 83 85 87 89 105 107 109 111 113 115 117 133 135 137 139 141 143 145 169 171 173 189 190 191 329 331 333 335 337 339 341 312 313 314 357 359 361 363 365 367 369 385 387 389 391 393 395 397 413 415 417 419 421 423 425 441 443 445 447 449 451 453 469 471 473 475 477 479 481 496 497 498 499 500 501 22 24 26 28 30 32 34 50 52 54 56 58 60 62 78 80 82 84 86 88 90 106 108 110 112 114 116 118 134 136 138 140 142 144 146 168 170 172 174 330 332 334 336 338 340 342 358 360 362 364 366 368 370 386 388 390 392 394 396 398 414 416 418 420 422 424 426 442 444 446 448 450 452 454 470 472 474 476 478 480 482 213 215 217 219 227 229 231 233 241 243 245 247 255 257 259 261 269 271 273 275 283 285 287 289 228 256 284 214 242 270 230 258 286 216 244 272 232 260 288 218 246 274 299 301 303 306 308 310 200 202 204 162 164 166 183 185 187 201 203 205 167 188 199 161 163 165 182 184 186 298 300 302 304 305 307 309 311
TICK
R 0 1 2 3 4 5 6 21 23 25 27 29 31 33 49 51 53 55 57 59 61 77 79 81 83 85 87 89 105 107 109 111 113 115 117 133 135 137 139 141 143 145 169 171 173 189 190 191 329 331 333 335 337 339 341 312 313 314 357 359 361 363 365 367 369 385 387 389 391 393 395 397 413 415 417 419 421 423 425 441 443 445 447 449 451 453 469 471 473 475 477 479 481 496 497 498 499 500 501 22 24 26 28 30 32 34 50 52 54 56 58 60 62 78 80 82 84 86 88 90 106 108 110 112 114 116 118 134 136 138 140 142 144 146 168 170 172 174 330 332 334 336 338 340 342 358 360 362 364 366 368 370 386 388 390 392 394 396 398 414 416 418 420 422 424 426 442 444 446 448 450 452 454 470 472 474 476 478 480 482 213 215 217 219 227 229 231 233 241 243 245 247 255 257 259 261 269 271 273 275 283 285 287 289 228 256 284 214 242 270 230 258 286 216 244 272 232 260 288 218 246 274 299 301 303 306 308 310 200 202 204 162 164 166 183 185 187 201 203 205 167 188 199 161 163 165 182 184 186 298 300 302 304 305 307 309 311
TICK
H 0 1 2 3 4 5 6 21 23 25 27 29 31 33 49 51 53 55 57 59 61 77 79 81 83 85 87 89 105 107 109 111 113 115 117 133 135 137 139 141 143 145 169 171 173 189 190 191 329 331 333 335 337 339 341 312 313 314 357 359 361 363 365 367 369 385 387 389 391 393 395 397 413 415 417 419 421 423 425 441 443 445 447 449 451 453 469 471 473 475 477 479 481 496 497 498 499 500 501 22 24 26 28 30 32 34 50 52 54 56 58 60 62 78 80 82 84 86 88 90 106 108 110 112 114 116 118 134 136 138 140 142 144 146 168 170 172 174 330 332 334 336 338 340 342 358 360 362 364 366 368 370 386 388 390 392 394 396 398 414 416 418 420 422 424 426 442 444 446 448 450 452 454 470 472 474 476 478 480 482 213 215 217 219 227 229 231 233 241 243 245 247 255 257 259 261 269 271 273 275 283 285 287 289 228 256 284 214 242 270 230 258 286 216 244 272 232 260 288 218 246 274 299 301 303 306 308 310 200 202 204 162 164 166 201 203 205 167 199 161 163 165 298 300 302 304 305 307 309 311
TICK
CX 0 8 1 10 2 12 3 14 4 16 5 18 6 20 21 35 23 37 25 39 27 41 29 43 31 45 33 47 49 64 51 66 53 68 55 70 57 72 59 74 61 76 77 91 79 93 81 95 83 97 85 99 87 101 89 103 105 120 107 122 109 124 111 126 113 128 115 130 117 132 133 147 135 149 137 151 139 153 141 155 143 157 145 159 169 177 171 179 173 181 329 343 331 345 333 347 335 349 337 351 339 353 341 355 312 324 313 326 314 328 357 372 359 374 361 376 363 378 365 380 367 382 369 384 385 399 387 401 389 403 391 405 393 407 395 409 397 411 413 428 415 430 417 432 419 434 421 436 423 438 425 440 441 455 443 457 445 459 447 461 449 463 451 465 453 467 469 483 471 485 473 487 475 489 477 491 479 493 481 495 213 207 215 209 217 211 227 220 229 222 231 224 233 226 241 235 243 237 245 239 255 248 257 250 259 252 261 254 269 263 271 265 273 267 283 276 285 278 287 280 289 282 201 194 203 196 205 198 162 183 164 185 166 187 167 188 199 192 161 182 163 184 165 186 298 291 300 293 302 295 304 297 305 316 307 318 309 320 311 322
CZ 22 36 24 38 26 40 28 42 30 44 32 46 34 48 50 65 52 67 54 69 56 71 58 73 60 75 78 92 80 94 82 96 84 98 86 100 88 102 90 104 106 121 108 123 110 125 112 127 114 129 116 131 134 148 136 150 138 152 140 154 142 156 144 158 146 160 168 176 170 178 172 180 330 344 332 346 334 348 336 350 338 352 340 354 342 356 358 373 360 375 362 377 364 379 366 381 368 383 386 400 388 402 390 404 392 406 394 408 396 410 398 412 414 429 416 431 418 433 420 435 422 437 424 439 442 456 444 458 446 460 448 462 450 464 452 466 454 468 470 484 472 486 474 488 476 490 478 492 480 494 228 221 256 249 284 277 214 208 242 236 270 264 230 223 258 251 286 279 216 210 244 238 272 266 232 225 260 253 288 281 218 212 246 240 274 268 299 292 301 294 303 296 306 317 308 319 310 321 200 193 202 195 204 197
TICK
CX 0 7 1 9 2 11 3 13 4 15 5 17 6 19 23 36 25 38 27 40 29 42 31 44 33 46 49 63 51 65 53 67 55 69 57 71 59 73 61 75 79 92 81 94 83 96 85 98 87 100 89 102 105 119 107 121 109 123 111 125 113 127 115 129 117 131 135 148 137 150 139 152 141 154 143 156 145 158 169 176 171 178 173 180 331 344 333 346 335 348 337 350 339 352 341 354 312 323 313 325 314 327 357 371 359 373 361 375 363 377 365 379 367 381 369 383 387 400 389 402 391 404 393 406 395 408 397 410 413 427 415 429 417 431 419 433 421 435 423 437 425 439 443 456 445 458 447 460 449 462 451 464 453 466 471 484 473 486 475 488 477 490 479 492 481 494 213 221 215 223 217 225 227 234 229 236 231 238 233 240 241 249 243 251 245 253 255 262 257 264 259 266 261 268 269 277 271 279 273 281 283 290 285 292 287 294 289 296 201 208 203 210 205 212 188 175 199 206 182 193 184 195 186 197 305 315 307 317 309 319 311 321
CZ 22 8 24 10 26 12 28 14 30 16 32 18 34 20 50 37 52 39 54 41 56 43 58 45 60 47 78 64 80 66 82 68 84 70 86 72 88 74 90 76 106 93 108 95 110 97 112 99 114 101 116 103 134 120 136 122 138 124 140 126 142 128 144 130 146 132 168 155 170 157 172 159 330 316 332 318 334 320 336 322 338 324 340 326 342 328 358 345 360 347 362 349 364 351 366 353 368 355 386 372 388 374 390 376 392 378 394 380 396 382 398 384 414 401 416 403 418 405 420 407 422 409 424 411 442 428 444 430 446 432 448 434 450 436 452 438 454 440 470 457 472 459 474 461 476 463 478 465 480 467 228 220 256 248 284 276 200 192 214 207 242 235 270 263 202 194 230 222 258 250 286 278 216 209 244 237 272 265 204 196 232 224 260 252 288 280 218 211 246 239 274 267 303 295 301 293 299 291 162 149 164 151 166 153
TICK
CX 21 7 23 9 25 11 27 13 29 15 31 17 33 19 49 36 51 38 53 40 55 42 57 44 59 46 61 48 77 63 79 65 81 67 83 69 85 71 87 73 89 75 105 92 107 94 109 96 111 98 113 100 115 102 117 104 133 119 135 121 137 123 139 125 141 127 143 129 145 131 169 156 171 158 173 160 189 176 190 178 191 180 329 315 331 317 333 319 335 321 337 323 339 325 341 327 357 344 359 346 361 348 363 350 365 352 367 354 369 356 385 371 387 373 389 375 391 377 393 379 395 381 397 383 413 400 415 402 417 404 419 406 421 408 423 410 425 412 441 427 443 429 445 431 447 433 449 435 451 437 453 439 469 456 471 458 473 460 475 462 477 464 479 466 481 468 496 484 497 486 498 488 499 490 500 492 501 494 213 206 215 208 217 210 219 212 229 221 231 223 233 225 241 234 243 236 245 238 247 240 257 249 259 251 261 253 269 262 271 264 273 266 275 268 285 277 287 279 289 281 201 193 203 195 205 197 167 154 161 148 163 150 165 152 298 290 300 292 302 294 304 296
CZ 22 35 24 37 26 39 28 41 30 43 32 45 34 47 50 64 52 66 54 68 56 70 58 72 60 74 62 76 78 91 80 93 82 95 84 97 86 99 88 101 90 103 106 120 108 122 110 124 112 126 114 128 116 130 118 132 134 147 136 149 138 151 140 153 142 155 144 157 146 159 168 175 170 177 172 179 174 181 330 343 332 345 334 347 336 349 338 351 340 353 342 355 358 372 360 374 362 376 364 378 366 380 368 382 370 384 386 399 388 401 390 403 392 405 394 407 396 409 398 411 414 428 416 430 418 432 420 434 422 436 424 438 426 440 442 455 444 457 446 459 448 461 450 463 452 465 454 467 470 483 472 485 474 487 476 489 478 491 480 493 482 495 306 316 308 318 310 320 228 235 256 263 284 291 200 207 214 222 242 250 270 278 202 209 230 237 258 265 286 293 216 224 244 252 272 280 204 211 232 239 260 267 288 295 218 226 246 254 274 282 183 194 185 196 187 198
TICK
CX 23 8 25 10 27 12 29 14 31 16 33 18 49 35 51 37 53 39 55 41 57 43 59 45 61 47 79 64 81 66 83 68 85 70 87 72 89 74 105 91 107 93 109 95 111 97 113 99 115 101 117 103 135 120 137 122 139 124 141 126 143 128 145 130 169 155 171 157 173 159 189 175 190 177 191 179 331 316 333 318 335 320 337 322 339 324 341 326 357 343 359 345 361 347 363 349 365 351 367 353 369 355 387 372 389 374 391 376 393 378 395 380 397 382 413 399 415 401 417 403 419 405 421 407 423 409 425 411 443 428 445 430 447 432 449 434 451 436 453 438 469 455 471 457 473 459 475 461 477 463 479 465 481 467 496 483 497 485 498 487 499 489 500 491 501 493 213 220 215 222 217 224 219 226 229 235 231 237 233 239 241 248 243 250 245 252 247 254 257 263 259 265 261 267 269 276 271 278 273 280 275 282 285 291 287 293 289 295 299 306 301 308 303 310 201 207 203 209 205 211 167 153 188 198 161 147 163 149 165 151 182 192 184 194 186 196 298 305 300 307 302 309 304 311
CZ 22 7 24 9 26 11 28 13 30 15 32 17 34 19 50 36 52 38 54 40 56 42 58 44 60 46 62 48 78 63 80 65 82 67 84 69 86 71 88 73 90 75 106 92 108 94 110 96 112 98 114 100 116 102 118 104 134 119 136 121 138 123 140 125 142 127 144 129 146 131 168 154 170 156 172 158 174 160 330 315 332 317 334 319 336 321 338 323 340 325 342 327 358 344 360 346 362 348 364 350 366 352 368 354 370 356 386 371 388 373 390 375 392 377 394 379 396 381 398 383 414 400 416 402 418 404 420 406 422 408 424 410 426 412 442 427 444 429 446 431 448 433 450 435 452 437 454 439 470 456 472 458 474 460 476 462 478 464 480 466 482 468 228 234 256 262 284 290 214 221 242 249 270 277 230 236 258 264 286 292 216 223 244 251 272 279 232 238 260 266 288 294 218 225 246 253 274 281 200 206 202 208 204 210 162 148 164 150 166 152 183 193 185 195 187 197
TICK
H 0 1 2 3 4 5 6 21 23 25 27 29 31 33 49 51 53 55 57 59 61 77 79 81 83 85 87 89 105 107 109 111 113 115 117 133 135 137 139 141 143 145 169 171 173 189 190 191 329 331 333 335 337 339 341 312 313 314 357 359 361 363 365 367 369 385 387 389 391 393 395 397 413 415 417 419 421 423 425 441 443 445 447 449 451 453 469 471 473 475 477 479 481 496 497 498 499 500 501 22 24 26 28 30 32 34 50 52 54 56 58 60 62 78 80 82 84 86 88 90 106 108 110 112 114 116 118 134 136 138 140 142 144 146 168 170 172 174 330 332 334 336 338 340 342 358 360 362 364 366 368 370 386 388 390 392 394 396 398 414 416 418 420 422 424 426 442 444 446 448 450 452 454 470 472 474 476 478 480 482 213 215 217 219 227 229 231 233 241 243 245 247 255 257 259 261 269 271 273 275 283 285 287 289 228 256 284 214 242 270 230 258 286 216 244 272 232 260 288 218 246 274 299 301 303 200 202 204 162 164 166 183 185 187 201 203 205 167 188 199 161 163 165 182 184 186 298 300 302 304
TICK
M 0 1 2 3 4 5 6 21 23 25 27 29 31 33 49 51 53 55 57 59 61 77 79 81 83 85 87 89 105 107 109 111 113 115 117 133 135 137 139 141 143 145 169 171 173 189 190 191 329 331 333 335 337 339 341 312 313 314 357 359 361 363 365 367 369 385 387 389 391 393 395 397 413 415 417 419 421 423 425 441 443 445 447 449 451 453 469 471 473 475 477 479 481 496 497 498 499 500 501 22 24 26 28 30 32 34 50 52 54 56 58 60 62 78 80 82 84 86 88 90 106 108 110 112 114 116 118 134 136 138 140 142 144 146 168 170 172 174 330 332 334 336 338 340 342 358 360 362 364 366 368 370 386 388 390 392 394 396 398 414 416 418 420 422 424 426 442 444 446 448 450 452 454 470 472 474 476 478 480 482 213 215 217 219 227 229 231 233 241 243 245 247 255 257 259 261 269 271 273 275 283 285 287 289 228 256 284 214 242 270 230 258 286 216 244 272 232 260 288 218 246 274 299 301 303 306 308 310 200 202 204 162 164 166 183 185 187 201 203 205 167 188 199 161 163 165 182 184 186 298 300 302 304 305 307 309 311
TICK
R 0 1 2 3 4 5 6 21 23 25 27 29 31 33 49 51 53 55 57 59 61 77 79 81 83 85 87 89 105 107 109 111 113 115 117 133 135 137 139 141 143 145 169 171 173 189 190 191 329 331 333 335 337 339 341 312 313 314 357 359 361 363 365 367 369 385 387 389 391 393 395 397 413 415 417 419 421 423 425 441 443 445 447 449 451 453 469 471 473 475 477 479 481 496 497 498 499 500 501 22 24 26 28 30 32 34 50 52 54 56 58 60 62 78 80 82 84 86 88 90 106 108 110 112 114 116 118 134 136 138 140 142 144 146 168 170 172 174 330 332 334 336 338 340 342 358 360 362 364 366 368 370 386 388 390 392 394 396 398 414 416 418 420 422 424 426 442 444 446 448 450 452 454 470 472 474 476 478 480 482 213 215 217 219 227 229 231 233 241 243 245 247 255 257 259 261 269 271 273 275 283 285 287 289 228 256 284 214 242 270 230 258 286 216 244 272 232 260 288 218 246 274 299 301 303 306 308 310 200 201 202 203 204 205 162 164 166 183 185 187 167 188 199 161 163 165 182 184 186 298 300 302 304 305 307 309 311
TICK
H 0 1 2 3 4 5 6 21 23 25 27 29 31 33 49 51 53 55 57 59 61 77 79 81 83 85 87 89 105 107 109 111 113 115 117 133 135 137 139 141 143 145 169 171 173 189 190 191 329 331 333 335 337 339 341 312 313 314 357 359 361 363 365 367 369 385 387 389 391 393 395 397 413 415 417 419 421 423 425 441 443 445 447 449 451 453 469 471 473 475 477 479 481 496 497 498 499 500 501 22 24 26 28 30 32 34 50 52 54 56 58 60 62 78 80 82 84 86 88 90 106 108 110 112 114 116 118 134 136 138 140 142 144 146 168 170 172 174 330 332 334 336 338 340 342 358 360 362 364 366 368 370 386 388 390 392 394 396 398 414 416 418 420 422 424 426 442 444 446 448 450 452 454 470 472 474 476 478 480 482 213 215 217 219 227 229 231 233 241 243 245 247 255 257 259 261 269 271 273 275 283 285 287 289 228 256 284 214 242 270 230 258 286 216 244 272 232 260 288 218 246 274 299 301 303 306 308 310 200 201 202 203 204 205 162 164 166 167 199 161 163 165 298 300 302 304 305 307 309 311
TICK
CX 0 7 1 9 2 11 3 13 4 15 5 17 6 19 23 36 25 38 27 40 29 42 31 44 33 46 49 63 51 65 53 67 55 69 57 71 59 73 61 75 79 92 81 94 83 96 85 98 87 100 89 102 105 119 107 121 109 123 111 125 113 127 115 129 117 131 135 148 137 150 139 152 141 154 143 156 145 158 169 176 171 178 173 180 331 344 333 346 335 348 337 350 339 352 341 354 312 323 313 325 314 327 357 371 359 373 361 375 363 377 365 379 367 381 369 383 387 400 389 402 391 404 393 406 395 408 397 410 413 427 415 429 417 431 419 433 421 435 423 437 425 439 443 456 445 458 447 460 449 462 451 464 453 466 471 484 473 486 475 488 477 490 479 492 481 494 213 206 215 208 217 210 219 212 229 221 231 223 233 225 241 234 243 236 245 238 247 240 257 249 259 251 261 253 269 262 271 264 273 266 275 268 285 277 287 279 289 281 162 183 164 185 166 187 201 193 203 195 205 197 167 188 161 182 163 184 165 186 298 290 300 292 302 294 304 296 305 315 307 317 309 319 311 321
CZ 22 35 24 37 26 39 28 41 30 43 32 45 34 47 50 64 52 66 54 68 56 70 58 72 60 74 62 76 78 91 80 93 82 95 84 97 86 99 88 101 90 103 106 120 108 122 110 124 112 126 114 128 116 130 118 132 134 147 136 149 138 151 140 153 142 155 144 157 146 159 168 175 170 177 172 179 174 181 330 343 332 345 334 347 336 349 338 351 340 353 342 355 358 372 360 374 362 376 364 378 366 380 368 382 370 384 386 399 388 401 390 403 392 405 394 407 396 409 398 411 414 428 416 430 418 432 420 434 422 436 424 438 426 440 442 455 444 457 446 459 448 461 450 463 452 465 454 467 470 483 472 485 474 487 476 489 478 491 480 493 482 495 228 220 256 248 284 276 214 207 242 235 270 263 230 222 258 250 286 278 216 209 244 237 272 265 232 224 260 252 288 280 218 211 246 239 274 267 299 291 301 293 303 295 306 316 308 318 310 320 200 192 202 194 204 196
TICK
CX 0 8 1 10 2 12 3 14 4 16 5 18 6 20 21 35 23 37 25 39 27 41 29 43 31 45 33 47 49 64 51 66 53 68 55 70 57 72 59 74 61 76 77 91 79 93 81 95 83 97 85 99 87 101 89 103 105 120 107 122 109 124 111 126 113 128 115 130 117 132 133 147 135 149 137 151 139 153 141 155 143 157 145 159 169 177 171 179 173 181 329 343 331 345 333 347 335 349 337 351 339 353 341 355 312 324 313 326 314 328 357 372 359 374 361 376 363 378 365 380 367 382 369 384 385 399 387 401 389 403 391 405 393 407 395 409 397 411 413 428 415 430 417 432 419 434 421 436 423 438 425 440 441 455 443 457 445 459 447 461 449 463 451 465 453 467 469 483 471 485 473 487 475 489 477 491 479 493 481 495 213 220 215 222 217 224 219 226 229 235 231 237 233 239 241 248 243 250 245 252 247 254 257 263 259 265 261 267 269 276 271 278 273 280 275 282 285 291 287 293 289 295 201 207 203 209 205 211 188 198 182 192 184 194 186 196 305 316 307 318 309 320 311 322
CZ 22 7 24 9 26 11 28 13 30 15 32 17 34 19 50 36 52 38 54 40 56 42 58 44 60 46 62 48 78 63 80 65 82 67 84 69 86 71 88 73 90 75 106 92 108 94 110 96 112 98 114 100 116 102 118 104 134 119 136 121 138 123 140 125 142 127 144 129 146 131 168 154 170 156 172 158 174 160 330 315 332 317 334 319 336 321 338 323 340 325 342 327 358 344 360 346 362 348 364 350 366 352 368 354 370 356 386 371 388 373 390 375 392 377 394 379 396 381 398 383 414 400 416 402 418 404 420 406 422 408 424 410 426 412 442 427 444 429 446 431 448 433 450 435 452 437 454 439 470 456 472 458 474 460 476 462 478 464 480 466 482 468 228 221 256 249 284 277 214 208 242 236 270 264 230 223 258 251 286 279 216 210 244 238 272 266 232 225 260 253 288 281 218 212 246 240 274 268 299 292 301 294 303 296 200 193 202 195 204 197 162 148 164 150 166 152
TICK
CX 23 8 25 10 27 12 29 14 31 16 33 18 49 35 51 37 53 39 55 41 57 43 59 45 61 47 79 64 81 66 83 68 85 70 87 72 89 74 105 91 107 93 109 95 111 97 113 99 115 101 117 103 135 120 137 122 139 124 141 126 143 128 145 130 169 155 171 157 173 159 189 175 190 177 191 179 331 316 333 318 335 320 337 322 339 324 341 326 357 343 359 345 361 347 363 349 365 351 367 353 369 355 387 372 389 374 391 376 393 378 395 380 397 382 413 399 415 401 417 403 419 405 421 407 423 409 425 411 443 428 445 430 447 432 449 434 451 436 453 438 469 455 471 457 473 459 475 461 477 463 479 465 481 467 496 483 497 485 498 487 499 489 500 491 501 493 213 207 215 209 217 211 227 220 229 222 231 224 233 226 241 235 243 237 245 239 255 248 257 250 259 252 261 254 269 263 271 265 273 267 283 276 285 278 287 280 289 282 201 194 203 196 205 198 167 153 199 192 161 147 163 149 165 151 298 291 300 293 302 295 304 297
CZ 22 36 24 38 26 40 28 42 30 44 32 46 34 48 50 65 52 67 54 69 56 71 58 73 60 75 78 92 80 94 82 96 84 98 86 100 88 102 90 104 106 121 108 123 110 125 112 127 114 129 116 131 134 148 136 150 138 152 140 154 142 156 144 158 146 160 168 176 170 178 172 180 330 344 332 346 334 348 336 350 338 352 340 354 342 356 358 373 360 375 362 377 364 379 366 381 368 383 386 400 388 402 390 404 392 406 394 408 396 410 398 412 414 429 416 431 418 433 420 435 422 437 424 439 442 456 444 458 446 460 448 462 450 464 452 466 454 468 470 484 472 486 474 488 476 490 478 492 480 494 228 234 256 262 284 290 214 221 242 249 270 277 230 236 258 264 286 292 216 223 244 251 272 279 232 238 260 266 288 294 218 225 246 253 274 281 306 317 308 319 310 321 200 206 202 208 204 210 183 193 185 195 187 197
TICK
CX 21 7 23 9 25 11 27 13 29 15 31 17 33 19 49 36 51 38 53 40 55 42 57 44 59 46 61 48 77 63 79 65 81 67 83 69 85 71 87 73 89 75 105 92 107 94 109 96 111 98 113 100 115 102 117 104 133 119 135 121 137 123 139 125 141 127 143 129 145 131 169 156 171 158 173 160 189 176 190 178 191 180 329 315 331 317 333 319 335 321 337 323 339 325 341 327 357 344 359 346 361 348 363 350 365 352 367 354 369 356 385 371 387 373 389 375 391 377 393 379 395 381 397 383 413 400 415 402 417 404 419 406 421 408 423 410 425 412 441 427 443 429 445 431 447 433 449 435 451 437 453 439 469 456 471 458 473 460 475 462 477 464 479 466 481 468 496 484 497 486 498 488 499 490 500 492 501 494 213 221 215 223 217 225 227 234 229 236 231 238 233 240 241 249 243 251 245 253 255 262 257 264 259 266 261 268 269 277 271 279 273 281 283 290 285 292 287 294 289 296 299 306 301 308 303 310 201 208 203 210 205 212 167 154 188 175 199 206 161 148 163 150 165 152 182 193 184 195 186 197 298 305 300 307 302 309 304 311
CZ 22 8 24 10 26 12 28 14 30 16 32 18 34 20 50 37 52 39 54 41 56 43 58 45 60 47 78 64 80 66 82 68 84 70 86 72 88 74 90 76 106 93 108 95 110 97 112 99 114 101 116 103 134 120 136 122 138 124 140 126 142 128 144 130 146 132 168 155 170 157 172 159 330 316 332 318 334 320 336 322 338 324 340 326 342 328 358 345 360 347 362 349 364 351 366 353 368 355 386 372 388 374 390 376 392 378 394 380 396 382 398 384 414 401 416 403 418 405 420 407 422 409 424 411 442 428 444 430 446 432 448 434 450 436 452 438 454 440 470 457 472 459 474 461 476 463 478 465 480 467 228 235 256 263 284 291 214 222 242 250 270 278 230 237 258 265 286 293 216 224 244 252 272 280 232 239 260 267 288 295 218 226 246 254 274 282 200 207 202 209 204 211 162 149 164 151 166 153 183 194 185 196 187 198
TICK
H 0 1 2 3 4 5 6 21 23 25 27 29 31 33 49 51 53 55 57 59 61 77 79 81 83 85 87 89 105 107 109 111 113 115 117 133 135 137 139 141 143 145 169 171 173 189 190 191 329 331 333 335 337 339 341 312 313 314 357 359 361 363 365 367 369 385 387 389 391 393 395 397 413 415 417 419 421 423 425 441 443 445 447 449 451 453 469 471 473 475 477 479 481 496 497 498 499 500 501 22 24 26 28 30 32 34 50 52 54 56 58 60 62 78 80 82 84 86 88 90 106 108 110 112 114 116 118 134 136 138 140 142 144 146 168 170 172 174 330 332 334 336 338 340 342 358 360 362 364 366 368 370 386 388 390 392 394 396 398 414 416 418 420 422 424 426 442 444 446 448 450 452 454 470 472 474 476 478 480 482 213 215 217 219 227 229 231 233 241 243 245 247 255 257 259 261 269 271 273 275 283 285 287 289 228 256 284 214 242 270 230 258 286 216 244 272 232 260 288 218 246 274 299 301 303 200 202 204 162 164 166 183 185 187 201 203 205 167 188 199 161 163 165 182 184 186 298 300 302 304
TICK
M 0 1 2 3 4 5 6 21 23 25 27 29 31 33 49 51 53 55 57 59 61 77 79 81 83 85 87 89 105 107 109 111 113 115 117 133 135 137 139 141 143 145 169 171 173 189 190 191 329 331 333 335 337 339 341 312 313 314 357 359 361 363 365 367 369 385 387 389 391 393 395 397 413 415 417 419 421 423 425 441 443 445 447 449 451 453 469 471 473 475 477 479 481 496 497 498 499 500 501 22 24 26 28 30 32 34 50 52 54 56 58 60 62 78 80 82 84 86 88 90 106 108 110 112 114 116 118 134 136 138 140 142 144 146 168 170 172 174 330 332 334 336 338 340 342 358 360 362 364 366 368 370 386 388 390 392 394 396 398 414 416 418 420 422 424 426 442 444 446 448 450 452 454 470 472 474 476 478 480 482 213 215 217 219 227 229 231 233 241 243 245 247 255 257 259 261 269 271 273 275 283 285 287 289 228 256 284 214 242 270 230 258 286 216 244 272 232 260 288 218 246 274 299 301 303 306 308 310 200 202 204 162 164 166 183 185 187 201 203 205 167 188 199 161 163 165 182 184 186 298 300 302 304 305 307 309 311
TICK
R 0 1 2 3 4 5 6 21 23 25 27 29 31 33 49 51 53 55 57 59 61 77 79 81 83 85 87 89 105 107 109 111 113 115 117 133 135 137 139 141 143 145 169 171 173 189 190 191 329 331 333 335 337 339 341 312 313 314 357 359 361 363 365 367 369 385 387 389 391 393 395 397 413 415 417 419 421 423 425 441 443 445 447 449 451 453 469 471 473 475 477 479 481 496 497 498 499 500 501 22 24 26 28 30 32 34 50 52 54 56 58 60 62 78 80 82 84 86 88 90 106 108 110 112 114 116 118 134 136 138 140 142 144 146 168 170 172 174 330 332 334 336 338 340 342 358 360 362 364 366 368 370 386 388 390 392 394 396 398 414 416 418 420 422 424 426 442 444 446 448 450 452 454 470 472 474 476 478 480 482 213 215 217 219 227 229 231 233 241 243 245 247 255 257 259 261 269 271 273 275 283 285 287 289 228 256 284 214 242 270 230 258 286 216 244 272 232 260 288 218 246 274 299 301 303 306 308 310 200 202 204 162 164 166 183 185 187 201 203 205 167 188 199 161 163 165 182 184 186 298 300 302 304 305 307 309 311
TICK
H 0 1 2 3 4 5 6 21 23 25 27 29 31 33 49 51 53 55 57 59 61 77 79 81 83 85 87 89 105 107 109 111 113 115 117 133 135 137 139 141 143 145 169 171 173 189 190 191 329 331 333 335 337 339 341 312 313 314 357 359 361 363 365 367 369 385 387 389 391 393 395 397 413 415 417 419 421 423 425 441 443 445 447 449 451 453 469 471 473 475 477 479 481 496 497 498 499 500 501 22 24 26 28 30 32 34 50 52 54 56 58 60 62 78 80 82 84 86 88 90 106 108 110 112 114 116 118 134 136 138 140 142 144 146 168 170 172 174 330 332 334 336 338 340 342 358 360 362 364 366 368 370 386 388 390 392 394 396 398 414 416 418 420 422 424 426 442 444 446 448 450 452 454 470 472 474 476 478 480 482 213 215 217 219 227 229 231 233 241 243 245 247 255 257 259 261 269 271 273 275 283 285 287 289 228 256 284 214 242 270 230 258 286 216 244 272 232 260 288 218 246 274 299 301 303 306 308 310 200 202 204 162 164 166 201 203 205 167 199 161 163 165 298 300 302 304 305 307 309 311
TICK
CX 0 8 1 10 2 12 3 14 4 16 5 18 6 20 21 35 23 37 25 39 27 41 29 43 31 45 33 47 49 64 51 66 53 68 55 70 57 72 59 74 61 76 77 91 79 93 81 95 83 97 85 99 87 101 89 103 105 120 107 122 109 124 111 126 113 128 115 130 117 132 133 147 135 149 137 151 139 153 141 155 143 157 145 159 169 177 171 179 173 181 329 343 331 345 333 347 335 349 337 351 339 353 341 355 312 324 313 326 314 328 357 372 359 374 361 376 363 378 365 380 367 382 369 384 385 399 387 401 389 403 391 405 393 407 395 409 397 411 413 428 415 430 417 432 419 434 421 436 423 438 425 440 441 455 443 457 445 459 447 461 449 463 451 465 453 467 469 483 471 485 473 487 475 489 477 491 479 493 481 495 213 207 215 209 217 211 227 220 229 222 231 224 233 226 241 235 243 237 245 239 255 248 257 250 259 252 261 254 269 263 271 265 273 267 283 276 285 278 287 280 289 282 201 194 203 196 205 198 162 183 164 185 166 187 167 188 199 192 161 182 163 184 165 186 298 291 300 293 302 295 304 297 305 316 307 318 309 320 311 322
CZ 22 36 24 38 26 40 28 42 30 44 32 46 34 48 50 65 52 67 54 69 56 71 58 73 60 75 78 92 80 94 82 96 84 98 86 100 88 102 90 104 106 121 108 123 110 125 112 127 114 129 116 131 134 148 136 150 138 152 140 154 142 156 144 158 146 160 168 176 170 178 172 180 330 344 332 346 334 348 336 350 338 352 340 354 342 356 358 373 360 375 362 377 364 379 366 381 368 383 386 400 388 402 390 404 392 406 394 408 396 410 398 412 414 429 416 431 418 433 420 435 422 437 424 439 442 456 444 458 446 460 448 462 450 464 452 466 454 468 470 484 472 486 474 488 476 490 478 492 480 494 228 221 256 249 284 277 214 208 242 236 270 264 230 223 258 251 286 279 216 210 244 238 272 266 232 225 260 253 288 281 218 212 246 240 274 268 299 292 301 294 303 296 306 317 308 319 310 321 200 193 202 195 204 197
TICK
CX 0 7 1 9 2 11 3 13 4 15 5 17 6 19 23 36 25 38 27 40 29 42 31 44 33 46 49 63 51 65 53 67 55 69 57 71 59 73 61 75 79 92 81 94 83 96 85 98 87 100 89 102 105 119 107 121 109 123 111 125 113 127 115 129 117 131 135 148 137 150 139 152 141 154 143 156 145 158 169 176 171 178 173 180 331 344 333 346 335 348 337 350 339 352 341 354 312 323 313 325 314 327 357 371 359 373 361 375 363 377 365 379 367 381 369 383 387 400 389 402 391 404 393 406 395 408 397 410 413 427 415 429 417 431 419 433 421 435 423 437 425 439 443 456 445 458 447 460 449 462 451 464 453 466 471 484 473 486 475 488 477 490 479 492 481 494 213 221 215 223 217 225 227 234 229 236 231 238 233 240 241 249 243 251 245 253 255 262 257 264 259 266 261 268 269 277 271 279 273 281 283 290 285 292 287 294 289 296 201 208 203 210 205 212 188 175 199 206 182 193 184 195 186 197 305 315 307 317 309 319 311 321
CZ 22 8 24 10 26 12 28 14 30 16 32 18 34 20 50 37 52 39 54 41 56 43 58 45 60 47 78 64 80 66 82 68 84 70 86 72 88 74 90 76 106 93 108 95 110 97 112 99 114 101 116 103 134 120 136 122 138 124 140 126 142 128 144 130 146 132 168 155 170 157 172 159 330 316 332 318 334 320 336 322 338 324 340 326 342 328 358 345 360 347 362 349 364 351 366 353 368 355 386 372 388 374 390 376 392 378 394 380 396 382 398 384 414 401 416 403 418 405 420 407 422 409 424 411 442 428 444 430 446 432 448 434 450 436 452 438 454 440 470 457 472 459 474 461 476 463 478 465 480 467 228 220 256 248 284 276 200 192 214 207 242 235 270 263 202 194 230 222 258 250 286 278 216 209 244 237 272 265 204 196 232 224 260 252 288 280 218 211 246 239 274 267 303 295 301 293 299 291 162 149 164 151 166 153
TICK
CX 21 7 23 9 25 11 27 13 29 15 31 17 33 19 49 36 51 38 53 40 55 42 57 44 59 46 61 48 77 63 79 65 81 67 83 69 85 71 87 73 89 75 105 92 107 94 109 96 111 98 113 100 115 102 117 104 133 119 135 121 137 123 139 125 141 127 143 129 145 131 169 156 171 158 173 160 189 176 190 178 191 180 329 315 331 317 333 319 335 321 337 323 339 325 341 327 357 344 359 346 361 348 363 350 365 352 367 354 369 356 385 371 387 373 389 375 391 377 393 379 395 381 397 383 413 400 415 402 417 404 419 406 421 408 423 410 425 412 441 427 443 429 445 431 447 433 449 435 451 437 453 439 469 456 471 458 473 460 475 462 477 464 479 466 481 468 496 484 497 486 498 488 499 490 500 492 501 494 213 206 215 208 217 210 219 212 229 221 231 223 233 225 241 234 243 236 245 238 247 240 257 249 259 251 261 253 269 262 271 264 273 266 275 268 285 277 287 279 289 281 201 193 203 195 205 197 167 154 161 148 163 150 165 152 298 290 300 292 302 294 304 296
CZ 22 35 24 37 26 39 28 41 30 43 32 45 34 47 50 64 52 66 54 68 56 70 58 72 60 74 62 76 78 91 80 93 82 95 84 97 86 99 88 101 90 103 106 120 108 122 110 124 112 126 114 128 116 130 118 132 134 147 136 149 138 151 140 153 142 155 144 157 146 159 168 175 170 177 172 179 174 181 330 343 332 345 334 347 336 349 338 351 340 353 342 355 358 372 360 374 362 376 364 378 366 380 368 382 370 384 386 399 388 401 390 403 392 405 394 407 396 409 398 411 414 428 416 430 418 432 420 434 422 436 424 438 426 440 442 455 444 457 446 459 448 461 450 463 452 465 454 467 470 483 472 485 474 487 476 489 478 491 480 493 482 495 306 316 308 318 310 320 228 235 256 263 284 291 200 207 214 222 242 250 270 278 202 209 230 237 258 265 286 293 216 224 244 252 272 280 204 211 232 239 260 267 288 295 218 226 246 254 274 282 183 194 185 196 187 198
TICK
CX 23 8 25 10 27 12 29 14 31 16 33 18 49 35 51 37 53 39 55 41 57 43 59 45 61 47 79 64 81 66 83 68 85 70 87 72 89 74 105 91 107 93 109 95 111 97 113 99 115 101 117 103 135 120 137 122 139 124 141 126 143 128 145 130 169 155 171 157 173 159 189 175 190 177 191 179 331 316 333 318 335 320 337 322 339 324 341 326 357 343 359 345 361 347 363 349 365 351 367 353 369 355 387 372 389 374 391 376 393 378 395 380 397 382 413 399 415 401 417 403 419 405 421 407 423 409 425 411 443 428 445 430 447 432 449 434 451 436 453 438 469 455 471 457 473 459 475 461 477 463 479 465 481 467 496 483 497 485 498 487 499 489 500 491 501 493 213 220 215 222 217 224 219 226 229 235 231 237 233 239 241 248 243 250 245 252 247 254 257 263 259 265 261 267 269 276 271 278 273 280 275 282 285 291 287 293 289 295 299 306 301 308 303 310 201 207 203 209 205 211 167 153 188 198 161 147 163 149 165 151 182 192 184 194 186 196 298 305 300 307 302 309 304 311
CZ 22 7 24 9 26 11 28 13 30 15 32 17 34 19 50 36 52 38 54 40 56 42 58 44 60 46 62 48 78 63 80 65 82 67 84 69 86 71 88 73 90 75 106 92 108 94 110 96 112 98 114 100 116 102 118 104 134 119 136 121 138 123 140 125 142 127 144 129 146 131 168 154 170 156 172 158 174 160 330 315 332 317 334 319 336 321 338 323 340 325 342 327 358 344 360 346 362 348 364 350 366 352 368 354 370 356 386 371 388 373 390 375 392 377 394 379 396 381 398 383 414 400 416 402 418 404 420 406 422 408 424 410 426 412 442 427 444 429 446 431 448 433 450 435 452 437 454 439 470 456 472 458 474 460 476 462 478 464 480 466 482 468 228 234 256 262 284 290 214 221 242 249 270 277 230 236 258 264 286 292 216 223 244 251 272 279 232 238 260 266 288 294 218 225 246 253 274 281 200 206 202 208 204 210 162 148 164 150 166 152 183 193 185 195 187 197
TICK
H 0 1 2 3 4 5 6 21 23 25 27 29 31 33 49 51 53 55 57 59 61 77 79 81 83 85 87 89 105 107 109 111 113 115 117 133 135 137 139 141 143 145 169 171 173 189 190 191 329 331 333 335 337 339 341 312 313 314 357 359 361 363 365 367 369 385 387 389 391 393 395 397 413 415 417 419 421 423 425 441 443 445 447 449 451 453 469 471 473 475 477 479 481 496 497 498 499 500 501 22 24 26 28 30 32 34 50 52 54 56 58 60 62 78 80 82 84 86 88 90 106 108 110 112 114 116 118 134 136 138 140 142 144 146 168 170 172 174 330 332 334 336 338 340 342 358 360 362 364 366 368 370 386 388 390 392 394 396 398 414 416 418 420 422 424 426 442 444 446 448 450 452 454 470 472 474 476 478 480 482 213 215 217 219 227 229 231 233 241 243 245 247 255 257 259 261 269 271 273 275 283 285 287 289 228 256 284 214 242 270 230 258 286 216 244 272 232 260 288 218 246 274 299 301 303 200 202 204 162 164 166 183 185 187 201 203 205 167 188 199 161 163 165 182 184 186 298 300 302 304
TICK
M 0 1 2 3 4 5 6 21 23 25 27 29 31 33 49 51 53 55 57 59 61 77 79 81 83 85 87 89 105 107 109 111 113 115 117 133 135 137 139 141 143 145 169 171 173 189 190 191 329 331 333 335 337 339 341 312 313 314 357 359 361 363 365 367 369 385 387 389 391 393 395 397 413 415 417 419 421 423 425 441 443 445 447 449 451 453 469 471 473 475 477 479 481 496 497 498 499 500 501 22 24 26 28 30 32 34 50 52 54 56 58 60 62 78 80 82 84 86 88 90 106 108 110 112 114 116 118 134 136 138 140 142 144 146 168 170 172 174 330 332 334 336 338 340 342 358 360 362 364 366 368 370 386 388 390 392 394 396 398 414 416 418 420 422 424 426 442 444 446 448 450 452 454 470 472 474 476 478 480 482 213 215 217 219 227 229 231 233 241 243 245 247 255 257 259 261 269 271 273 275 283 285 287 289 228 256 284 214 242 270 230 258 286 216 244 272 232 260 288 218 246 274 299 301 303 306 308 310 200 202 204 162 164 166 183 185 187 201 203 205 167 188 199 161 163 165 182 184 186 298 300 302 304 305 307 309 311
TICK
M 7 8 9 10 11 12 13 35 36 37 38 39 40 41 63 64 65 66 67 68 69 91 92 93 94 95 96 97 119 120 121 122 123 124 125 147 148 149 150 151 152 153 192 193 194 195 196 197 198 206 207 208 209 210 211 212 220 221 222 223 224 225 226 234 235 236 237 238 239 240 248 249 250 251 252 253 254 262 263 264 265 266 267 268 276 277 278 279 280 281 282 290 291 292 293 294 295 296 315 316 317 318 319 320 321 343 344 345 346 347 348 349 371 372 373 374 375 376 377 399 400 401 402 403 404 405 427 428 429 430 431 432 433 455 456 457 458 459 460 461 483 484 485 486 487 488
TICK
R 4 5 6 29 31 33 57 59 61 85 87 89 113 115 117 141 143 145 169 171 173 189 190 191 337 339 341 312 313 314 365 367 369 393 395 397 421 423 425 449 451 453 477 479 481 499 500 501 28 30 32 34 56 58 60 62 84 86 88 90 112 114 116 118 140 142 144 146 168 170 172 174 336 338 340 342 364 366 368 370 392 394 396 398 420 422 424 426 448 450 452 454 476 478 480 482
TICK
H 4 5 6 29 31 33 57 59 61 85 87 89 113 115 117 141 143 145 169 171 173 189 190 191 337 339 341 312 313 314 365 367 369 393 395 397 421 423 425 449 451 453 477 479 481 499 500 501 28 30 32 34 56 58 60 62 84 86 88 90 112 114 116 118 140 142 144 146 168 170 172 174 336 338 340 342 364 366 368 370 392 394 396 398 420 422 424 426 448 450 452 454 476 478 480 482
TICK
CX 4 16 5 18 6 20 29 43 31 45 33 47 57 72 59 74 61 76 85 99 87 101 89 103 113 128 115 130 117 132 141 155 143 157 145 159 169 177 171 179 173 181 337 351 339 353 341 355 312 324 313 326 314 328 365 380 367 382 369 384 393 407 395 409 397 411 421 436 423 438 425 440 449 463 451 465 453 467 477 491 479 493 481 495
CZ 28 42 30 44 32 46 34 48 56 71 58 73 60 75 84 98 86 100 88 102 90 104 112 127 114 129 116 131 140 154 142 156 144 158 146 160 168 176 170 178 172 180 336 350 338 352 340 354 342 356 364 379 366 381 368 383 392 406 394 408 396 410 398 412 420 435 422 437 424 439 448 462 450 464 452 466 454 468 476 490 478 492 480 494
TICK
CX 4 15 5 17 6 19 29 42 31 44 33 46 57 71 59 73 61 75 85 98 87 100 89 102 113 127 115 129 117 131 141 154 143 156 145 158 169 176 171 178 173 180 337 350 339 352 341 354 312 323 313 325 314 327 365 379 367 381 369 383 393 406 395 408 397 410 421 435 423 437 425 439 449 462 451 464 453 466 477 490 479 492 481 494
CZ 28 14 30 16 32 18 34 20 56 43 58 45 60 47 84 70 86 72 88 74 90 76 112 99 114 101 116 103 140 126 142 128 144 130 146 132 168 155 170 157 172 159 336 322 338 324 340 326 342 328 364 351 366 353 368 355 392 378 394 380 396 382 398 384 420 407 422 409 424 411 448 434 450 436 452 438 454 440 476 463 478 465 480 467
TICK
CX 29 15 31 17 33 19 57 44 59 46 61 48 85 71 87 73 89 75 113 100 115 102 117 104 141 127 143 129 145 131 169 156 171 158 173 160 189 176 190 178 191 180 337 323 339 325 341 327 365 352 367 354 369 356 393 379 395 381 397 383 421 408 423 410 425 412 449 435 451 437 453 439 477 464 479 466 481 468 499 490 500 492 501 494
CZ 30 43 32 45 34 47 56 70 58 72 60 74 62 76 86 99 88 101 90 103 112 126 114 128 116 130 118 132 142 155 144 157 146 159 168 175 170 177 172 179 174 181 338 351 340 353 342 355 364 378 366 380 368 382 370 384 394 407 396 409 398 411 420 434 422 436 424 438 426 440 450 463 452 465 454 467 476 489 478 491 480 493 482 495
TICK
CX 29 14 31 16 33 18 57 43 59 45 61 47 85 70 87 72 89 74 113 99 115 101 117 103 141 126 143 128 145 130 169 155 171 157 173 159 189 175 190 177 191 179 337 322 339 324 341 326 365 351 367 353 369 355 393 378 395 380 397 382 421 407 423 409 425 411 449 434 451 436 453 438 477 463 479 465 481 467 499 489 500 491 501 493
CZ 30 15 32 17 34 19 56 42 58 44 60 46 62 48 86 71 88 73 90 75 112 98 114 100 116 102 118 104 142 127 144 129 146 131 168 154 170 156 172 158 174 160 338 323 340 325 342 327 364 350 366 352 368 354 370 356 394 379 396 381 398 383 420 406 422 408 424 410 426 412 450 435 452 437 454 439 476 462 478 464 480 466 482 468
TICK
H 4 5 6 29 31 33 57 59 61 85 87 89 113 115 117 141 143 145 169 171 173 189 190 191 337 339 341 312 313 314 365 367 369 393 395 397 421 423 425 449 451 453 477 479 481 499 500 501 28 30 32 34 56 58 60 62 84 86 88 90 112 114 116 118 140 142 144 146 168 170 172 174 336 338 340 342 364 366 368 370 392 394 396 398 420 422 424 426 448 450 452 454 476 478 480 482
TICK
M 4 5 6 29 31 33 57 59 61 85 87 89 113 115 117 141 143 145 169 171 173 189 190 191 337 339 341 312 313 314 365 367 369 393 395 397 421 423 425 449 451 453 477 479 481 499 500 501 28 30 32 34 56 58 60 62 84 86 88 90 112 114 116 118 140 142 144 146 168 170 172 174 336 338 340 342 364 366 368 370 392 394 396 398 420 422 424 426 448 450 452 454 476 478 480 482
TICK
R 4 5 6 29 31 33 57 59 61 85 87 89 113 115 117 141 143 145 169 171 173 189 190 191 337 339 341 312 313 314 365 367 369 393 395 397 421 423 425 449 451 453 477 479 481 499 500 501 28 30 32 34 56 58 60 62 84 86 88 90 112 114 116 118 140 142 144 146 168 170 172 174 336 338 340 342 364 366 368 370 392 394 396 398 420 422 424 426 448 450 452 454 476 478 480 482
TICK
H 4 5 6 29 31 33 57 59 61 85 87 89 113 115 117 141 143 145 169 171 173 189 190 191 337 339 341 312 313 314 365 367 369 393 395 397 421 423 425 449 451 453 477 479 481 499 500 501 28 30 32 34 56 58 60 62 84 86 88 90 112 114 116 118 140 142 144 146 168 170 172 174 336 338 340 342 364 366 368 370 392 394 396 398 420 422 424 426 448 450 452 454 476 478 480 482
TICK
CX 4 15 5 17 6 19 29 42 31 44 33 46 57 71 59 73 61 75 85 98 87 100 89 102 113 127 115 129 117 131 141 154 143 156 145 158 169 176 171 178 173 180 337 350 339 352 341 354 312 323 313 325 314 327 365 379 367 381 369 383 393 406 395 408 397 410 421 435 423 437 425 439 449 462 451 464 453 466 477 490 479 492 481 494
CZ 30 43 32 45 34 47 56 70 58 72 60 74 62 76 86 99 88 101 90 103 112 126 114 128 116 130 118 132 142 155 144 157 146 159 168 175 170 177 172 179 174 181 338 351 340 353 342 355 364 378 366 380 368 382 370 384 394 407 396 409 398 411 420 434 422 436 424 438 426 440 450 463 452 465 454 467 476 489 478 491 480 493 482 495
TICK
CX 4 16 5 18 6 20 29 43 31 45 33 47 57 72 59 74 61 76 85 99 87 101 89 103 113 128 115 130 117 132 141 155 143 157 145 159 169 177 171 179 173 181 337 351 339 353 341 355 312 324 313 326 314 328 365 380 367 382 369 384 393 407 395 409 397 411 421 436 423 438 425 440 449 463 451 465 453 467 477 491 479 493 481 495
CZ 30 15 32 17 34 19 56 42 58 44 60 46 62 48 86 71 88 73 90 75 112 98 114 100 116 102 118 104 142 127 144 129 146 131 168 154 170 156 172 158 174 160 338 323 340 325 342 327 364 350 366 352 368 354 370 356 394 379 396 381 398 383 420 406 422 408 424 410 426 412 450 435 452 437 454 439 476 462 478 464 480 466 482 468
TICK
CX 29 14 31 16 33 18 57 43 59 45 61 47 85 70 87 72 89 74 113 99 115 101 117 103 141 126 143 128 145 130 169 155 171 157 173 159 189 175 190 177 191 179 337 322 339 324 341 326 365 351 367 353 369 355 393 378 395 380 397 382 421 407 423 409 425 411 449 434 451 436 453 438 477 463 479 465 481 467 499 489 500 491 501 493
CZ 28 42 30 44 32 46 34 48 56 71 58 73 60 75 84 98 86 100 88 102 90 104 112 127 114 129 116 131 140 154 142 156 144 158 146 160 168 176 170 178 172 180 336 350 338 352 340 354 342 356 364 379 366 381 368 383 392 406 394 408 396 410 398 412 420 435 422 437 424 439 448 462 450 464 452 466 454 468 476 490 478 492 480 494
TICK
CX 29 15 31 17 33 19 57 44 59 46 61 48 85 71 87 73 89 75 113 100 115 102 117 104 141 127 143 129 145 131 169 156 171 158 173 160 189 176 190 178 191 180 337 323 339 325 341 327 365 352 367 354 369 356 393 379 395 381 397 383 421 408 423 410 425 412 449 435 451 437 453 439 477 464 479 466 481 468 499 490 500 492 501 494
CZ 28 14 30 16 32 18 34 20 56 43 58 45 60 47 84 70 86 72 88 74 90 76 112 99 114 101 116 103 140 126 142 128 144 130 146 132 168 155 170 157 172 159 336 322 338 324 340 326 342 328 364 351 366 353 368 355 392 378 394 380 396 382 398 384 420 407 422 409 424 411 448 434 450 436 452 438 454 440 476 463 478 465 480 467
TICK
H 4 5 6 29 31 33 57 59 61 85 87 89 113 115 117 141 143 145 169 171 173 189 190 191 337 339 341 312 313 314 365 367 369 393 395 397 421 423 425 449 451 453 477 479 481 499 500 501 28 30 32 34 56 58 60 62 84 86 88 90 112 114 116 118 140 142 144 146 168 170 172 174 336 338 340 342 364 366 368 370 392 394 396 398 420 422 424 426 448 450 452 454 476 478 480 482
TICK
M 4 5 6 29 31 33 57 59 61 85 87 89 113 115 117 141 143 145 169 171 173 189 190 191 337 339 341 312 313 314 365 367 369 393 395 397 421 423 425 449 451 453 477 479 481 499 500 501 28 30 32 34 56 58 60 62 84 86 88 90 112 114 116 118 140 142 144 146 168 170 172 174 336 338 340 342 364 366 368 370 392 394 396 398 420 422 424 426 448 450 452 454 476 478 480 482
TICK
R 4 5 6 29 31 33 57 59 61 85 87 89 113 115 117 141 143 145 169 171 173 189 190 191 337 339 341 312 313 314 365 367 369 393 395 397 421 423 425 449 451 453 477 479 481 499 500 501 28 30 32 34 56 58 60 62 84 86 88 90 112 114 116 118 140 142 144 146 168 170 172 174 336 338 340 342 364 366 368 370 392 394 396 398 420 422 424 426 448 450 452 454 476 478 480 482
TICK
H 4 5 6 29 31 33 57 59 61 85 87 89 113 115 117 141 143 145 169 171 173 189 190 191 337 339 341 312 313 314 365 367 369 393 395 397 421 423 425 449 451 453 477 479 481 499 500 501 28 30 32 34 56 58 60 62 84 86 88 90 112 114 116 118 140 142 144 146 168 170 172 174 336 338 340 342 364 366 368 370 392 394 396 398 420 422 424 426 448 450 452 454 476 478 480 482
TICK
CX 4 16 5 18 6 20 29 43 31 45 33 47 57 72 59 74 61 76 85 99 87 101 89 103 113 128 115 130 117 132 141 155 143 157 145 159 169 177 171 179 173 181 337 351 339 353 341 355 312 324 313 326 314 328 365 380 367 382 369 384 393 407 395 409 397 411 421 436 423 438 425 440 449 463 451 465 453 467 477 491 479 493 481 495
CZ 28 42 30 44 32 46 34 48 56 71 58 73 60 75 84 98 86 100 88 102 90 104 112 127 114 129 116 131 140 154 142 156 144 158 146 160 168 176 170 178 172 180 336 350 338 352 340 354 342 356 364 379 366 381 368 383 392 406 394 408 396 410 398 412 420 435 422 437 424 439 448 462 450 464 452 466 454 468 476 490 478 492 480 494
TICK
CX 4 15 5 17 6 19 29 42 31 44 33 46 57 71 59 73 61 75 85 98 87 100 89 102 113 127 115 129 117 131 141 154 143 156 145 158 169 176 171 178 173 180 337 350 339 352 341 354 312 323 313 325 314 327 365 379 367 381 369 383 393 406 395 408 397 410 421 435 423 437 425 439 449 462 451 464 453 466 477 490 479 492 481 494
CZ 28 14 30 16 32 18 34 20 56 43 58 45 60 47 84 70 86 72 88 74 90 76 112 99 114 101 116 103 140 126 142 128 144 130 146 132 168 155 170 157 172 159 336 322 338 324 340 326 342 328 364 351 366 353 368 355 392 378 394 380 396 382 398 384 420 407 422 409 424 411 448 434 450 436 452 438 454 440 476 463 478 465 480 467
TICK
CX 29 15 31 17 33 19 57 44 59 46 61 48 85 71 87 73 89 75 113 100 115 102 117 104 141 127 143 129 145 131 169 156 171 158 173 160 189 176 190 178 191 180 337 323 339 325 341 327 365 352 367 354 369 356 393 379 395 381 397 383 421 408 423 410 425 412 449 435 451 437 453 439 477 464 479 466 481 468 499 490 500 492 501 494
CZ 30 43 32 45 34 47 56 70 58 72 60 74 62 76 86 99 88 101 90 103 112 126 114 128 116 130 118 132 142 155 144 157 146 159 168 175 170 177 172 179 174 181 338 351 340 353 342 355 364 378 366 380 368 382 370 384 394 407 396 409 398 411 420 434 422 436 424 438 426 440 450 463 452 465 454 467 476 489 478 491 480 493 482 495
TICK
CX 29 14 31 16 33 18 57 43 59 45 61 47 85 70 87 72 89 74 113 99 115 101 117 103 141 126 143 128 145 130 169 155 171 157 173 159 189 175 190 177 191 179 337 322 339 324 341 326 365 351 367 353 369 355 393 378 395 380 397 382 421 407 423 409 425 411 449 434 451 436 453 438 477 463 479 465 481 467 499 489 500 491 501 493
CZ 30 15 32 17 34 19 56 42 58 44 60 46 62 48 86 71 88 73 90 75 112 98 114 100 116 102 118 104 142 127 144 129 146 131 168 154 170 156 172 158 174 160 338 323 340 325 342 327 364 350 366 352 368 354 370 356 394 379 396 381 398 383 420 406 422 408 424 410 426 412 450 435 452 437 454 439 476 462 478 464 480 466 482 468
TICK
H 4 5 6 29 31 33 57 59 61 85 87 89 113 115 117 141 143 145 169 171 173 189 190 191 337 339 341 312 313 314 365 367 369 393 395 397 421 423 425 449 451 453 477 479 481 499 500 501 28 30 32 34 56 58 60 62 84 86 88 90 112 114 116 118 140 142 144 146 168 170 172 174 336 338 340 342 364 366 368 370 392 394 396 398 420 422 424 426 448 450 452 454 476 478 480 482
TICK
M 4 5 6 29 31 33 57 59 61 85 87 89 113 115 117 141 143 145 169 171 173 189 190 191 337 339 341 312 313 314 365 367 369 393 395 397 421 423 425 449 451 453 477 479 481 499 500 501 28 30 32 34 56 58 60 62 84 86 88 90 112 114 116 118 140 142 144 146 168 170 172 174 336 338 340 342 364 366 368 370 392 394 396 398 420 422 424 426 448 450 452 454 476 478 480 482
TICK
R 4 5 6 29 31 33 57 59 61 85 87 89 113 115 117 141 143 145 169 171 173 189 190 191 337 339 341 312 313 314 365 367 369 393 395 397 421 423 425 449 451 453 477 479 481 499 500 501 28 30 32 34 56 58 60 62 84 86 88 90 112 114 116 118 140 142 144 146 168 170 172 174 336 338 340 342 364 366 368 370 392 394 396 398 420 422 424 426 448 450 452 454 476 478 480 482
TICK
H 4 5 6 29 31 33 57 59 61 85 87 89 113 115 117 141 143 145 169 171 173 189 190 191 337 339 341 312 313 314 365 367 369 393 395 397 421 423 425 449 451 453 477 479 481 499 500 501 28 30 32 34 56 58 60 62 84 86 88 90 112 114 116 118 140 142 144 146 168 170 172 174 336 338 340 342 364 366 368 370 392 394 396 398 420 422 424 426 448 450 452 454 476 478 480 482
TICK
CX 4 15 5 17 6 19 29 42 31 44 33 46 57 71 59 73 61 75 85 98 87 100 89 102 113 127 115 129 117 131 141 154 143 156 145 158 169 176 171 178 173 180 337 350 339 352 341 354 312 323 313 325 314 327 365 379 367 381 369 383 393 406 395 408 397 410 421 435 423 437 425 439 449 462 451 464 453 466 477 490 479 492 481 494
CZ 30 43 32 45 34 47 56 70 58 72 60 74 62 76 86 99 88 101 90 103 112 126 114 128 116 130 118 132 142 155 144 157 146 159 168 175 170 177 172 179 174 181 338 351 340 353 342 355 364 378 366 380 368 382 370 384 394 407 396 409 398 411 420 434 422 436 424 438 426 440 450 463 452 465 454 467 476 489 478 491 480 493 482 495
TICK
CX 4 16 5 18 6 20 29 43 31 45 33 47 57 72 59 74 61 76 85 99 87 101 89 103 113 128 115 130 117 132 141 155 143 157 145 159 169 177 171 179 173 181 337 351 339 353 341 355 312 324 313 326 314 328 365 380 367 382 369 384 393 407 395 409 397 411 421 436 423 438 425 440 449 463 451 465 453 467 477 491 479 493 481 495
CZ 30 15 32 17 34 19 56 42 58 44 60 46 62 48 86 71 88 73 90 75 112 98 114 100 116 102 118 104 142 127 144 129 146 131 168 154 170 156 172 158 174 160 338 323 340 325 342 327 364 350 366 352 368 354 370 356 394 379 396 381 398 383 420 406 422 408 424 410 426 412 450 435 452 437 454 439 476 462 478 464 480 466 482 468
TICK
CX 29 14 31 16 33 18 57 43 59 45 61 47 85 70 87 72 89 74 113 99 115 101 117 103 141 126 143 128 145 130 169 155 171 157 173 159 189 175 190 177 191 179 337 322 339 324 341 326 365 351 367 353 369 355 393 378 395 380 397 382 421 407 423 409 425 411 449 434 451 436 453 438 477 463 479 465 481 467 499 489 500 491 501 493
CZ 28 42 30 44 32 46 34 48 56 71 58 73 60 75 84 98 86 100 88 102 90 104 112 127 114 129 116 131 140 154 142 156 144 158 146 160 168 176 170 178 172 180 336 350 338 352 340 354 342 356 364 379 366 381 368 383 392 406 394 408 396 410 398 412 420 435 422 437 424 439 448 462 450 464 452 466 454 468 476 490 478 492 480 494
TICK
CX 29 15 31 17 33 19 57 44 59 46 61 48 85 71 87 73 89 75 113 100 115 102 117 104 141 127 143 129 145 131 169 156 171 158 173 160 189 176 190 178 191 180 337 323 339 325 341 327 365 352 367 354 369 356 393 379 395 381 397 383 421 408 423 410 425 412 449 435 451 437 453 439 477 464 479 466 481 468 499 490 500 492 501 494
CZ 28 14 30 16 32 18 34 20 56 43 58 45 60 47 84 70 86 72 88 74 90 76 112 99 114 101 116 103 140 126 142 128 144 130 146 132 168 155 170 157 172 159 336 322 338 324 340 326 342 328 364 351 366 353 368 355 392 378 394 380 396 382 398 384 420 407 422 409 424 411 448 434 450 436 452 438 454 440 476 463 478 465 480 467
TICK
H 4 5 6 29 31 33 57 59 61 85 87 89 113 115 117 141 143 145 169 171 173 189 190 191 337 339 341 312 313 314 365 367 369 393 395 397 421 423 425 449 451 453 477 479 481 499 500 501 28 30 32 34 56 58 60 62 84 86 88 90 112 114 116 118 140 142 144 146 168 170 172 174 336 338 340 342 364 366 368 370 392 394 396 398 420 422 424 426 448 450 452 454 476 478 480 482
TICK
M 4 5 6 29 31 33 57 59 61 85 87 89 113 115 117 141 143 145 169 171 173 189 190 191 337 339 341 312 313 314 365 367 369 393 395 397 421 423 425 449 451 453 477 479 481 499 500 501 28 30 32 34 56 58 60 62 84 86 88 90 112 114 116 118 140 142 144 146 168 170 172 174 336 338 340 342 364 366 368 370 392 394 396 398 420 422 424 426 448 450 452 454 476 478 480 482
TICK
R 4 5 6 29 31 33 57 59 61 85 87 89 113 115 117 141 143 145 169 171 173 189 190 191 337 339 341 312 313 314 365 367 369 393 395 397 421 423 425 449 451 453 477 479 481 499 500 501 28 30 32 34 56 58 60 62 84 86 88 90 112 114 116 118 140 142 144 146 168 170 172 174 336 338 340 342 364 366 368 370 392 394 396 398 420 422 424 426 448 450 452 454 476 478 480 482
TICK
H 4 5 6 29 31 33 57 59 61 85 87 89 113 115 117 141 143 145 169 171 173 189 190 191 337 339 341 312 313 314 365 367 369 393 395 397 421 423 425 449 451 453 477 479 481 499 500 501 28 30 32 34 56 58 60 62 84 86 88 90 112 114 116 118 140 142 144 146 168 170 172 174 336 338 340 342 364 366 368 370 392 394 396 398 420 422 424 426 448 450 452 454 476 478 480 482
TICK
CX 4 16 5 18 6 20 29 43 31 45 33 47 57 72 59 74 61 76 85 99 87 101 89 103 113 128 115 130 117 132 141 155 143 157 145 159 169 177 171 179 173 181 337 351 339 353 341 355 312 324 313 326 314 328 365 380 367 382 369 384 393 407 395 409 397 411 421 436 423 438 425 440 449 463 451 465 453 467 477 491 479 493 481 495
CZ 28 42 30 44 32 46 34 48 56 71 58 73 60 75 84 98 86 100 88 102 90 104 112 127 114 129 116 131 140 154 142 156 144 158 146 160 168 176 170 178 172 180 336 350 338 352 340 354 342 356 364 379 366 381 368 383 392 406 394 408 396 410 398 412 420 435 422 437 424 439 448 462 450 464 452 466 454 468 476 490 478 492 480 494
TICK
CX 4 15 5 17 6 19 29 42 31 44 33 46 57 71 59 73 61 75 85 98 87 100 89 102 113 127 115 129 117 131 141 154 143 156 145 158 169 176 171 178 173 180 337 350 339 352 341 354 312 323 313 325 314 327 365 379 367 381 369 383 393 406 395 408 397 410 421 435 423 437 425 439 449 462 451 464 453 466 477 490 479 492 481 494
CZ 28 14 30 16 32 18 34 20 56 43 58 45 60 47 84 70 86 72 88 74 90 76 112 99 114 101 116 103 140 126 142 128 144 130 146 132 168 155 170 157 172 159 336 322 338 324 340 326 342 328 364 351 366 353 368 355 392 378 394 380 396 382 398 384 420 407 422 409 424 411 448 434 450 436 452 438 454 440 476 463 478 465 480 467
TICK
CX 29 15 31 17 33 19 57 44 59 46 61 48 85 71 87 73 89 75 113 100 115 102 117 104 141 127 143 129 145 131 169 156 171 158 173 160 189 176 190 178 191 180 337 323 339 325 341 327 365 352 367 354 369 356 393 379 395 381 397 383 421 408 423 410 425 412 449 435 451 437 453 439 477 464 479 466 481 468 499 490 500 492 501 494
CZ 30 43 32 45 34 47 56 70 58 72 60 74 62 76 86 99 88 101 90 103 112 126 114 128 116 130 118 132 142 155 144 157 146 159 168 175 170 177 172 179 174 181 338 351 340 353 342 355 364 378 366 380 368 382 370 384 394 407 396 409 398 411 420 434 422 436 424 438 426 440 450 463 452 465 454 467 476 489 478 491 480 493 482 495
TICK
CX 29 14 31 16 33 18 57 43 59 45 61 47 85 70 87 72 89 74 113 99 115 101 117 103 141 126 143 128 145 130 169 155 171 157 173 159 189 175 190 177 191 179 337 322 339 324 341 326 365 351 367 353 369 355 393 378 395 380 397 382 421 407 423 409 425 411 449 434 451 436 453 438 477 463 479 465 481 467 499 489 500 491 501 493
CZ 30 15 32 17 34 19 56 42 58 44 60 46 62 48 86 71 88 73 90 75 112 98 114 100 116 102 118 104 142 127 144 129 146 131 168 154 170 156 172 158 174 160 338 323 340 325 342 327 364 350 366 352 368 354 370 356 394 379 396 381 398 383 420 406 422 408 424 410 426 412 450 435 452 437 454 439 476 462 478 464 480 466 482 468
TICK
H 4 5 6 29 31 33 57 59 61 85 87 89 113 115 117 141 143 145 169 171 173 189 190 191 337 339 341 312 313 314 365 367 369 393 395 397 421 423 425 449 451 453 477 479 481 499 500 501 28 30 32 34 56 58 60 62 84 86 88 90 112 114 116 118 140 142 144 146 168 170 172 174 336 338 340 342 364 366 368 370 392 394 396 398 420 422 424 426 448 450 452 454 476 478 480 482
TICK
M 4 5 6 29 31 33 57 59 61 85 87 89 113 115 117 141 143 145 169 171 173 189 190 191 337 339 341 312 313 314 365 367 369 393 395 397 421 423 425 449 451 453 477 479 481 499 500 501 28 30 32 34 56 58 60 62 84 86 88 90 112 114 116 118 140 142 144 146 168 170 172 174 336 338 340 342 364 366 368 370 392 394 396 398 420 422 424 426 448 450 452 454 476 478 480 482
TICK
R 4 5 6 29 31 33 57 59 61 85 87 89 113 115 117 141 143 145 169 171 173 189 190 191 337 339 341 312 313 314 365 367 369 393 395 397 421 423 425 449 451 453 477 479 481 499 500 501 28 30 32 34 56 58 60 62 84 86 88 90 112 114 116 118 140 142 144 146 168 170 172 174 336 338 340 342 364 366 368 370 392 394 396 398 420 422 424 426 448 450 452 454 476 478 480 482
TICK
H 4 5 6 29 31 33 57 59 61 85 87 89 113 115 117 141 143 145 169 171 173 189 190 191 337 339 341 312 313 314 365 367 369 393 395 397 421 423 425 449 451 453 477 479 481 499 500 501 28 30 32 34 56 58 60 62 84 86 88 90 112 114 116 118 140 142 144 146 168 170 172 174 336 338 340 342 364 366 368 370 392 394 396 398 420 422 424 426 448 450 452 454 476 478 480 482
TICK
CX 4 15 5 17 6 19 29 42 31 44 33 46 57 71 59 73 61 75 85 98 87 100 89 102 113 127 115 129 117 131 141 154 143 156 145 158 169 176 171 178 173 180 337 350 339 352 341 354 312 323 313 325 314 327 365 379 367 381 369 383 393 406 395 408 397 410 421 435 423 437 425 439 449 462 451 464 453 466 477 490 479 492 481 494
CZ 30 43 32 45 34 47 56 70 58 72 60 74 62 76 86 99 88 101 90 103 112 126 114 128 116 130 118 132 142 155 144 157 146 159 168 175 170 177 172 179 174 181 338 351 340 353 342 355 364 378 366 380 368 382 370 384 394 407 396 409 398 411 420 434 422 436 424 438 426 440 450 463 452 465 454 467 476 489 478 491 480 493 482 495
TICK
CX 4 16 5 18 6 20 29 43 31 45 33 47 57 72 59 74 61 76 85 99 87 101 89 103 113 128 115 130 117 132 141 155 143 157 145 159 169 177 171 179 173 181 337 351 339 353 341 355 312 324 313 326 314 328 365 380 367 382 369 384 393 407 395 409 397 411 421 436 423 438 425 440 449 463 451 465 453 467 477 491 479 493 481 495
CZ 30 15 32 17 34 19 56 42 58 44 60 46 62 48 86 71 88 73 90 75 112 98 114 100 116 102 118 104 142 127 144 129 146 131 168 154 170 156 172 158 174 160 338 323 340 325 342 327 364 350 366 352 368 354 370 356 394 379 396 381 398 383 420 406 422 408 424 410 426 412 450 435 452 437 454 439 476 462 478 464 480 466 482 468
TICK
CX 29 14 31 16 33 18 57 43 59 45 61 47 85 70 87 72 89 74 113 99 115 101 117 103 141 126 143 128 145 130 169 155 171 157 173 159 189 175 190 177 191 179 337 322 339 324 341 326 365 351 367 353 369 355 393 378 395 380 397 382 421 407 423 409 425 411 449 434 451 436 453 438 477 463 479 465 481 467 499 489 500 491 501 493
CZ 28 42 30 44 32 46 34 48 56 71 58 73 60 75 84 98 86 100 88 102 90 104 112 127 114 129 116 131 140 154 142 156 144 158 146 160 168 176 170 178 172 180 336 350 338 352 340 354 342 356 364 379 366 381 368 383 392 406 394 408 396 410 398 412 420 435 422 437 424 439 448 462 450 464 452 466 454 468 476 490 478 492 480 494
TICK
CX 29 15 31 17 33 19 57 44 59 46 61 48 85 71 87 73 89 75 113 100 115 102 117 104 141 127 143 129 145 131 169 156 171 158 173 160 189 176 190 178 191 180 337 323 339 325 341 327 365 352 367 354 369 356 393 379 395 381 397 383 421 408 423 410 425 412 449 435 451 437 453 439 477 464 479 466 481 468 499 490 500 492 501 494
CZ 28 14 30 16 32 18 34 20 56 43 58 45 60 47 84 70 86 72 88 74 90 76 112 99 114 101 116 103 140 126 142 128 144 130 146 132 168 155 170 157 172 159 336 322 338 324 340 326 342 328 364 351 366 353 368 355 392 378 394 380 396 382 398 384 420 407 422 409 424 411 448 434 450 436 452 438 454 440 476 463 478 465 480 467
TICK
H 4 5 6 29 31 33 57 59 61 85 87 89 113 115 117 141 143 145 169 171 173 189 190 191 337 339 341 312 313 314 365 367 369 393 395 397 421 423 425 449 451 453 477 479 481 499 500 501 28 30 32 34 56 58 60 62 84 86 88 90 112 114 116 118 140 142 144 146 168 170 172 174 336 338 340 342 364 366 368 370 392 394 396 398 420 422 424 426 448 450 452 454 476 478 480 482
TICK
M 4 5 6 29 31 33 57 59 61 85 87 89 113 115 117 141 143 145 169 171 173 189 190 191 337 339 341 312 313 314 365 367 369 393 395 397 421 423 425 449 451 453 477 479 481 499 500 501 28 30 32 34 56 58 60 62 84 86 88 90 112 114 116 118 140 142 144 146 168 170 172 174 336 338 340 342 364 366 368 370 392 394 396 398 420 422 424 426 448 450 452 454 476 478 480 482
TICK
R 4 5 6 29 31 33 57 59 61 85 87 89 113 115 117 141 143 145 169 171 173 189 190 191 337 339 341 312 313 314 365 367 369 393 395 397 421 423 425 449 451 453 477 479 481 499 500 501 28 30 32 34 56 58 60 62 84 86 88 90 112 114 116 118 140 142 144 146 168 170 172 174 336 338 340 342 364 366 368 370 392 394 396 398 420 422 424 426 448 450 452 454 476 478 480 482
TICK
H 4 5 6 29 31 33 57 59 61 85 87 89 113 115 117 141 143 145 169 171 173 189 190 191 337 339 341 312 313 314 365 367 369 393 395 397 421 423 425 449 451 453 477 479 481 499 500 501 28 30 32 34 56 58 60 62 84 86 88 90 112 114 116 118 140 142 144 146 168 170 172 174 336 338 340 342 364 366 368 370 392 394 396 398 420 422 424 426 448 450 452 454 476 478 480 482
TICK
CX 4 16 5 18 6 20 29 43 31 45 33 47 57 72 59 74 61 76 85 99 87 101 89 103 113 128 115 130 117 132 141 155 143 157 145 159 169 177 171 179 173 181 337 351 339 353 341 355 312 324 313 326 314 328 365 380 367 382 369 384 393 407 395 409 397 411 421 436 423 438 425 440 449 463 451 465 453 467 477 491 479 493 481 495
CZ 28 42 30 44 32 46 34 48 56 71 58 73 60 75 84 98 86 100 88 102 90 104 112 127 114 129 116 131 140 154 142 156 144 158 146 160 168 176 170 178 172 180 336 350 338 352 340 354 342 356 364 379 366 381 368 383 392 406 394 408 396 410 398 412 420 435 422 437 424 439 448 462 450 464 452 466 454 468 476 490 478 492 480 494
TICK
CX 4 15 5 17 6 19 29 42 31 44 33 46 57 71 59 73 61 75 85 98 87 100 89 102 113 127 115 129 117 131 141 154 143 156 145 158 169 176 171 178 173 180 337 350 339 352 341 354 312 323 313 325 314 327 365 379 367 381 369 383 393 406 395 408 397 410 421 435 423 437 425 439 449 462 451 464 453 466 477 490 479 492 481 494
CZ 28 14 30 16 32 18 34 20 56 43 58 45 60 47 84 70 86 72 88 74 90 76 112 99 114 101 116 103 140 126 142 128 144 130 146 132 168 155 170 157 172 159 336 322 338 324 340 326 342 328 364 351 366 353 368 355 392 378 394 380 396 382 398 384 420 407 422 409 424 411 448 434 450 436 452 438 454 440 476 463 478 465 480 467
TICK
CX 29 15 31 17 33 19 57 44 59 46 61 48 85 71 87 73 89 75 113 100 115 102 117 104 141 127 143 129 145 131 169 156 171 158 173 160 189 176 190 178 191 180 337 323 339 325 341 327 365 352 367 354 369 356 393 379 395 381 397 383 421 408 423 410 425 412 449 435 451 437 453 439 477 464 479 466 481 468 499 490 500 492 501 494
CZ 30 43 32 45 34 47 56 70 58 72 60 74 62 76 86 99 88 101 90 103 112 126 114 128 116 130 118 132 142 155 144 157 146 159 168 175 170 177 172 179 174 181 338 351 340 353 342 355 364 378 366 380 368 382 370 384 394 407 396 409 398 411 420 434 422 436 424 438 426 440 450 463 452 465 454 467 476 489 478 491 480 493 482 495
TICK
CX 29 14 31 16 33 18 57 43 59 45 61 47 85 70 87 72 89 74 113 99 115 101 117 103 141 126 143 128 145 130 169 155 171 157 173 159 189 175 190 177 191 179 337 322 339 324 341 326 365 351 367 353 369 355 393 378 395 380 397 382 421 407 423 409 425 411 449 434 451 436 453 438 477 463 479 465 481 467 499 489 500 491 501 493
CZ 30 15 32 17 34 19 56 42 58 44 60 46 62 48 86 71 88 73 90 75 112 98 114 100 116 102 118 104 142 127 144 129 146 131 168 154 170 156 172 158 174 160 338 323 340 325 342 327 364 350 366 352 368 354 370 356 394 379 396 381 398 383 420 406 422 408 424 410 426 412 450 435 452 437 454 439 476 462 478 464 480 466 482 468
TICK
H 4 5 6 29 31 33 57 59 61 85 87 89 113 115 117 141 143 145 169 171 173 189 190 191 337 339 341 312 313 314 365 367 369 393 395 397 421 423 425 449 451 453 477 479 481 499 500 501 28 30 32 34 56 58 60 62 84 86 88 90 112 114 116 118 140 142 144 146 168 170 172 174 336 338 340 342 364 366 368 370 392 394 396 398 420 422 424 426 448 450 452 454 476 478 480 482
TICK
M 4 5 6 29 31 33 57 59 61 85 87 89 113 115 117 141 143 145 169 171 173 189 190 191 337 339 341 312 313 314 365 367 369 393 395 397 421 423 425 449 451 453 477 479 481 499 500 501 28 30 32 34 56 58 60 62 84 86 88 90 112 114 116 118 140 142 144 146 168 170 172 174 336 338 340 342 364 366 368 370 392 394 396 398 420 422 424 426 448 450 452 454 476 478 480 482
TICK
M 14 15 16 17 18 19 20 42 43 44 45 46 47 48 70 71 72 73 74 75 76 98 99 100 101 102 103 104 126 127 128 129 130 131 132 154 155 156 157 158 159 160 175 176 177 178 179 180 181 322 323 324 325 326 327 328 350 351 352 353 354 355 356 378 379 380 381 382 383 384 406 407 408 409 410 411 412 434 435 436 437 438 439 440 462 463 464 465 466 467 468 489 490 491 492 493 494 495
OBSERVABLE_INCLUDE(0) rec[-43] rec[-44] rec[-45] rec[-46] rec[-47] rec[-48] rec[-49] rec[-50] rec[-51] rec[-52] rec[-53] rec[-54] rec[-55] rec[-56] rec[-819] rec[-826] rec[-833] rec[-840] rec[-847] rec[-854] rec[-861] rec[-868] rec[-917] rec[-1174] rec[-1431] rec[-1688] rec[-1945] rec[-2202] rec[-2459] rec[-2716]
