QUBIT_COORDS(0.5, 2.5) 0
QUBIT_COORDS(0.5, 4.5) 1
QUBIT_COORDS(0.5, 6.5) 2
QUBIT_COORDS(0.5, 8.5) 3
QUBIT_COORDS(0.5, 10.5) 4
QUBIT_COORDS(0.5, 12.5) 5
QUBIT_COORDS(0.5, 14.5) 6
QUBIT_COORDS(1, 2) 7
QUBIT_COORDS(1, 3) 8
QUBIT_COORDS(1, 4) 9
QUBIT_COORDS(1, 5) 10
QUBIT_COORDS(1, 6) 11
QUBIT_COORDS(1, 7) 12
QUBIT_COORDS(1, 8) 13
QUBIT_COORDS(1, 9) 14
QUBIT_COORDS(1, 10) 15
QUBIT_COORDS(1, 11) 16
QUBIT_COORDS(1, 12) 17
QUBIT_COORDS(1, 13) 18
QUBIT_COORDS(1, 14) 19
QUBIT_COORDS(1, 15) 20
QUBIT_COORDS(1.5, 1.5) 21
QUBIT_COORDS(1.5, 2.5) 22
QUBIT_COORDS(1.5, 3.5) 23
QUBIT_COORDS(1.5, 4.5) 24
QUBIT_COORDS(1.5, 5.5) 25
QUBIT_COORDS(1.5, 6.5) 26
QUBIT_COORDS(1.5, 7.5) 27
QUBIT_COORDS(1.5, 8.5) 28
QUBIT_COORDS(1.5, 9.5) 29
QUBIT_COORDS(1.5, 10.5) 30
QUBIT_COORDS(1.5, 11.5) 31
QUBIT_COORDS(1.5, 12.5) 32
QUBIT_COORDS(1.5, 13.5) 33
QUBIT_COORDS(1.5, 14.5) 34
QUBIT_COORDS(2, 2) 35
QUBIT_COORDS(2, 3) 36
QUBIT_COORDS(2, 4) 37
QUBIT_COORDS(2, 5) 38
QUBIT_COORDS(2, 6) 39
QUBIT_COORDS(2, 7) 40
QUBIT_COORDS(2, 8) 41
QUBIT_COORDS(2, 9) 42
QUBIT_COORDS(2, 10) 43
QUBIT_COORDS(2, 11) 44
QUBIT_COORDS(2, 12) 45
QUBIT_COORDS(2, 13) 46
QUBIT_COORDS(2, 14) 47
QUBIT_COORDS(2, 15) 48
QUBIT_COORDS(2.5, 2.5) 49
QUBIT_COORDS(2.5, 3.5) 50
QUBIT_COORDS(2.5, 4.5) 51
QUBIT_COORDS(2.5, 5.5) 52
QUBIT_COORDS(2.5, 6.5) 53
QUBIT_COORDS(2.5, 7.5) 54
QUBIT_COORDS(2.5, 8.5) 55
QUBIT_COORDS(2.5, 9.5) 56
QUBIT_COORDS(2.5, 10.5) 57
QUBIT_COORDS(2.5, 11.5) 58
QUBIT_COORDS(2.5, 12.5) 59
QUBIT_COORDS(2.5, 13.5) 60
QUBIT_COORDS(2.5, 14.5) 61
QUBIT_COORDS(2.5, 15.5) 62
QUBIT_COORDS(3, 2) 63
QUBIT_COORDS(3, 3) 64
QUBIT_COORDS(3, 4) 65
QUBIT_COORDS(3, 5) 66
QUBIT_COORDS(3, 6) 67
QUBIT_COORDS(3, 7) 68
QUBIT_COORDS(3, 8) 69
QUBIT_COORDS(3, 9) 70
QUBIT_COORDS(3, 10) 71
QUBIT_COORDS(3, 11) 72
QUBIT_COORDS(3, 12) 73
QUBIT_COORDS(3, 13) 74
QUBIT_COORDS(3, 14) 75
QUBIT_COORDS(3, 15) 76
QUBIT_COORDS(3.5, 1.5) 77
QUBIT_COORDS(3.5, 2.5) 78
QUBIT_COORDS(3.5, 3.5) 79
QUBIT_COORDS(3.5, 4.5) 80
QUBIT_COORDS(3.5, 5.5) 81
QUBIT_COORDS(3.5, 6.5) 82
QUBIT_COORDS(3.5, 7.5) 83
QUBIT_COORDS(3.5, 8.5) 84
QUBIT_COORDS(3.5, 9.5) 85
QUBIT_COORDS(3.5, 10.5) 86
QUBIT_COORDS(3.5, 11.5) 87
QUBIT_COORDS(3.5, 12.5) 88
QUBIT_COORDS(3.5, 13.5) 89
QUBIT_COORDS(3.5, 14.5) 90
QUBIT_COORDS(4, 2) 91
QUBIT_COORDS(4, 3) 92
QUBIT_COORDS(4, 4) 93
QUBIT_COORDS(4, 5) 94
QUBIT_COORDS(4, 6) 95
QUBIT_COORDS(4, 7) 96
QUBIT_COORDS(4, 8) 97
QUBIT_COORDS(4, 9) 98
QUBIT_COORDS(4, 10) 99
QUBIT_COORDS(4, 11) 100
QUBIT_COORDS(4, 12) 101
QUBIT_COORDS(4, 13) 102
QUBIT_COORDS(4, 14) 103
QUBIT_COORDS(4, 15) 104
QUBIT_COORDS(4.5, 2.5) 105
QUBIT_COORDS(4.5, 3.5) 106
QUBIT_COORDS(4.5, 4.5) 107
QUBIT_COORDS(4.5, 5.5) 108
QUBIT_COORDS(4.5, 6.5) 109
QUBIT_COORDS(4.5, 7.5) 110
QUBIT_COORDS(4.5, 8.5) 111
QUBIT_COORDS(4.5, 9.5) 112
QUBIT_COORDS(4.5, 10.5) 113
QUBIT_COORDS(4.5, 11.5) 114
QUBIT_COORDS(4.5, 12.5) 115
QUBIT_COORDS(4.5, 13.5) 116
QUBIT_COORDS(4.5, 14.5) 117
QUBIT_COORDS(4.5, 15.5) 118
QUBIT_COORDS(5, 2) 119
QUBIT_COORDS(5, 3) 120
QUBIT_COORDS(5, 4) 121
QUBIT_COORDS(5, 5) 122
QUBIT_COORDS(5, 6) 123
QUBIT_COORDS(5, 7) 124
QUBIT_COORDS(5, 8) 125
QUBIT_COORDS(5, 9) 126
QUBIT_COORDS(5, 10) 127
QUBIT_COORDS(5, 11) 128
QUBIT_COORDS(5, 12) 129
QUBIT_COORDS(5, 13) 130
QUBIT_COORDS(5, 14) 131
QUBIT_COORDS(5, 15) 132
QUBIT_COORDS(5.5, 1.5) 133
QUBIT_COORDS(5.5, 2.5) 134
QUBIT_COORDS(5.5, 3.5) 135
QUBIT_COORDS(5.5, 4.5) 136
QUBIT_COORDS(5.5, 5.5) 137
QUBIT_COORDS(5.5, 6.5) 138
QUBIT_COORDS(5.5, 7.5) 139
QUBIT_COORDS(5.5, 8.5) 140
QUBIT_COORDS(5.5, 9.5) 141
QUBIT_COORDS(5.5, 10.5) 142
QUBIT_COORDS(5.5, 11.5) 143
QUBIT_COORDS(5.5, 12.5) 144
QUBIT_COORDS(5.5, 13.5) 145
QUBIT_COORDS(5.5, 14.5) 146
QUBIT_COORDS(6, 2) 147
QUBIT_COORDS(6, 3) 148
QUBIT_COORDS(6, 4) 149
QUBIT_COORDS(6, 5) 150
QUBIT_COORDS(6, 6) 151
QUBIT_COORDS(6, 7) 152
QUBIT_COORDS(6, 8) 153
QUBIT_COORDS(6, 9) 154
QUBIT_COORDS(6, 10) 155
QUBIT_COORDS(6, 11) 156
QUBIT_COORDS(6, 12) 157
QUBIT_COORDS(6, 13) 158
QUBIT_COORDS(6, 14) 159
QUBIT_COORDS(6, 15) 160
QUBIT_COORDS(6.5, 3.5) 161
QUBIT_COORDS(6.5, 5.5) 162
QUBIT_COORDS(6.5, 7.5) 163
QUBIT_COORDS(6.5, 8.5) 164
QUBIT_COORDS(6.5, 9.5) 165
QUBIT_COORDS(6.5, 10.5) 166
QUBIT_COORDS(6.5, 11.5) 167
QUBIT_COORDS(6.5, 12.5) 168
QUBIT_COORDS(6.5, 13.5) 169
QUBIT_COORDS(6.5, 14.5) 170
QUBIT_COORDS(6.5, 15.5) 171
QUBIT_COORDS(7, 2) 172
QUBIT_COORDS(7, 3) 173
QUBIT_COORDS(7, 4) 174
QUBIT_COORDS(7, 5) 175
QUBIT_COORDS(7, 6) 176
QUBIT_COORDS(7, 7) 177
QUBIT_COORDS(7, 9) 178
QUBIT_COORDS(7, 10) 179
QUBIT_COORDS(7, 11) 180
QUBIT_COORDS(7, 12) 181
QUBIT_COORDS(7, 13) 182
QUBIT_COORDS(7, 14) 183
QUBIT_COORDS(7, 15) 184
QUBIT_COORDS(7.5, 3.5) 185
QUBIT_COORDS(7.5, 5.5) 186
QUBIT_COORDS(7.5, 7.5) 187
QUBIT_COORDS(7.5, 8.5) 188
QUBIT_COORDS(7.5, 9.5) 189
QUBIT_COORDS(7.5, 11.5) 190
QUBIT_COORDS(7.5, 13.5) 191
QUBIT_COORDS(8, 2) 192
QUBIT_COORDS(8, 3) 193
QUBIT_COORDS(8, 4) 194
QUBIT_COORDS(8, 5) 195
QUBIT_COORDS(8, 6) 196
QUBIT_COORDS(8, 7) 197
QUBIT_COORDS(8, 8) 198
QUBIT_COORDS(8.5, 1.5) 199
QUBIT_COORDS(8.5, 2.5) 200
QUBIT_COORDS(8.5, 3.5) 201
QUBIT_COORDS(8.5, 4.5) 202
QUBIT_COORDS(8.5, 5.5) 203
QUBIT_COORDS(8.5, 6.5) 204
QUBIT_COORDS(8.5, 7.5) 205
QUBIT_COORDS(9, 2) 206
QUBIT_COORDS(9, 3) 207
QUBIT_COORDS(9, 4) 208
QUBIT_COORDS(9, 5) 209
QUBIT_COORDS(9, 6) 210
QUBIT_COORDS(9, 7) 211
QUBIT_COORDS(9, 8) 212
QUBIT_COORDS(9.5, 2.5) 213
QUBIT_COORDS(9.5, 3.5) 214
QUBIT_COORDS(9.5, 4.5) 215
QUBIT_COORDS(9.5, 5.5) 216
QUBIT_COORDS(9.5, 6.5) 217
QUBIT_COORDS(9.5, 7.5) 218
QUBIT_COORDS(9.5, 8.5) 219
QUBIT_COORDS(10, 2) 220
QUBIT_COORDS(10, 3) 221
QUBIT_COORDS(10, 4) 222
QUBIT_COORDS(10, 5) 223
QUBIT_COORDS(10, 6) 224
QUBIT_COORDS(10, 7) 225
QUBIT_COORDS(10, 8) 226
QUBIT_COORDS(10.5, 1.5) 227
QUBIT_COORDS(10.5, 2.5) 228
QUBIT_COORDS(10.5, 3.5) 229
QUBIT_COORDS(10.5, 4.5) 230
QUBIT_COORDS(10.5, 5.5) 231
QUBIT_COORDS(10.5, 6.5) 232
QUBIT_COORDS(10.5, 7.5) 233
QUBIT_COORDS(11, 2) 234
QUBIT_COORDS(11, 3) 235
QUBIT_COORDS(11, 4) 236
QUBIT_COORDS(11, 5) 237
QUBIT_COORDS(11, 6) 238
QUBIT_COORDS(11, 7) 239
QUBIT_COORDS(11, 8) 240
QUBIT_COORDS(11.5, 2.5) 241
QUBIT_COORDS(11.5, 3.5) 242
QUBIT_COORDS(11.5, 4.5) 243
QUBIT_COORDS(11.5, 5.5) 244
QUBIT_COORDS(11.5, 6.5) 245
QUBIT_COORDS(11.5, 7.5) 246
QUBIT_COORDS(11.5, 8.5) 247
QUBIT_COORDS(12, 2) 248
QUBIT_COORDS(12, 3) 249
QUBIT_COORDS(12, 4) 250
QUBIT_COORDS(12, 5) 251
QUBIT_COORDS(12, 6) 252
QUBIT_COORDS(12, 7) 253
QUBIT_COORDS(12, 8) 254
QUBIT_COORDS(12.5, 1.5) 255
QUBIT_COORDS(12.5, 2.5) 256
QUBIT_COORDS(12.5, 3.5) 257
QUBIT_COORDS(12.5, 4.5) 258
QUBIT_COORDS(12.5, 5.5) 259
QUBIT_COORDS(12.5, 6.5) 260
QUBIT_COORDS(12.5, 7.5) 261
QUBIT_COORDS(13, 2) 262
QUBIT_COORDS(13, 3) 263
QUBIT_COORDS(13, 4) 264
QUBIT_COORDS(13, 5) 265
QUBIT_COORDS(13, 6) 266
QUBIT_COORDS(13, 7) 267
QUBIT_COORDS(13, 8) 268
QUBIT_COORDS(13.5, 2.5) 269
QUBIT_COORDS(13.5, 3.5) 270
QUBIT_COORDS(13.5, 4.5) 271
QUBIT_COORDS(13.5, 5.5) 272
QUBIT_COORDS(13.5, 6.5) 273
QUBIT_COORDS(13.5, 7.5) 274
QUBIT_COORDS(13.5, 8.5) 275
QUBIT_COORDS(14, 2) 276
QUBIT_COORDS(14, 3) 277
QUBIT_COORDS(14, 4) 278
QUBIT_COORDS(14, 5) 279
QUBIT_COORDS(14, 6) 280
QUBIT_COORDS(14, 7) 281
QUBIT_COORDS(14, 8) 282
QUBIT_COORDS(14.5, 1.5) 283
QUBIT_COORDS(14.5, 2.5) 284
QUBIT_COORDS(14.5, 3.5) 285
QUBIT_COORDS(14.5, 4.5) 286
QUBIT_COORDS(14.5, 5.5) 287
QUBIT_COORDS(14.5, 6.5) 288
QUBIT_COORDS(14.5, 7.5) 289
QUBIT_COORDS(15, 2) 290
QUBIT_COORDS(15, 3) 291
QUBIT_COORDS(15, 4) 292
QUBIT_COORDS(15, 5) 293
QUBIT_COORDS(15, 6) 294
QUBIT_COORDS(15, 7) 295
QUBIT_COORDS(15, 8) 296
QUBIT_COORDS(15.5, 3.5) 297
QUBIT_COORDS(15.5, 5.5) 298
QUBIT_COORDS(15.5, 7.5) 299
QUBIT_COORDS(16, 2) 300
QUBIT_COORDS(16, 3) 301
QUBIT_COORDS(16, 4) 302
QUBIT_COORDS(16, 5) 303
QUBIT_COORDS(16, 6) 304
QUBIT_COORDS(16, 7) 305
QUBIT_COORDS(16, 8) 306
QUBIT_COORDS(16, 9) 307
QUBIT_COORDS(16.5, 3.5) 308
QUBIT_COORDS(16.5, 5.5) 309
QUBIT_COORDS(16.5, 7.5) 310
QUBIT_COORDS(16.5, 10.5) 311
QUBIT_COORDS(16.5, 12.5) 312
QUBIT_COORDS(16.5, 14.5) 313
QUBIT_COORDS(17, 2) 314
QUBIT_COORDS(17, 3) 315
QUBIT_COORDS(17, 4) 316
QUBIT_COORDS(17, 5) 317
QUBIT_COORDS(17, 6) 318
QUBIT_COORDS(17, 7) 319
QUBIT_COORDS(17, 8) 320
QUBIT_COORDS(17, 9) 321
QUBIT_COORDS(17, 10) 322
QUBIT_COORDS(17, 11) 323
QUBIT_COORDS(17, 12) 324
QUBIT_COORDS(17, 13) 325
QUBIT_COORDS(17, 14) 326
QUBIT_COORDS(17, 15) 327
QUBIT_COORDS(17.5, 1.5) 328
QUBIT_COORDS(17.5, 2.5) 329
QUBIT_COORDS(17.5, 3.5) 330
QUBIT_COORDS(17.5, 4.5) 331
QUBIT_COORDS(17.5, 5.5) 332
QUBIT_COORDS(17.5, 6.5) 333
QUBIT_COORDS(17.5, 7.5) 334
QUBIT_COORDS(17.5, 8.5) 335
QUBIT_COORDS(17.5, 9.5) 336
QUBIT_COORDS(17.5, 10.5) 337
QUBIT_COORDS(17.5, 11.5) 338
QUBIT_COORDS(17.5, 12.5) 339
QUBIT_COORDS(17.5, 13.5) 340
QUBIT_COORDS(17.5, 14.5) 341
QUBIT_COORDS(18, 2) 342
QUBIT_COORDS(18, 3) 343
QUBIT_COORDS(18, 4) 344
QUBIT_COORDS(18, 5) 345
QUBIT_COORDS(18, 6) 346
QUBIT_COORDS(18, 7) 347
QUBIT_COORDS(18, 8) 348
QUBIT_COORDS(18, 9) 349
QUBIT_COORDS(18, 10) 350
QUBIT_COORDS(18, 11) 351
QUBIT_COORDS(18, 12) 352
QUBIT_COORDS(18, 13) 353
QUBIT_COORDS(18, 14) 354
QUBIT_COORDS(18, 15) 355
QUBIT_COORDS(18.5, 2.5) 356
QUBIT_COORDS(18.5, 3.5) 357
QUBIT_COORDS(18.5, 4.5) 358
QUBIT_COORDS(18.5, 5.5) 359
QUBIT_COORDS(18.5, 6.5) 360
QUBIT_COORDS(18.5, 7.5) 361
QUBIT_COORDS(18.5, 8.5) 362
QUBIT_COORDS(18.5, 9.5) 363
QUBIT_COORDS(18.5, 10.5) 364
QUBIT_COORDS(18.5, 11.5) 365
QUBIT_COORDS(18.5, 12.5) 366
QUBIT_COORDS(18.5, 13.5) 367
QUBIT_COORDS(18.5, 14.5) 368
QUBIT_COORDS(18.5, 15.5) 369
QUBIT_COORDS(19, 2) 370
QUBIT_COORDS(19, 3) 371
QUBIT_COORDS(19, 4) 372
QUBIT_COORDS(19, 5) 373
QUBIT_COORDS(19, 6) 374
QUBIT_COORDS(19, 7) 375
QUBIT_COORDS(19, 8) 376
QUBIT_COORDS(19, 9) 377
QUBIT_COORDS(19, 10) 378
QUBIT_COORDS(19, 11) 379
QUBIT_COORDS(19, 12) 380
QUBIT_COORDS(19, 13) 381
QUBIT_COORDS(19, 14) 382
QUBIT_COORDS(19, 15) 383
QUBIT_COORDS(19.5, 1.5) 384
QUBIT_COORDS(19.5, 2.5) 385
QUBIT_COORDS(19.5, 3.5) 386
QUBIT_COORDS(19.5, 4.5) 387
QUBIT_COORDS(19.5, 5.5) 388
QUBIT_COORDS(19.5, 6.5) 389
QUBIT_COORDS(19.5, 7.5) 390
QUBIT_COORDS(19.5, 8.5) 391
QUBIT_COORDS(19.5, 9.5) 392
QUBIT_COORDS(19.5, 10.5) 393
QUBIT_COORDS(19.5, 11.5) 394
QUBIT_COORDS(19.5, 12.5) 395
QUBIT_COORDS(19.5, 13.5) 396
QUBIT_COORDS(19.5, 14.5) 397
QUBIT_COORDS(20, 2) 398
QUBIT_COORDS(20, 3) 399
QUBIT_COORDS(20, 4) 400
QUBIT_COORDS(20, 5) 401
QUBIT_COORDS(20, 6) 402
QUBIT_COORDS(20, 7) 403
QUBIT_COORDS(20, 8) 404
QUBIT_COORDS(20, 9) 405
QUBIT_COORDS(20, 10) 406
QUBIT_COORDS(20, 11) 407
QUBIT_COORDS(20, 12) 408
QUBIT_COORDS(20, 13) 409
QUBIT_COORDS(20, 14) 410
QUBIT_COORDS(20, 15) 411
QUBIT_COORDS(20.5, 2.5) 412
QUBIT_COORDS(20.5, 3.5) 413
QUBIT_COORDS(20.5, 4.5) 414
QUBIT_COORDS(20.5, 5.5) 415
QUBIT_COORDS(20.5, 6.5) 416
QUBIT_COORDS(20.5, 7.5) 417
QUBIT_COORDS(20.5, 8.5) 418
QUBIT_COORDS(20.5, 9.5) 419
QUBIT_COORDS(20.5, 10.5) 420
QUBIT_COORDS(20.5, 11.5) 421
QUBIT_COORDS(20.5, 12.5) 422
QUBIT_COORDS(20.5, 13.5) 423
QUBIT_COORDS(20.5, 14.5) 424
QUBIT_COORDS(20.5, 15.5) 425
QUBIT_COORDS(21, 2) 426
QUBIT_COORDS(21, 3) 427
QUBIT_COORDS(21, 4) 428
QUBIT_COORDS(21, 5) 429
QUBIT_COORDS(21, 6) 430
QUBIT_COORDS(21, 7) 431
QUBIT_COORDS(21, 8) 432
QUBIT_COORDS(21, 9) 433
QUBIT_COORDS(21, 10) 434
QUBIT_COORDS(21, 11) 435
QUBIT_COORDS(21, 12) 436
QUBIT_COORDS(21, 13) 437
QUBIT_COORDS(21, 14) 438
QUBIT_COORDS(21, 15) 439
QUBIT_COORDS(21.5, 1.5) 440
QUBIT_COORDS(21.5, 2.5) 441
QUBIT_COORDS(21.5, 3.5) 442
QUBIT_COORDS(21.5, 4.5) 443
QUBIT_COORDS(21.5, 5.5) 444
QUBIT_COORDS(21.5, 6.5) 445
QUBIT_COORDS(21.5, 7.5) 446
QUBIT_COORDS(21.5, 8.5) 447
QUBIT_COORDS(21.5, 9.5) 448
QUBIT_COORDS(21.5, 10.5) 449
QUBIT_COORDS(21.5, 11.5) 450
QUBIT_COORDS(21.5, 12.5) 451
QUBIT_COORDS(21.5, 13.5) 452
QUBIT_COORDS(21.5, 14.5) 453
QUBIT_COORDS(22, 2) 454
QUBIT_COORDS(22, 3) 455
QUBIT_COORDS(22, 4) 456
QUBIT_COORDS(22, 5) 457
QUBIT_COORDS(22, 6) 458
QUBIT_COORDS(22, 7) 459
QUBIT_COORDS(22, 8) 460
QUBIT_COORDS(22, 9) 461
QUBIT_COORDS(22, 10) 462
QUBIT_COORDS(22, 11) 463
QUBIT_COORDS(22, 12) 464
QUBIT_COORDS(22, 13) 465
QUBIT_COORDS(22, 14) 466
QUBIT_COORDS(22, 15) 467
QUBIT_COORDS(22.5, 2.5) 468
QUBIT_COORDS(22.5, 3.5) 469
QUBIT_COORDS(22.5, 4.5) 470
QUBIT_COORDS(22.5, 5.5) 471
QUBIT_COORDS(22.5, 6.5) 472
QUBIT_COORDS(22.5, 7.5) 473
QUBIT_COORDS(22.5, 8.5) 474
QUBIT_COORDS(22.5, 9.5) 475
QUBIT_COORDS(22.5, 10.5) 476
QUBIT_COORDS(22.5, 11.5) 477
QUBIT_COORDS(22.5, 12.5) 478
QUBIT_COORDS(22.5, 13.5) 479
QUBIT_COORDS(22.5, 14.5) 480
QUBIT_COORDS(22.5, 15.5) 481
QUBIT_COORDS(23, 3) 482
QUBIT_COORDS(23, 4) 483
QUBIT_COORDS(23, 5) 484
QUBIT_COORDS(23, 6) 485
QUBIT_COORDS(23, 7) 486
QUBIT_COORDS(23, 8) 487
QUBIT_COORDS(23, 9) 488
QUBIT_COORDS(23, 10) 489
QUBIT_COORDS(23, 11) 490
QUBIT_COORDS(23, 12) 491
QUBIT_COORDS(23, 13) 492
QUBIT_COORDS(23, 14) 493
QUBIT_COORDS(23, 15) 494
QUBIT_COORDS(23.5, 3.5) 495
QUBIT_COORDS(23.5, 5.5) 496
QUBIT_COORDS(23.5, 7.5) 497
QUBIT_COORDS(23.5, 9.5) 498
QUBIT_COORDS(23.5, 11.5) 499
QUBIT_COORDS(23.5, 13.5) 500
#!pragma POLYGON(0,0,1,0.25) 42 70 71 43
#!pragma POLYGON(0,0,1,0.25) 15 43 44 16
#!pragma POLYGON(0,0,1,0.25) 44 72 73 45
#!pragma POLYGON(0,0,1,0.25) 17 45 46 18
#!pragma POLYGON(0,0,1,0.25) 46 74 75 47
#!pragma POLYGON(0,0,1,0.25) 19 47 48 20
#!pragma POLYGON(0,0,1,0.25) 102 130 131 103
#!pragma POLYGON(0,0,1,0.25) 75 103 104 76
#!pragma POLYGON(0,0,1,0.25) 100 128 129 101
#!pragma POLYGON(0,0,1,0.25) 73 101 102 74
#!pragma POLYGON(0,0,1,0.25) 98 126 127 99
#!pragma POLYGON(0,0,1,0.25) 71 99 100 72
#!pragma POLYGON(0,0,1,0.25) 154 178 179 155
#!pragma POLYGON(0,0,1,0.25) 127 155 156 128
#!pragma POLYGON(0,0,1,0.25) 156 180 181 157
#!pragma POLYGON(0,0,1,0.25) 129 157 158 130
#!pragma POLYGON(0,0,1,0.25) 158 182 183 159
#!pragma POLYGON(0,0,1,0.25) 131 159 160 132
#!pragma POLYGON(0,0,1,0.25) 42 14
#!pragma POLYGON(0,0,1,0.25) 98 70
#!pragma POLYGON(0,0,1,0.25) 154 126
#!pragma POLYGON(0,0,1,0.25) 184 160
#!pragma POLYGON(0,0,1,0.25) 132 104
#!pragma POLYGON(0,0,1,0.25) 76 48
#!pragma POLYGON(0,0,1,0.25) 349 377 378 350
#!pragma POLYGON(0,0,1,0.25) 322 350 351 323
#!pragma POLYGON(0,0,1,0.25) 351 379 380 352
#!pragma POLYGON(0,0,1,0.25) 324 352 353 325
#!pragma POLYGON(0,0,1,0.25) 353 381 382 354
#!pragma POLYGON(0,0,1,0.25) 326 354 355 327
#!pragma POLYGON(0,0,1,0.25) 409 437 438 410
#!pragma POLYGON(0,0,1,0.25) 382 410 411 383
#!pragma POLYGON(0,0,1,0.25) 407 435 436 408
#!pragma POLYGON(0,0,1,0.25) 380 408 409 381
#!pragma POLYGON(0,0,1,0.25) 405 433 434 406
#!pragma POLYGON(0,0,1,0.25) 378 406 407 379
#!pragma POLYGON(0,0,1,0.25) 461 488 489 462
#!pragma POLYGON(0,0,1,0.25) 434 462 463 435
#!pragma POLYGON(0,0,1,0.25) 463 490 491 464
#!pragma POLYGON(0,0,1,0.25) 436 464 465 437
#!pragma POLYGON(0,0,1,0.25) 465 492 493 466
#!pragma POLYGON(0,0,1,0.25) 438 466 467 439
#!pragma POLYGON(0,0,1,0.25) 349 321
#!pragma POLYGON(0,0,1,0.25) 405 377
#!pragma POLYGON(0,0,1,0.25) 461 433
#!pragma POLYGON(0,0,1,0.25) 494 467
#!pragma POLYGON(0,0,1,0.25) 439 411
#!pragma POLYGON(0,0,1,0.25) 383 355
#!pragma POLYGON(1,0,0,0.25) 14 42 43 15
#!pragma POLYGON(1,0,0,0.25) 43 71 72 44
#!pragma POLYGON(1,0,0,0.25) 16 44 45 17
#!pragma POLYGON(1,0,0,0.25) 45 73 74 46
#!pragma POLYGON(1,0,0,0.25) 18 46 47 19
#!pragma POLYGON(1,0,0,0.25) 47 75 76 48
#!pragma POLYGON(1,0,0,0.25) 74 102 103 75
#!pragma POLYGON(1,0,0,0.25) 103 131 132 104
#!pragma POLYGON(1,0,0,0.25) 72 100 101 73
#!pragma POLYGON(1,0,0,0.25) 101 129 130 102
#!pragma POLYGON(1,0,0,0.25) 70 98 99 71
#!pragma POLYGON(1,0,0,0.25) 99 127 128 100
#!pragma POLYGON(1,0,0,0.25) 126 154 155 127
#!pragma POLYGON(1,0,0,0.25) 155 179 180 156
#!pragma POLYGON(1,0,0,0.25) 128 156 157 129
#!pragma POLYGON(1,0,0,0.25) 157 181 182 158
#!pragma POLYGON(1,0,0,0.25) 130 158 159 131
#!pragma POLYGON(1,0,0,0.25) 159 183 184 160
#!pragma POLYGON(1,0,0,0.25) 15 16
#!pragma POLYGON(1,0,0,0.25) 17 18
#!pragma POLYGON(1,0,0,0.25) 19 20
#!pragma POLYGON(1,0,0,0.25) 182 183
#!pragma POLYGON(1,0,0,0.25) 180 181
#!pragma POLYGON(1,0,0,0.25) 178 179
#!pragma POLYGON(1,0,0,0.25) 321 349 350 322
#!pragma POLYGON(1,0,0,0.25) 350 378 379 351
#!pragma POLYGON(1,0,0,0.25) 323 351 352 324
#!pragma POLYGON(1,0,0,0.25) 352 380 381 353
#!pragma POLYGON(1,0,0,0.25) 325 353 354 326
#!pragma POLYGON(1,0,0,0.25) 354 382 383 355
#!pragma POLYGON(1,0,0,0.25) 381 409 410 382
#!pragma POLYGON(1,0,0,0.25) 410 438 439 411
#!pragma POLYGON(1,0,0,0.25) 379 407 408 380
#!pragma POLYGON(1,0,0,0.25) 408 436 437 409
#!pragma POLYGON(1,0,0,0.25) 377 405 406 378
#!pragma POLYGON(1,0,0,0.25) 406 434 435 407
#!pragma POLYGON(1,0,0,0.25) 433 461 462 434
#!pragma POLYGON(1,0,0,0.25) 462 489 490 463
#!pragma POLYGON(1,0,0,0.25) 435 463 464 436
#!pragma POLYGON(1,0,0,0.25) 464 491 492 465
#!pragma POLYGON(1,0,0,0.25) 437 465 466 438
#!pragma POLYGON(1,0,0,0.25) 466 493 494 467
#!pragma POLYGON(1,0,0,0.25) 322 323
#!pragma POLYGON(1,0,0,0.25) 324 325
#!pragma POLYGON(1,0,0,0.25) 326 327
#!pragma POLYGON(1,0,0,0.25) 492 493
#!pragma POLYGON(1,0,0,0.25) 490 491
#!pragma POLYGON(1,0,0,0.25) 488 489
TICK
R 14 15 16 17 18 19 20 42 43 44 45 46 47 48 70 71 72 73 74 75 76 98 99 100 101 102 103 104 126 127 128 129 130 131 132 154 155 156 157 158 159 160 178 179 180 181 182 183 184 321 322 323 324 325 326 327 349 350 351 352 353 354 355 377 378 379 380 381 382 383 405 406 407 408 409 410 411 433 434 435 436 437 438 439 461 462 463 464 465 466 467 488 489 490 491 492 493 494
TICK
TICK
R 4 5 6 29 31 33 57 59 61 85 87 89 113 115 117 141 143 145 166 168 170 189 190 191 336 338 340 311 312 313 364 366 368 392 394 396 420 422 424 448 450 452 476 478 480 498 499 500 28 30 32 34 56 58 60 62 84 86 88 90 112 114 116 118 140 142 144 146 165 167 169 171 335 337 339 341 363 365 367 369 391 393 395 397 419 421 423 425 447 449 451 453 475 477 479 481
TICK
H 4 5 6 29 31 33 57 59 61 85 87 89 113 115 117 141 143 145 166 168 170 189 190 191 336 338 340 311 312 313 364 366 368 392 394 396 420 422 424 448 450 452 476 478 480 498 499 500 28 30 32 34 56 58 60 62 84 86 88 90 112 114 116 118 140 142 144 146 165 167 169 171 335 337 339 341 363 365 367 369 391 393 395 397 419 421 423 425 447 449 451 453 475 477 479 481
TICK
CX 4 16 5 18 6 20 29 43 31 45 33 47 57 72 59 74 61 76 85 99 87 101 89 103 113 128 115 130 117 132 141 155 143 157 145 159 166 180 168 182 170 184 336 350 338 352 340 354 311 323 312 325 313 327 364 379 366 381 368 383 392 406 394 408 396 410 420 435 422 437 424 439 448 462 450 464 452 466 476 490 478 492 480 494
CZ 28 42 30 44 32 46 34 48 56 71 58 73 60 75 84 98 86 100 88 102 90 104 112 127 114 129 116 131 140 154 142 156 144 158 146 160 165 179 167 181 169 183 335 349 337 351 339 353 341 355 363 378 365 380 367 382 391 405 393 407 395 409 397 411 419 434 421 436 423 438 447 461 449 463 451 465 453 467 475 489 477 491 479 493
TICK
CX 4 15 5 17 6 19 29 42 31 44 33 46 57 71 59 73 61 75 85 98 87 100 89 102 113 127 115 129 117 131 141 154 143 156 145 158 166 179 168 181 170 183 336 349 338 351 340 353 311 322 312 324 313 326 364 378 366 380 368 382 392 405 394 407 396 409 420 434 422 436 424 438 448 461 450 463 452 465 476 489 478 491 480 493
CZ 28 14 30 16 32 18 34 20 56 43 58 45 60 47 84 70 86 72 88 74 90 76 112 99 114 101 116 103 140 126 142 128 144 130 146 132 165 155 167 157 169 159 335 321 337 323 339 325 341 327 363 350 365 352 367 354 391 377 393 379 395 381 397 383 419 406 421 408 423 410 447 433 449 435 451 437 453 439 475 462 477 464 479 466
TICK
CX 29 15 31 17 33 19 57 44 59 46 61 48 85 71 87 73 89 75 113 100 115 102 117 104 141 127 143 129 145 131 166 156 168 158 170 160 189 179 190 181 191 183 336 322 338 324 340 326 364 351 366 353 368 355 392 378 394 380 396 382 420 407 422 409 424 411 448 434 450 436 452 438 476 463 478 465 480 467 498 489 499 491 500 493
CZ 30 43 32 45 34 47 56 70 58 72 60 74 62 76 86 99 88 101 90 103 112 126 114 128 116 130 118 132 142 155 144 157 146 159 165 178 167 180 169 182 171 184 337 350 339 352 341 354 363 377 365 379 367 381 369 383 393 406 395 408 397 410 419 433 421 435 423 437 425 439 449 462 451 464 453 466 475 488 477 490 479 492 481 494
TICK
CX 29 14 31 16 33 18 57 43 59 45 61 47 85 70 87 72 89 74 113 99 115 101 117 103 141 126 143 128 145 130 166 155 168 157 170 159 189 178 190 180 191 182 336 321 338 323 340 325 364 350 366 352 368 354 392 377 394 379 396 381 420 406 422 408 424 410 448 433 450 435 452 437 476 462 478 464 480 466 498 488 499 490 500 492
CZ 30 15 32 17 34 19 56 42 58 44 60 46 62 48 86 71 88 73 90 75 112 98 114 100 116 102 118 104 142 127 144 129 146 131 165 154 167 156 169 158 171 160 337 322 339 324 341 326 363 349 365 351 367 353 369 355 393 378 395 380 397 382 419 405 421 407 423 409 425 411 449 434 451 436 453 438 475 461 477 463 479 465 481 467
TICK
H 4 5 6 29 31 33 57 59 61 85 87 89 113 115 117 141 143 145 166 168 170 189 190 191 336 338 340 311 312 313 364 366 368 392 394 396 420 422 424 448 450 452 476 478 480 498 499 500 28 30 32 34 56 58 60 62 84 86 88 90 112 114 116 118 140 142 144 146 165 167 169 171 335 337 339 341 363 365 367 369 391 393 395 397 419 421 423 425 447 449 451 453 475 477 479 481
TICK
M 4 5 6 29 31 33 57 59 61 85 87 89 113 115 117 141 143 145 166 168 170 189 190 191 336 338 340 311 312 313 364 366 368 392 394 396 420 422 424 448 450 452 476 478 480 498 499 500 28 30 32 34 56 58 60 62 84 86 88 90 112 114 116 118 140 142 144 146 165 167 169 171 335 337 339 341 363 365 367 369 391 393 395 397 419 421 423 425 447 449 451 453 475 477 479 481
TICK
R 4 5 6 29 31 33 57 59 61 85 87 89 113 115 117 141 143 145 166 168 170 189 190 191 336 338 340 311 312 313 364 366 368 392 394 396 420 422 424 448 450 452 476 478 480 498 499 500 28 30 32 34 56 58 60 62 84 86 88 90 112 114 116 118 140 142 144 146 165 167 169 171 335 337 339 341 363 365 367 369 391 393 395 397 419 421 423 425 447 449 451 453 475 477 479 481
TICK
H 4 5 6 29 31 33 57 59 61 85 87 89 113 115 117 141 143 145 166 168 170 189 190 191 336 338 340 311 312 313 364 366 368 392 394 396 420 422 424 448 450 452 476 478 480 498 499 500 28 30 32 34 56 58 60 62 84 86 88 90 112 114 116 118 140 142 144 146 165 167 169 171 335 337 339 341 363 365 367 369 391 393 395 397 419 421 423 425 447 449 451 453 475 477 479 481
TICK
CX 4 15 5 17 6 19 29 42 31 44 33 46 57 71 59 73 61 75 85 98 87 100 89 102 113 127 115 129 117 131 141 154 143 156 145 158 166 179 168 181 170 183 336 349 338 351 340 353 311 322 312 324 313 326 364 378 366 380 368 382 392 405 394 407 396 409 420 434 422 436 424 438 448 461 450 463 452 465 476 489 478 491 480 493
CZ 30 43 32 45 34 47 56 70 58 72 60 74 62 76 86 99 88 101 90 103 112 126 114 128 116 130 118 132 142 155 144 157 146 159 165 178 167 180 169 182 171 184 337 350 339 352 341 354 363 377 365 379 367 381 369 383 393 406 395 408 397 410 419 433 421 435 423 437 425 439 449 462 451 464 453 466 475 488 477 490 479 492 481 494
TICK
CX 4 16 5 18 6 20 29 43 31 45 33 47 57 72 59 74 61 76 85 99 87 101 89 103 113 128 115 130 117 132 141 155 143 157 145 159 166 180 168 182 170 184 336 350 338 352 340 354 311 323 312 325 313 327 364 379 366 381 368 383 392 406 394 408 396 410 420 435 422 437 424 439 448 462 450 464 452 466 476 490 478 492 480 494
CZ 30 15 32 17 34 19 56 42 58 44 60 46 62 48 86 71 88 73 90 75 112 98 114 100 116 102 118 104 142 127 144 129 146 131 165 154 167 156 169 158 171 160 337 322 339 324 341 326 363 349 365 351 367 353 369 355 393 378 395 380 397 382 419 405 421 407 423 409 425 411 449 434 451 436 453 438 475 461 477 463 479 465 481 467
TICK
CX 29 14 31 16 33 18 57 43 59 45 61 47 85 70 87 72 89 74 113 99 115 101 117 103 141 126 143 128 145 130 166 155 168 157 170 159 189 178 190 180 191 182 336 321 338 323 340 325 364 350 366 352 368 354 392 377 394 379 396 381 420 406 422 408 424 410 448 433 450 435 452 437 476 462 478 464 480 466 498 488 499 490 500 492
CZ 28 42 30 44 32 46 34 48 56 71 58 73 60 75 84 98 86 100 88 102 90 104 112 127 114 129 116 131 140 154 142 156 144 158 146 160 165 179 167 181 169 183 335 349 337 351 339 353 341 355 363 378 365 380 367 382 391 405 393 407 395 409 397 411 419 434 421 436 423 438 447 461 449 463 451 465 453 467 475 489 477 491 479 493
TICK
CX 29 15 31 17 33 19 57 44 59 46 61 48 85 71 87 73 89 75 113 100 115 102 117 104 141 127 143 129 145 131 166 156 168 158 170 160 189 179 190 181 191 183 336 322 338 324 340 326 364 351 366 353 368 355 392 378 394 380 396 382 420 407 422 409 424 411 448 434 450 436 452 438 476 463 478 465 480 467 498 489 499 491 500 493
CZ 28 14 30 16 32 18 34 20 56 43 58 45 60 47 84 70 86 72 88 74 90 76 112 99 114 101 116 103 140 126 142 128 144 130 146 132 165 155 167 157 169 159 335 321 337 323 339 325 341 327 363 350 365 352 367 354 391 377 393 379 395 381 397 383 419 406 421 408 423 410 447 433 449 435 451 437 453 439 475 462 477 464 479 466
TICK
H 4 5 6 29 31 33 57 59 61 85 87 89 113 115 117 141 143 145 166 168 170 189 190 191 336 338 340 311 312 313 364 366 368 392 394 396 420 422 424 448 450 452 476 478 480 498 499 500 28 30 32 34 56 58 60 62 84 86 88 90 112 114 116 118 140 142 144 146 165 167 169 171 335 337 339 341 363 365 367 369 391 393 395 397 419 421 423 425 447 449 451 453 475 477 479 481
TICK
M 4 5 6 29 31 33 57 59 61 85 87 89 113 115 117 141 143 145 166 168 170 189 190 191 336 338 340 311 312 313 364 366 368 392 394 396 420 422 424 448 450 452 476 478 480 498 499 500 28 30 32 34 56 58 60 62 84 86 88 90 112 114 116 118 140 142 144 146 165 167 169 171 335 337 339 341 363 365 367 369 391 393 395 397 419 421 423 425 447 449 451 453 475 477 479 481
TICK
R 4 5 6 29 31 33 57 59 61 85 87 89 113 115 117 141 143 145 166 168 170 189 190 191 336 338 340 311 312 313 364 366 368 392 394 396 420 422 424 448 450 452 476 478 480 498 499 500 28 30 32 34 56 58 60 62 84 86 88 90 112 114 116 118 140 142 144 146 165 167 169 171 335 337 339 341 363 365 367 369 391 393 395 397 419 421 423 425 447 449 451 453 475 477 479 481
TICK
H 4 5 6 29 31 33 57 59 61 85 87 89 113 115 117 141 143 145 166 168 170 189 190 191 336 338 340 311 312 313 364 366 368 392 394 396 420 422 424 448 450 452 476 478 480 498 499 500 28 30 32 34 56 58 60 62 84 86 88 90 112 114 116 118 140 142 144 146 165 167 169 171 335 337 339 341 363 365 367 369 391 393 395 397 419 421 423 425 447 449 451 453 475 477 479 481
TICK
CX 4 16 5 18 6 20 29 43 31 45 33 47 57 72 59 74 61 76 85 99 87 101 89 103 113 128 115 130 117 132 141 155 143 157 145 159 166 180 168 182 170 184 336 350 338 352 340 354 311 323 312 325 313 327 364 379 366 381 368 383 392 406 394 408 396 410 420 435 422 437 424 439 448 462 450 464 452 466 476 490 478 492 480 494
CZ 28 42 30 44 32 46 34 48 56 71 58 73 60 75 84 98 86 100 88 102 90 104 112 127 114 129 116 131 140 154 142 156 144 158 146 160 165 179 167 181 169 183 335 349 337 351 339 353 341 355 363 378 365 380 367 382 391 405 393 407 395 409 397 411 419 434 421 436 423 438 447 461 449 463 451 465 453 467 475 489 477 491 479 493
TICK
CX 4 15 5 17 6 19 29 42 31 44 33 46 57 71 59 73 61 75 85 98 87 100 89 102 113 127 115 129 117 131 141 154 143 156 145 158 166 179 168 181 170 183 336 349 338 351 340 353 311 322 312 324 313 326 364 378 366 380 368 382 392 405 394 407 396 409 420 434 422 436 424 438 448 461 450 463 452 465 476 489 478 491 480 493
CZ 28 14 30 16 32 18 34 20 56 43 58 45 60 47 84 70 86 72 88 74 90 76 112 99 114 101 116 103 140 126 142 128 144 130 146 132 165 155 167 157 169 159 335 321 337 323 339 325 341 327 363 350 365 352 367 354 391 377 393 379 395 381 397 383 419 406 421 408 423 410 447 433 449 435 451 437 453 439 475 462 477 464 479 466
TICK
CX 29 15 31 17 33 19 57 44 59 46 61 48 85 71 87 73 89 75 113 100 115 102 117 104 141 127 143 129 145 131 166 156 168 158 170 160 189 179 190 181 191 183 336 322 338 324 340 326 364 351 366 353 368 355 392 378 394 380 396 382 420 407 422 409 424 411 448 434 450 436 452 438 476 463 478 465 480 467 498 489 499 491 500 493
CZ 30 43 32 45 34 47 56 70 58 72 60 74 62 76 86 99 88 101 90 103 112 126 114 128 116 130 118 132 142 155 144 157 146 159 165 178 167 180 169 182 171 184 337 350 339 352 341 354 363 377 365 379 367 381 369 383 393 406 395 408 397 410 419 433 421 435 423 437 425 439 449 462 451 464 453 466 475 488 477 490 479 492 481 494
TICK
CX 29 14 31 16 33 18 57 43 59 45 61 47 85 70 87 72 89 74 113 99 115 101 117 103 141 126 143 128 145 130 166 155 168 157 170 159 189 178 190 180 191 182 336 321 338 323 340 325 364 350 366 352 368 354 392 377 394 379 396 381 420 406 422 408 424 410 448 433 450 435 452 437 476 462 478 464 480 466 498 488 499 490 500 492
CZ 30 15 32 17 34 19 56 42 58 44 60 46 62 48 86 71 88 73 90 75 112 98 114 100 116 102 118 104 142 127 144 129 146 131 165 154 167 156 169 158 171 160 337 322 339 324 341 326 363 349 365 351 367 353 369 355 393 378 395 380 397 382 419 405 421 407 423 409 425 411 449 434 451 436 453 438 475 461 477 463 479 465 481 467
TICK
H 4 5 6 29 31 33 57 59 61 85 87 89 113 115 117 141 143 145 166 168 170 189 190 191 336 338 340 311 312 313 364 366 368 392 394 396 420 422 424 448 450 452 476 478 480 498 499 500 28 30 32 34 56 58 60 62 84 86 88 90 112 114 116 118 140 142 144 146 165 167 169 171 335 337 339 341 363 365 367 369 391 393 395 397 419 421 423 425 447 449 451 453 475 477 479 481
TICK
M 4 5 6 29 31 33 57 59 61 85 87 89 113 115 117 141 143 145 166 168 170 189 190 191 336 338 340 311 312 313 364 366 368 392 394 396 420 422 424 448 450 452 476 478 480 498 499 500 28 30 32 34 56 58 60 62 84 86 88 90 112 114 116 118 140 142 144 146 165 167 169 171 335 337 339 341 363 365 367 369 391 393 395 397 419 421 423 425 447 449 451 453 475 477 479 481
TICK
R 4 5 6 29 31 33 57 59 61 85 87 89 113 115 117 141 143 145 166 168 170 189 190 191 336 338 340 311 312 313 364 366 368 392 394 396 420 422 424 448 450 452 476 478 480 498 499 500 28 30 32 34 56 58 60 62 84 86 88 90 112 114 116 118 140 142 144 146 165 167 169 171 335 337 339 341 363 365 367 369 391 393 395 397 419 421 423 425 447 449 451 453 475 477 479 481
TICK
H 4 5 6 29 31 33 57 59 61 85 87 89 113 115 117 141 143 145 166 168 170 189 190 191 336 338 340 311 312 313 364 366 368 392 394 396 420 422 424 448 450 452 476 478 480 498 499 500 28 30 32 34 56 58 60 62 84 86 88 90 112 114 116 118 140 142 144 146 165 167 169 171 335 337 339 341 363 365 367 369 391 393 395 397 419 421 423 425 447 449 451 453 475 477 479 481
TICK
CX 4 15 5 17 6 19 29 42 31 44 33 46 57 71 59 73 61 75 85 98 87 100 89 102 113 127 115 129 117 131 141 154 143 156 145 158 166 179 168 181 170 183 336 349 338 351 340 353 311 322 312 324 313 326 364 378 366 380 368 382 392 405 394 407 396 409 420 434 422 436 424 438 448 461 450 463 452 465 476 489 478 491 480 493
CZ 30 43 32 45 34 47 56 70 58 72 60 74 62 76 86 99 88 101 90 103 112 126 114 128 116 130 118 132 142 155 144 157 146 159 165 178 167 180 169 182 171 184 337 350 339 352 341 354 363 377 365 379 367 381 369 383 393 406 395 408 397 410 419 433 421 435 423 437 425 439 449 462 451 464 453 466 475 488 477 490 479 492 481 494
TICK
CX 4 16 5 18 6 20 29 43 31 45 33 47 57 72 59 74 61 76 85 99 87 101 89 103 113 128 115 130 117 132 141 155 143 157 145 159 166 180 168 182 170 184 336 350 338 352 340 354 311 323 312 325 313 327 364 379 366 381 368 383 392 406 394 408 396 410 420 435 422 437 424 439 448 462 450 464 452 466 476 490 478 492 480 494
CZ 30 15 32 17 34 19 56 42 58 44 60 46 62 48 86 71 88 73 90 75 112 98 114 100 116 102 118 104 142 127 144 129 146 131 165 154 167 156 169 158 171 160 337 322 339 324 341 326 363 349 365 351 367 353 369 355 393 378 395 380 397 382 419 405 421 407 423 409 425 411 449 434 451 436 453 438 475 461 477 463 479 465 481 467
TICK
CX 29 14 31 16 33 18 57 43 59 45 61 47 85 70 87 72 89 74 113 99 115 101 117 103 141 126 143 128 145 130 166 155 168 157 170 159 189 178 190 180 191 182 336 321 338 323 340 325 364 350 366 352 368 354 392 377 394 379 396 381 420 406 422 408 424 410 448 433 450 435 452 437 476 462 478 464 480 466 498 488 499 490 500 492
CZ 28 42 30 44 32 46 34 48 56 71 58 73 60 75 84 98 86 100 88 102 90 104 112 127 114 129 116 131 140 154 142 156 144 158 146 160 165 179 167 181 169 183 335 349 337 351 339 353 341 355 363 378 365 380 367 382 391 405 393 407 395 409 397 411 419 434 421 436 423 438 447 461 449 463 451 465 453 467 475 489 477 491 479 493
TICK
CX 29 15 31 17 33 19 57 44 59 46 61 48 85 71 87 73 89 75 113 100 115 102 117 104 141 127 143 129 145 131 166 156 168 158 170 160 189 179 190 181 191 183 336 322 338 324 340 326 364 351 366 353 368 355 392 378 394 380 396 382 420 407 422 409 424 411 448 434 450 436 452 438 476 463 478 465 480 467 498 489 499 491 500 493
CZ 28 14 30 16 32 18 34 20 56 43 58 45 60 47 84 70 86 72 88 74 90 76 112 99 114 101 116 103 140 126 142 128 144 130 146 132 165 155 167 157 169 159 335 321 337 323 339 325 341 327 363 350 365 352 367 354 391 377 393 379 395 381 397 383 419 406 421 408 423 410 447 433 449 435 451 437 453 439 475 462 477 464 479 466
TICK
H 4 5 6 29 31 33 57 59 61 85 87 89 113 115 117 141 143 145 166 168 170 189 190 191 336 338 340 311 312 313 364 366 368 392 394 396 420 422 424 448 450 452 476 478 480 498 499 500 28 30 32 34 56 58 60 62 84 86 88 90 112 114 116 118 140 142 144 146 165 167 169 171 335 337 339 341 363 365 367 369 391 393 395 397 419 421 423 425 447 449 451 453 475 477 479 481
TICK
M 4 5 6 29 31 33 57 59 61 85 87 89 113 115 117 141 143 145 166 168 170 189 190 191 336 338 340 311 312 313 364 366 368 392 394 396 420 422 424 448 450 452 476 478 480 498 499 500 28 30 32 34 56 58 60 62 84 86 88 90 112 114 116 118 140 142 144 146 165 167 169 171 335 337 339 341 363 365 367 369 391 393 395 397 419 421 423 425 447 449 451 453 475 477 479 481
TICK
R 4 5 6 29 31 33 57 59 61 85 87 89 113 115 117 141 143 145 166 168 170 189 190 191 336 338 340 311 312 313 364 366 368 392 394 396 420 422 424 448 450 452 476 478 480 498 499 500 28 30 32 34 56 58 60 62 84 86 88 90 112 114 116 118 140 142 144 146 165 167 169 171 335 337 339 341 363 365 367 369 391 393 395 397 419 421 423 425 447 449 451 453 475 477 479 481
TICK
H 4 5 6 29 31 33 57 59 61 85 87 89 113 115 117 141 143 145 166 168 170 189 190 191 336 338 340 311 312 313 364 366 368 392 394 396 420 422 424 448 450 452 476 478 480 498 499 500 28 30 32 34 56 58 60 62 84 86 88 90 112 114 116 118 140 142 144 146 165 167 169 171 335 337 339 341 363 365 367 369 391 393 395 397 419 421 423 425 447 449 451 453 475 477 479 481
TICK
CX 4 16 5 18 6 20 29 43 31 45 33 47 57 72 59 74 61 76 85 99 87 101 89 103 113 128 115 130 117 132 141 155 143 157 145 159 166 180 168 182 170 184 336 350 338 352 340 354 311 323 312 325 313 327 364 379 366 381 368 383 392 406 394 408 396 410 420 435 422 437 424 439 448 462 450 464 452 466 476 490 478 492 480 494
CZ 28 42 30 44 32 46 34 48 56 71 58 73 60 75 84 98 86 100 88 102 90 104 112 127 114 129 116 131 140 154 142 156 144 158 146 160 165 179 167 181 169 183 335 349 337 351 339 353 341 355 363 378 365 380 367 382 391 405 393 407 395 409 397 411 419 434 421 436 423 438 447 461 449 463 451 465 453 467 475 489 477 491 479 493
TICK
CX 4 15 5 17 6 19 29 42 31 44 33 46 57 71 59 73 61 75 85 98 87 100 89 102 113 127 115 129 117 131 141 154 143 156 145 158 166 179 168 181 170 183 336 349 338 351 340 353 311 322 312 324 313 326 364 378 366 380 368 382 392 405 394 407 396 409 420 434 422 436 424 438 448 461 450 463 452 465 476 489 478 491 480 493
CZ 28 14 30 16 32 18 34 20 56 43 58 45 60 47 84 70 86 72 88 74 90 76 112 99 114 101 116 103 140 126 142 128 144 130 146 132 165 155 167 157 169 159 335 321 337 323 339 325 341 327 363 350 365 352 367 354 391 377 393 379 395 381 397 383 419 406 421 408 423 410 447 433 449 435 451 437 453 439 475 462 477 464 479 466
TICK
CX 29 15 31 17 33 19 57 44 59 46 61 48 85 71 87 73 89 75 113 100 115 102 117 104 141 127 143 129 145 131 166 156 168 158 170 160 189 179 190 181 191 183 336 322 338 324 340 326 364 351 366 353 368 355 392 378 394 380 396 382 420 407 422 409 424 411 448 434 450 436 452 438 476 463 478 465 480 467 498 489 499 491 500 493
CZ 30 43 32 45 34 47 56 70 58 72 60 74 62 76 86 99 88 101 90 103 112 126 114 128 116 130 118 132 142 155 144 157 146 159 165 178 167 180 169 182 171 184 337 350 339 352 341 354 363 377 365 379 367 381 369 383 393 406 395 408 397 410 419 433 421 435 423 437 425 439 449 462 451 464 453 466 475 488 477 490 479 492 481 494
TICK
CX 29 14 31 16 33 18 57 43 59 45 61 47 85 70 87 72 89 74 113 99 115 101 117 103 141 126 143 128 145 130 166 155 168 157 170 159 189 178 190 180 191 182 336 321 338 323 340 325 364 350 366 352 368 354 392 377 394 379 396 381 420 406 422 408 424 410 448 433 450 435 452 437 476 462 478 464 480 466 498 488 499 490 500 492
CZ 30 15 32 17 34 19 56 42 58 44 60 46 62 48 86 71 88 73 90 75 112 98 114 100 116 102 118 104 142 127 144 129 146 131 165 154 167 156 169 158 171 160 337 322 339 324 341 326 363 349 365 351 367 353 369 355 393 378 395 380 397 382 419 405 421 407 423 409 425 411 449 434 451 436 453 438 475 461 477 463 479 465 481 467
TICK
H 4 5 6 29 31 33 57 59 61 85 87 89 113 115 117 141 143 145 166 168 170 189 190 191 336 338 340 311 312 313 364 366 368 392 394 396 420 422 424 448 450 452 476 478 480 498 499 500 28 30 32 34 56 58 60 62 84 86 88 90 112 114 116 118 140 142 144 146 165 167 169 171 335 337 339 341 363 365 367 369 391 393 395 397 419 421 423 425 447 449 451 453 475 477 479 481
TICK
M 4 5 6 29 31 33 57 59 61 85 87 89 113 115 117 141 143 145 166 168 170 189 190 191 336 338 340 311 312 313 364 366 368 392 394 396 420 422 424 448 450 452 476 478 480 498 499 500 28 30 32 34 56 58 60 62 84 86 88 90 112 114 116 118 140 142 144 146 165 167 169 171 335 337 339 341 363 365 367 369 391 393 395 397 419 421 423 425 447 449 451 453 475 477 479 481
TICK
R 4 5 6 29 31 33 57 59 61 85 87 89 113 115 117 141 143 145 166 168 170 189 190 191 336 338 340 311 312 313 364 366 368 392 394 396 420 422 424 448 450 452 476 478 480 498 499 500 28 30 32 34 56 58 60 62 84 86 88 90 112 114 116 118 140 142 144 146 165 167 169 171 335 337 339 341 363 365 367 369 391 393 395 397 419 421 423 425 447 449 451 453 475 477 479 481
TICK
H 4 5 6 29 31 33 57 59 61 85 87 89 113 115 117 141 143 145 166 168 170 189 190 191 336 338 340 311 312 313 364 366 368 392 394 396 420 422 424 448 450 452 476 478 480 498 499 500 28 30 32 34 56 58 60 62 84 86 88 90 112 114 116 118 140 142 144 146 165 167 169 171 335 337 339 341 363 365 367 369 391 393 395 397 419 421 423 425 447 449 451 453 475 477 479 481
TICK
CX 4 15 5 17 6 19 29 42 31 44 33 46 57 71 59 73 61 75 85 98 87 100 89 102 113 127 115 129 117 131 141 154 143 156 145 158 166 179 168 181 170 183 336 349 338 351 340 353 311 322 312 324 313 326 364 378 366 380 368 382 392 405 394 407 396 409 420 434 422 436 424 438 448 461 450 463 452 465 476 489 478 491 480 493
CZ 30 43 32 45 34 47 56 70 58 72 60 74 62 76 86 99 88 101 90 103 112 126 114 128 116 130 118 132 142 155 144 157 146 159 165 178 167 180 169 182 171 184 337 350 339 352 341 354 363 377 365 379 367 381 369 383 393 406 395 408 397 410 419 433 421 435 423 437 425 439 449 462 451 464 453 466 475 488 477 490 479 492 481 494
TICK
CX 4 16 5 18 6 20 29 43 31 45 33 47 57 72 59 74 61 76 85 99 87 101 89 103 113 128 115 130 117 132 141 155 143 157 145 159 166 180 168 182 170 184 336 350 338 352 340 354 311 323 312 325 313 327 364 379 366 381 368 383 392 406 394 408 396 410 420 435 422 437 424 439 448 462 450 464 452 466 476 490 478 492 480 494
CZ 30 15 32 17 34 19 56 42 58 44 60 46 62 48 86 71 88 73 90 75 112 98 114 100 116 102 118 104 142 127 144 129 146 131 165 154 167 156 169 158 171 160 337 322 339 324 341 326 363 349 365 351 367 353 369 355 393 378 395 380 397 382 419 405 421 407 423 409 425 411 449 434 451 436 453 438 475 461 477 463 479 465 481 467
TICK
CX 29 14 31 16 33 18 57 43 59 45 61 47 85 70 87 72 89 74 113 99 115 101 117 103 141 126 143 128 145 130 166 155 168 157 170 159 189 178 190 180 191 182 336 321 338 323 340 325 364 350 366 352 368 354 392 377 394 379 396 381 420 406 422 408 424 410 448 433 450 435 452 437 476 462 478 464 480 466 498 488 499 490 500 492
CZ 28 42 30 44 32 46 34 48 56 71 58 73 60 75 84 98 86 100 88 102 90 104 112 127 114 129 116 131 140 154 142 156 144 158 146 160 165 179 167 181 169 183 335 349 337 351 339 353 341 355 363 378 365 380 367 382 391 405 393 407 395 409 397 411 419 434 421 436 423 438 447 461 449 463 451 465 453 467 475 489 477 491 479 493
TICK
CX 29 15 31 17 33 19 57 44 59 46 61 48 85 71 87 73 89 75 113 100 115 102 117 104 141 127 143 129 145 131 166 156 168 158 170 160 189 179 190 181 191 183 336 322 338 324 340 326 364 351 366 353 368 355 392 378 394 380 396 382 420 407 422 409 424 411 448 434 450 436 452 438 476 463 478 465 480 467 498 489 499 491 500 493
CZ 28 14 30 16 32 18 34 20 56 43 58 45 60 47 84 70 86 72 88 74 90 76 112 99 114 101 116 103 140 126 142 128 144 130 146 132 165 155 167 157 169 159 335 321 337 323 339 325 341 327 363 350 365 352 367 354 391 377 393 379 395 381 397 383 419 406 421 408 423 410 447 433 449 435 451 437 453 439 475 462 477 464 479 466
TICK
H 4 5 6 29 31 33 57 59 61 85 87 89 113 115 117 141 143 145 166 168 170 189 190 191 336 338 340 311 312 313 364 366 368 392 394 396 420 422 424 448 450 452 476 478 480 498 499 500 28 30 32 34 56 58 60 62 84 86 88 90 112 114 116 118 140 142 144 146 165 167 169 171 335 337 339 341 363 365 367 369 391 393 395 397 419 421 423 425 447 449 451 453 475 477 479 481
TICK
M 4 5 6 29 31 33 57 59 61 85 87 89 113 115 117 141 143 145 166 168 170 189 190 191 336 338 340 311 312 313 364 366 368 392 394 396 420 422 424 448 450 452 476 478 480 498 499 500 28 30 32 34 56 58 60 62 84 86 88 90 112 114 116 118 140 142 144 146 165 167 169 171 335 337 339 341 363 365 367 369 391 393 395 397 419 421 423 425 447 449 451 453 475 477 479 481
TICK
R 4 5 6 29 31 33 57 59 61 85 87 89 113 115 117 141 143 145 166 168 170 189 190 191 336 338 340 311 312 313 364 366 368 392 394 396 420 422 424 448 450 452 476 478 480 498 499 500 28 30 32 34 56 58 60 62 84 86 88 90 112 114 116 118 140 142 144 146 165 167 169 171 335 337 339 341 363 365 367 369 391 393 395 397 419 421 423 425 447 449 451 453 475 477 479 481
TICK
H 4 5 6 29 31 33 57 59 61 85 87 89 113 115 117 141 143 145 166 168 170 189 190 191 336 338 340 311 312 313 364 366 368 392 394 396 420 422 424 448 450 452 476 478 480 498 499 500 28 30 32 34 56 58 60 62 84 86 88 90 112 114 116 118 140 142 144 146 165 167 169 171 335 337 339 341 363 365 367 369 391 393 395 397 419 421 423 425 447 449 451 453 475 477 479 481
TICK
CX 4 16 5 18 6 20 29 43 31 45 33 47 57 72 59 74 61 76 85 99 87 101 89 103 113 128 115 130 117 132 141 155 143 157 145 159 166 180 168 182 170 184 336 350 338 352 340 354 311 323 312 325 313 327 364 379 366 381 368 383 392 406 394 408 396 410 420 435 422 437 424 439 448 462 450 464 452 466 476 490 478 492 480 494
CZ 28 42 30 44 32 46 34 48 56 71 58 73 60 75 84 98 86 100 88 102 90 104 112 127 114 129 116 131 140 154 142 156 144 158 146 160 165 179 167 181 169 183 335 349 337 351 339 353 341 355 363 378 365 380 367 382 391 405 393 407 395 409 397 411 419 434 421 436 423 438 447 461 449 463 451 465 453 467 475 489 477 491 479 493
TICK
CX 4 15 5 17 6 19 29 42 31 44 33 46 57 71 59 73 61 75 85 98 87 100 89 102 113 127 115 129 117 131 141 154 143 156 145 158 166 179 168 181 170 183 336 349 338 351 340 353 311 322 312 324 313 326 364 378 366 380 368 382 392 405 394 407 396 409 420 434 422 436 424 438 448 461 450 463 452 465 476 489 478 491 480 493
CZ 28 14 30 16 32 18 34 20 56 43 58 45 60 47 84 70 86 72 88 74 90 76 112 99 114 101 116 103 140 126 142 128 144 130 146 132 165 155 167 157 169 159 335 321 337 323 339 325 341 327 363 350 365 352 367 354 391 377 393 379 395 381 397 383 419 406 421 408 423 410 447 433 449 435 451 437 453 439 475 462 477 464 479 466
TICK
CX 29 15 31 17 33 19 57 44 59 46 61 48 85 71 87 73 89 75 113 100 115 102 117 104 141 127 143 129 145 131 166 156 168 158 170 160 189 179 190 181 191 183 336 322 338 324 340 326 364 351 366 353 368 355 392 378 394 380 396 382 420 407 422 409 424 411 448 434 450 436 452 438 476 463 478 465 480 467 498 489 499 491 500 493
CZ 30 43 32 45 34 47 56 70 58 72 60 74 62 76 86 99 88 101 90 103 112 126 114 128 116 130 118 132 142 155 144 157 146 159 165 178 167 180 169 182 171 184 337 350 339 352 341 354 363 377 365 379 367 381 369 383 393 406 395 408 397 410 419 433 421 435 423 437 425 439 449 462 451 464 453 466 475 488 477 490 479 492 481 494
TICK
CX 29 14 31 16 33 18 57 43 59 45 61 47 85 70 87 72 89 74 113 99 115 101 117 103 141 126 143 128 145 130 166 155 168 157 170 159 189 178 190 180 191 182 336 321 338 323 340 325 364 350 366 352 368 354 392 377 394 379 396 381 420 406 422 408 424 410 448 433 450 435 452 437 476 462 478 464 480 466 498 488 499 490 500 492
CZ 30 15 32 17 34 19 56 42 58 44 60 46 62 48 86 71 88 73 90 75 112 98 114 100 116 102 118 104 142 127 144 129 146 131 165 154 167 156 169 158 171 160 337 322 339 324 341 326 363 349 365 351 367 353 369 355 393 378 395 380 397 382 419 405 421 407 423 409 425 411 449 434 451 436 453 438 475 461 477 463 479 465 481 467
TICK
H 4 5 6 29 31 33 57 59 61 85 87 89 113 115 117 141 143 145 166 168 170 189 190 191 336 338 340 311 312 313 364 366 368 392 394 396 420 422 424 448 450 452 476 478 480 498 499 500 28 30 32 34 56 58 60 62 84 86 88 90 112 114 116 118 140 142 144 146 165 167 169 171 335 337 339 341 363 365 367 369 391 393 395 397 419 421 423 425 447 449 451 453 475 477 479 481
TICK
M 4 5 6 29 31 33 57 59 61 85 87 89 113 115 117 141 143 145 166 168 170 189 190 191 336 338 340 311 312 313 364 366 368 392 394 396 420 422 424 448 450 452 476 478 480 498 499 500 28 30 32 34 56 58 60 62 84 86 88 90 112 114 116 118 140 142 144 146 165 167 169 171 335 337 339 341 363 365 367 369 391 393 395 397 419 421 423 425 447 449 451 453 475 477 479 481
TICK
#!pragma POLYGON(0,0,1,0.25) 42 70 71 43
#!pragma POLYGON(0,0,1,0.25) 15 43 44 16
#!pragma POLYGON(0,0,1,0.25) 98 126 127 99
#!pragma POLYGON(0,0,1,0.25) 71 99 100 72
#!pragma POLYGON(0,0,1,0.25) 100 128 129 101
#!pragma POLYGON(0,0,1,0.25) 73 101 102 74
#!pragma POLYGON(0,0,1,0.25) 44 72 73 45
#!pragma POLYGON(0,0,1,0.25) 17 45 46 18
#!pragma POLYGON(0,0,1,0.25) 154 178 179 155
#!pragma POLYGON(0,0,1,0.25) 127 155 156 128
#!pragma POLYGON(0,0,1,0.25) 156 180 181 157
#!pragma POLYGON(0,0,1,0.25) 129 157 158 130
#!pragma POLYGON(0,0,1,0.25) 158 182 183 159
#!pragma POLYGON(0,0,1,0.25) 131 159 160 132
#!pragma POLYGON(0,0,1,0.25) 102 130 131 103
#!pragma POLYGON(0,0,1,0.25) 75 103 104 76
#!pragma POLYGON(0,0,1,0.25) 46 74 75 47
#!pragma POLYGON(0,0,1,0.25) 19 47 48 20
#!pragma POLYGON(0,0,1,0.25) 40 68 69 41
#!pragma POLYGON(0,0,1,0.25) 13 41 42 14
#!pragma POLYGON(0,0,1,0.25) 96 124 125 97
#!pragma POLYGON(0,0,1,0.25) 69 97 98 70
#!pragma POLYGON(0,0,1,0.25) 125 153 154 126
#!pragma POLYGON(0,0,1,0.25) 36 64 65 37
#!pragma POLYGON(0,0,1,0.25) 9 37 38 10
#!pragma POLYGON(0,0,1,0.25) 38 66 67 39
#!pragma POLYGON(0,0,1,0.25) 11 39 40 12
#!pragma POLYGON(0,0,1,0.25) 7 35 36 8
#!pragma POLYGON(0,0,1,0.25) 63 91 92 64
#!pragma POLYGON(0,0,1,0.25) 92 120 121 93
#!pragma POLYGON(0,0,1,0.25) 65 93 94 66
#!pragma POLYGON(0,0,1,0.25) 94 122 123 95
#!pragma POLYGON(0,0,1,0.25) 67 95 96 68
#!pragma POLYGON(0,0,1,0.25) 119 147 148 120
#!pragma POLYGON(0,0,1,0.25) 121 149 150 122
#!pragma POLYGON(0,0,1,0.25) 123 151 152 124
#!pragma POLYGON(0,0,1,0.25) 76 48
#!pragma POLYGON(0,0,1,0.25) 132 104
#!pragma POLYGON(0,0,1,0.25) 184 160
#!pragma POLYGON(0,0,1,0.25) 211 225 226 212
#!pragma POLYGON(0,0,1,0.25) 239 253 254 240
#!pragma POLYGON(0,0,1,0.25) 267 281 282 268
#!pragma POLYGON(0,0,1,0.25) 207 221 222 208
#!pragma POLYGON(0,0,1,0.25) 209 223 224 210
#!pragma POLYGON(0,0,1,0.25) 220 234 235 221
#!pragma POLYGON(0,0,1,0.25) 235 249 250 236
#!pragma POLYGON(0,0,1,0.25) 222 236 237 223
#!pragma POLYGON(0,0,1,0.25) 237 251 252 238
#!pragma POLYGON(0,0,1,0.25) 224 238 239 225
#!pragma POLYGON(0,0,1,0.25) 248 262 263 249
#!pragma POLYGON(0,0,1,0.25) 263 277 278 264
#!pragma POLYGON(0,0,1,0.25) 250 264 265 251
#!pragma POLYGON(0,0,1,0.25) 265 279 280 266
#!pragma POLYGON(0,0,1,0.25) 252 266 267 253
#!pragma POLYGON(0,0,1,0.25) 276 290 291 277
#!pragma POLYGON(0,0,1,0.25) 278 292 293 279
#!pragma POLYGON(0,0,1,0.25) 280 294 295 281
#!pragma POLYGON(0,0,1,0.25) 291 297 292
#!pragma POLYGON(0,0,1,0.25) 308 297
#!pragma POLYGON(0,0,1,0.25) 315 316 308
#!pragma POLYGON(0,0,1,0.25) 293 298 294
#!pragma POLYGON(0,0,1,0.25) 309 298
#!pragma POLYGON(0,0,1,0.25) 317 318 309
#!pragma POLYGON(0,0,1,0.25) 295 299 296
#!pragma POLYGON(0,0,1,0.25) 310 299
#!pragma POLYGON(0,0,1,0.25) 319 320 310
#!pragma POLYGON(0,0,1,0.25) 349 377 378 350
#!pragma POLYGON(0,0,1,0.25) 322 350 351 323
#!pragma POLYGON(0,0,1,0.25) 405 433 434 406
#!pragma POLYGON(0,0,1,0.25) 378 406 407 379
#!pragma POLYGON(0,0,1,0.25) 407 435 436 408
#!pragma POLYGON(0,0,1,0.25) 380 408 409 381
#!pragma POLYGON(0,0,1,0.25) 351 379 380 352
#!pragma POLYGON(0,0,1,0.25) 324 352 353 325
#!pragma POLYGON(0,0,1,0.25) 461 488 489 462
#!pragma POLYGON(0,0,1,0.25) 434 462 463 435
#!pragma POLYGON(0,0,1,0.25) 463 490 491 464
#!pragma POLYGON(0,0,1,0.25) 436 464 465 437
#!pragma POLYGON(0,0,1,0.25) 465 492 493 466
#!pragma POLYGON(0,0,1,0.25) 438 466 467 439
#!pragma POLYGON(0,0,1,0.25) 409 437 438 410
#!pragma POLYGON(0,0,1,0.25) 382 410 411 383
#!pragma POLYGON(0,0,1,0.25) 353 381 382 354
#!pragma POLYGON(0,0,1,0.25) 326 354 355 327
#!pragma POLYGON(0,0,1,0.25) 347 375 376 348
#!pragma POLYGON(0,0,1,0.25) 320 348 349 321
#!pragma POLYGON(0,0,1,0.25) 403 431 432 404
#!pragma POLYGON(0,0,1,0.25) 376 404 405 377
#!pragma POLYGON(0,0,1,0.25) 459 486 487 460
#!pragma POLYGON(0,0,1,0.25) 432 460 461 433
#!pragma POLYGON(0,0,1,0.25) 343 371 372 344
#!pragma POLYGON(0,0,1,0.25) 316 344 345 317
#!pragma POLYGON(0,0,1,0.25) 345 373 374 346
#!pragma POLYGON(0,0,1,0.25) 318 346 347 319
#!pragma POLYGON(0,0,1,0.25) 314 342 343 315
#!pragma POLYGON(0,0,1,0.25) 370 398 399 371
#!pragma POLYGON(0,0,1,0.25) 399 427 428 400
#!pragma POLYGON(0,0,1,0.25) 372 400 401 373
#!pragma POLYGON(0,0,1,0.25) 401 429 430 402
#!pragma POLYGON(0,0,1,0.25) 374 402 403 375
#!pragma POLYGON(0,0,1,0.25) 426 454 455 427
#!pragma POLYGON(0,0,1,0.25) 455 482 483 456
#!pragma POLYGON(0,0,1,0.25) 428 456 457 429
#!pragma POLYGON(0,0,1,0.25) 457 484 485 458
#!pragma POLYGON(0,0,1,0.25) 430 458 459 431
#!pragma POLYGON(0,0,1,0.25) 383 355
#!pragma POLYGON(0,0,1,0.25) 439 411
#!pragma POLYGON(0,0,1,0.25) 494 467
#!pragma POLYGON(0,0,1,0.25) 192 206 207 193
#!pragma POLYGON(0,0,1,0.25) 194 208 209 195
#!pragma POLYGON(0,0,1,0.25) 196 210 211 197
#!pragma POLYGON(0,0,1,0.25) 148 161 149
#!pragma POLYGON(0,0,1,0.25) 185 161
#!pragma POLYGON(0,0,1,0.25) 193 194 185
#!pragma POLYGON(0,0,1,0.25) 150 162 151
#!pragma POLYGON(0,0,1,0.25) 186 162
#!pragma POLYGON(0,0,1,0.25) 195 196 186
#!pragma POLYGON(0,0,1,0.25) 152 163 153
#!pragma POLYGON(0,0,1,0.25) 187 163
#!pragma POLYGON(0,0,1,0.25) 197 198 187
#!pragma POLYGON(1,0,0,0.25) 14 42 43 15
#!pragma POLYGON(1,0,0,0.25) 43 71 72 44
#!pragma POLYGON(1,0,0,0.25) 70 98 99 71
#!pragma POLYGON(1,0,0,0.25) 99 127 128 100
#!pragma POLYGON(1,0,0,0.25) 72 100 101 73
#!pragma POLYGON(1,0,0,0.25) 101 129 130 102
#!pragma POLYGON(1,0,0,0.25) 16 44 45 17
#!pragma POLYGON(1,0,0,0.25) 45 73 74 46
#!pragma POLYGON(1,0,0,0.25) 126 154 155 127
#!pragma POLYGON(1,0,0,0.25) 155 179 180 156
#!pragma POLYGON(1,0,0,0.25) 128 156 157 129
#!pragma POLYGON(1,0,0,0.25) 157 181 182 158
#!pragma POLYGON(1,0,0,0.25) 130 158 159 131
#!pragma POLYGON(1,0,0,0.25) 159 183 184 160
#!pragma POLYGON(1,0,0,0.25) 74 102 103 75
#!pragma POLYGON(1,0,0,0.25) 103 131 132 104
#!pragma POLYGON(1,0,0,0.25) 18 46 47 19
#!pragma POLYGON(1,0,0,0.25) 47 75 76 48
#!pragma POLYGON(1,0,0,0.25) 12 40 41 13
#!pragma POLYGON(1,0,0,0.25) 41 69 70 42
#!pragma POLYGON(1,0,0,0.25) 68 96 97 69
#!pragma POLYGON(1,0,0,0.25) 97 125 126 98
#!pragma POLYGON(1,0,0,0.25) 124 152 153 125
#!pragma POLYGON(1,0,0,0.25) 8 36 37 9
#!pragma POLYGON(1,0,0,0.25) 37 65 66 38
#!pragma POLYGON(1,0,0,0.25) 10 38 39 11
#!pragma POLYGON(1,0,0,0.25) 39 67 68 40
#!pragma POLYGON(1,0,0,0.25) 35 63 64 36
#!pragma POLYGON(1,0,0,0.25) 91 119 120 92
#!pragma POLYGON(1,0,0,0.25) 64 92 93 65
#!pragma POLYGON(1,0,0,0.25) 93 121 122 94
#!pragma POLYGON(1,0,0,0.25) 66 94 95 67
#!pragma POLYGON(1,0,0,0.25) 95 123 124 96
#!pragma POLYGON(1,0,0,0.25) 120 148 149 121
#!pragma POLYGON(1,0,0,0.25) 122 150 151 123
#!pragma POLYGON(1,0,0,0.25) 35 7
#!pragma POLYGON(1,0,0,0.25) 7 8
#!pragma POLYGON(1,0,0,0.25) 9 10
#!pragma POLYGON(1,0,0,0.25) 11 12
#!pragma POLYGON(1,0,0,0.25) 13 14
#!pragma POLYGON(1,0,0,0.25) 15 16
#!pragma POLYGON(1,0,0,0.25) 17 18
#!pragma POLYGON(1,0,0,0.25) 19 20
#!pragma POLYGON(1,0,0,0.25) 182 183
#!pragma POLYGON(1,0,0,0.25) 180 181
#!pragma POLYGON(1,0,0,0.25) 178 179
#!pragma POLYGON(1,0,0,0.25) 225 239 240 226
#!pragma POLYGON(1,0,0,0.25) 253 267 268 254
#!pragma POLYGON(1,0,0,0.25) 208 222 223 209
#!pragma POLYGON(1,0,0,0.25) 210 224 225 211
#!pragma POLYGON(1,0,0,0.25) 206 220 221 207
#!pragma POLYGON(1,0,0,0.25) 234 248 249 235
#!pragma POLYGON(1,0,0,0.25) 221 235 236 222
#!pragma POLYGON(1,0,0,0.25) 236 250 251 237
#!pragma POLYGON(1,0,0,0.25) 223 237 238 224
#!pragma POLYGON(1,0,0,0.25) 238 252 253 239
#!pragma POLYGON(1,0,0,0.25) 262 276 277 263
#!pragma POLYGON(1,0,0,0.25) 249 263 264 250
#!pragma POLYGON(1,0,0,0.25) 264 278 279 265
#!pragma POLYGON(1,0,0,0.25) 251 265 266 252
#!pragma POLYGON(1,0,0,0.25) 266 280 281 267
#!pragma POLYGON(1,0,0,0.25) 277 291 292 278
#!pragma POLYGON(1,0,0,0.25) 279 293 294 280
#!pragma POLYGON(1,0,0,0.25) 281 295 296 282
#!pragma POLYGON(1,0,0,0.25) 321 349 350 322
#!pragma POLYGON(1,0,0,0.25) 350 378 379 351
#!pragma POLYGON(1,0,0,0.25) 377 405 406 378
#!pragma POLYGON(1,0,0,0.25) 406 434 435 407
#!pragma POLYGON(1,0,0,0.25) 379 407 408 380
#!pragma POLYGON(1,0,0,0.25) 408 436 437 409
#!pragma POLYGON(1,0,0,0.25) 323 351 352 324
#!pragma POLYGON(1,0,0,0.25) 352 380 381 353
#!pragma POLYGON(1,0,0,0.25) 433 461 462 434
#!pragma POLYGON(1,0,0,0.25) 462 489 490 463
#!pragma POLYGON(1,0,0,0.25) 435 463 464 436
#!pragma POLYGON(1,0,0,0.25) 464 491 492 465
#!pragma POLYGON(1,0,0,0.25) 437 465 466 438
#!pragma POLYGON(1,0,0,0.25) 466 493 494 467
#!pragma POLYGON(1,0,0,0.25) 381 409 410 382
#!pragma POLYGON(1,0,0,0.25) 410 438 439 411
#!pragma POLYGON(1,0,0,0.25) 325 353 354 326
#!pragma POLYGON(1,0,0,0.25) 354 382 383 355
#!pragma POLYGON(1,0,0,0.25) 319 347 348 320
#!pragma POLYGON(1,0,0,0.25) 348 376 377 349
#!pragma POLYGON(1,0,0,0.25) 375 403 404 376
#!pragma POLYGON(1,0,0,0.25) 404 432 433 405
#!pragma POLYGON(1,0,0,0.25) 431 459 460 432
#!pragma POLYGON(1,0,0,0.25) 460 487 488 461
#!pragma POLYGON(1,0,0,0.25) 315 343 344 316
#!pragma POLYGON(1,0,0,0.25) 344 372 373 345
#!pragma POLYGON(1,0,0,0.25) 317 345 346 318
#!pragma POLYGON(1,0,0,0.25) 346 374 375 347
#!pragma POLYGON(1,0,0,0.25) 342 370 371 343
#!pragma POLYGON(1,0,0,0.25) 398 426 427 399
#!pragma POLYGON(1,0,0,0.25) 371 399 400 372
#!pragma POLYGON(1,0,0,0.25) 400 428 429 401
#!pragma POLYGON(1,0,0,0.25) 373 401 402 374
#!pragma POLYGON(1,0,0,0.25) 402 430 431 403
#!pragma POLYGON(1,0,0,0.25) 427 455 456 428
#!pragma POLYGON(1,0,0,0.25) 456 483 484 457
#!pragma POLYGON(1,0,0,0.25) 429 457 458 430
#!pragma POLYGON(1,0,0,0.25) 458 485 486 459
#!pragma POLYGON(1,0,0,0.25) 342 314
#!pragma POLYGON(1,0,0,0.25) 91 63
#!pragma POLYGON(1,0,0,0.25) 147 119
#!pragma POLYGON(1,0,0,0.25) 234 220
#!pragma POLYGON(1,0,0,0.25) 262 248
#!pragma POLYGON(1,0,0,0.25) 290 276
#!pragma POLYGON(1,0,0,0.25) 398 370
#!pragma POLYGON(1,0,0,0.25) 454 426
#!pragma POLYGON(1,0,0,0.25) 454 482 455
#!pragma POLYGON(1,0,0,0.25) 482 483
#!pragma POLYGON(1,0,0,0.25) 484 485
#!pragma POLYGON(1,0,0,0.25) 486 487
#!pragma POLYGON(1,0,0,0.25) 488 489
#!pragma POLYGON(1,0,0,0.25) 490 491
#!pragma POLYGON(1,0,0,0.25) 492 493
#!pragma POLYGON(1,0,0,0.25) 326 327
#!pragma POLYGON(1,0,0,0.25) 324 325
#!pragma POLYGON(1,0,0,0.25) 322 323
#!pragma POLYGON(1,0,0,0.25) 282 268
#!pragma POLYGON(1,0,0,0.25) 254 240
#!pragma POLYGON(1,0,0,0.25) 226 212
#!pragma POLYGON(1,0,0,0.25) 193 207 208 194
#!pragma POLYGON(1,0,0,0.25) 195 209 210 196
#!pragma POLYGON(1,0,0,0.25) 197 211 212 198
#!pragma POLYGON(1,0,0,0.25) 172 147
#!pragma POLYGON(1,0,0,0.25) 192 172
#!pragma POLYGON(1,0,0,0.25) 206 192
#!pragma POLYGON(1,0,0,0.25) 173 148
#!pragma POLYGON(1,0,0,0.25) 193 173
#!pragma POLYGON(1,0,0,0.25) 172 173
#!pragma POLYGON(1,0,0,0.25) 174 149
#!pragma POLYGON(1,0,0,0.25) 194 174
#!pragma POLYGON(1,0,0,0.25) 175 150
#!pragma POLYGON(1,0,0,0.25) 195 175
#!pragma POLYGON(1,0,0,0.25) 174 175
#!pragma POLYGON(1,0,0,0.25) 176 151
#!pragma POLYGON(1,0,0,0.25) 196 176
#!pragma POLYGON(1,0,0,0.25) 177 152
#!pragma POLYGON(1,0,0,0.25) 197 177
#!pragma POLYGON(1,0,0,0.25) 176 177
#!pragma POLYGON(1,0,0,0.25) 153 164 154
#!pragma POLYGON(1,0,0,0.25) 188 164
#!pragma POLYGON(1,0,0,0.25) 198 188
#!pragma POLYGON(1,0,0,0.25) 188 178
#!pragma POLYGON(1,0,0,0.25) 300 290
#!pragma POLYGON(1,0,0,0.25) 314 300
#!pragma POLYGON(1,0,0,0.25) 300 301
#!pragma POLYGON(1,0,0,0.25) 301 291
#!pragma POLYGON(1,0,0,0.25) 315 301
#!pragma POLYGON(1,0,0,0.25) 302 292
#!pragma POLYGON(1,0,0,0.25) 316 302
#!pragma POLYGON(1,0,0,0.25) 302 303
#!pragma POLYGON(1,0,0,0.25) 303 293
#!pragma POLYGON(1,0,0,0.25) 317 303
#!pragma POLYGON(1,0,0,0.25) 304 294
#!pragma POLYGON(1,0,0,0.25) 318 304
#!pragma POLYGON(1,0,0,0.25) 304 305
#!pragma POLYGON(1,0,0,0.25) 305 295
#!pragma POLYGON(1,0,0,0.25) 319 305
#!pragma POLYGON(1,0,0,0.25) 306 296
#!pragma POLYGON(1,0,0,0.25) 320 306
#!pragma POLYGON(1,0,0,0.25) 306 307
#!pragma POLYGON(1,0,0,0.25) 321 307
TICK
R 0 1 2 3 4 5 6 21 23 25 27 29 31 33 49 51 53 55 57 59 61 77 79 81 83 85 87 89 105 107 109 111 113 115 117 133 135 137 139 141 143 145 166 168 170 189 190 191 328 330 332 334 336 338 340 311 312 313 356 358 360 362 364 366 368 384 386 388 390 392 394 396 412 414 416 418 420 422 424 440 442 444 446 448 450 452 468 470 472 474 476 478 480 495 496 497 498 499 500 22 24 26 28 30 32 34 50 52 54 56 58 60 62 78 80 82 84 86 88 90 106 108 110 112 114 116 118 134 136 138 140 142 144 146 165 167 169 171 329 331 333 335 337 339 341 357 359 361 363 365 367 369 385 387 389 391 393 395 397 413 415 417 419 421 423 425 441 443 445 447 449 451 453 469 471 473 475 477 479 481 213 215 217 219 227 229 231 233 241 243 245 247 255 257 259 261 269 271 273 275 283 285 287 289 228 256 284 214 242 270 230 258 286 216 244 272 232 260 288 218 246 274 297 298 299 308 309 310 200 201 202 203 204 205 161 162 163 185 186 187 172 173 174 175 176 177 164 188 199 7 8 9 10 11 12 13 35 36 37 38 39 40 41 63 64 65 66 67 68 69 91 92 93 94 95 96 97 119 120 121 122 123 124 125 147 148 149 150 151 152 153 206 207 208 209 210 211 212 220 221 222 223 224 225 226 234 235 236 237 238 239 240 248 249 250 251 252 253 254 262 263 264 265 266 267 268 276 277 278 279 280 281 282 290 291 292 293 294 295 296 314 315 316 317 318 319 320 342 343 344 345 346 347 348 370 371 372 373 374 375 376 398 399 400 401 402 403 404 426 427 428 429 430 431 432 454 455 456 457 458 459 460 482 483 484 485 486 487 192 193 194 195 196 197 198 300 301 302 303 304 305 306 307
TICK
H 0 1 2 3 4 5 6 21 23 25 27 29 31 33 49 51 53 55 57 59 61 77 79 81 83 85 87 89 105 107 109 111 113 115 117 133 135 137 139 141 143 145 166 168 170 189 190 191 328 330 332 334 336 338 340 311 312 313 356 358 360 362 364 366 368 384 386 388 390 392 394 396 412 414 416 418 420 422 424 440 442 444 446 448 450 452 468 470 472 474 476 478 480 495 496 497 498 499 500 22 24 26 28 30 32 34 50 52 54 56 58 60 62 78 80 82 84 86 88 90 106 108 110 112 114 116 118 134 136 138 140 142 144 146 165 167 169 171 329 331 333 335 337 339 341 357 359 361 363 365 367 369 385 387 389 391 393 395 397 413 415 417 419 421 423 425 441 443 445 447 449 451 453 469 471 473 475 477 479 481 213 215 217 219 227 229 231 233 241 243 245 247 255 257 259 261 269 271 273 275 283 285 287 289 228 256 284 214 242 270 230 258 286 216 244 272 232 260 288 218 246 274 297 298 299 308 309 310 200 201 202 203 204 205 161 162 163 172 174 176 164 199 300 301 302 303 304 305 306 307
TICK
CX 0 7 1 9 2 11 3 13 4 15 5 17 6 19 23 36 25 38 27 40 29 42 31 44 33 46 49 63 51 65 53 67 55 69 57 71 59 73 61 75 79 92 81 94 83 96 85 98 87 100 89 102 105 119 107 121 109 123 111 125 113 127 115 129 117 131 135 148 137 150 139 152 141 154 143 156 145 158 166 179 168 181 170 183 330 343 332 345 334 347 336 349 338 351 340 353 311 322 312 324 313 326 356 370 358 372 360 374 362 376 364 378 366 380 368 382 386 399 388 401 390 403 392 405 394 407 396 409 412 426 414 428 416 430 418 432 420 434 422 436 424 438 442 455 444 457 446 459 448 461 450 463 452 465 470 483 472 485 474 487 476 489 478 491 480 493 213 206 215 208 217 210 219 212 229 221 231 223 233 225 241 234 243 236 245 238 247 240 257 249 259 251 261 253 269 262 271 264 273 266 275 268 285 277 287 279 289 281 161 185 162 186 163 187 201 193 203 195 205 197 172 173 174 175 176 177 164 188 300 290 302 292 304 294 306 296
CZ 22 35 24 37 26 39 28 41 30 43 32 45 34 47 50 64 52 66 54 68 56 70 58 72 60 74 62 76 78 91 80 93 82 95 84 97 86 99 88 101 90 103 106 120 108 122 110 124 112 126 114 128 116 130 118 132 134 147 136 149 138 151 140 153 142 155 144 157 146 159 165 178 167 180 169 182 171 184 329 342 331 344 333 346 335 348 337 350 339 352 341 354 357 371 359 373 361 375 363 377 365 379 367 381 369 383 385 398 387 400 389 402 391 404 393 406 395 408 397 410 413 427 415 429 417 431 419 433 421 435 423 437 425 439 441 454 443 456 445 458 447 460 449 462 451 464 453 466 469 482 471 484 473 486 475 488 477 490 479 492 481 494 228 220 256 248 284 276 214 207 242 235 270 263 230 222 258 250 286 278 216 209 244 237 272 265 232 224 260 252 288 280 218 211 246 239 274 267 297 291 298 293 299 295 308 315 309 317 310 319 200 192 202 194 204 196
TICK
CX 300 314 302 316 304 318 306 320
TICK
CX 0 8 1 10 2 12 3 14 4 16 5 18 6 20 21 35 23 37 25 39 27 41 29 43 31 45 33 47 49 64 51 66 53 68 55 70 57 72 59 74 61 76 77 91 79 93 81 95 83 97 85 99 87 101 89 103 105 120 107 122 109 124 111 126 113 128 115 130 117 132 133 147 135 149 137 151 139 153 141 155 143 157 145 159 166 180 168 182 170 184 328 342 330 344 332 346 334 348 336 350 338 352 340 354 311 323 312 325 313 327 356 371 358 373 360 375 362 377 364 379 366 381 368 383 384 398 386 400 388 402 390 404 392 406 394 408 396 410 412 427 414 429 416 431 418 433 420 435 422 437 424 439 440 454 442 456 444 458 446 460 448 462 450 464 452 466 468 482 470 484 472 486 474 488 476 490 478 492 480 494 213 220 215 222 217 224 219 226 229 235 231 237 233 239 241 248 243 250 245 252 247 254 257 263 259 265 261 267 269 276 271 278 273 280 275 282 285 291 287 293 289 295 201 207 203 209 205 211 172 192 174 194 176 196 188 198 301 315 303 317 305 319 307 321
CZ 22 7 24 9 26 11 28 13 30 15 32 17 34 19 50 36 52 38 54 40 56 42 58 44 60 46 62 48 78 63 80 65 82 67 84 69 86 71 88 73 90 75 106 92 108 94 110 96 112 98 114 100 116 102 118 104 134 119 136 121 138 123 140 125 142 127 144 129 146 131 165 154 167 156 169 158 171 160 329 314 331 316 333 318 335 320 337 322 339 324 341 326 357 343 359 345 361 347 363 349 365 351 367 353 369 355 385 370 387 372 389 374 391 376 393 378 395 380 397 382 413 399 415 401 417 403 419 405 421 407 423 409 425 411 441 426 443 428 445 430 447 432 449 434 451 436 453 438 469 455 471 457 473 459 475 461 477 463 479 465 481 467 228 221 256 249 284 277 214 208 242 236 270 264 230 223 258 251 286 279 216 210 244 238 272 266 232 225 260 253 288 281 218 212 246 240 274 268 297 292 298 294 299 296 200 193 202 195 204 197 161 148 162 150 163 152
TICK
CX 23 8 25 10 27 12 29 14 31 16 33 18 49 35 51 37 53 39 55 41 57 43 59 45 61 47 79 64 81 66 83 68 85 70 87 72 89 74 105 91 107 93 109 95 111 97 113 99 115 101 117 103 135 120 137 122 139 124 141 126 143 128 145 130 166 155 168 157 170 159 189 178 190 180 191 182 330 315 332 317 334 319 336 321 338 323 340 325 356 342 358 344 360 346 362 348 364 350 366 352 368 354 386 371 388 373 390 375 392 377 394 379 396 381 412 398 414 400 416 402 418 404 420 406 422 408 424 410 442 427 444 429 446 431 448 433 450 435 452 437 468 454 470 456 472 458 474 460 476 462 478 464 480 466 495 482 496 484 497 486 498 488 499 490 500 492 213 207 215 209 217 211 227 220 229 222 231 224 233 226 241 235 243 237 245 239 255 248 257 250 259 252 261 254 269 263 271 265 273 267 283 276 285 278 287 280 289 282 201 194 203 196 205 198 164 153 172 147 174 149 176 151 199 192 301 291 303 293 305 295
CZ 22 36 24 38 26 40 28 42 30 44 32 46 34 48 50 65 52 67 54 69 56 71 58 73 60 75 78 92 80 94 82 96 84 98 86 100 88 102 90 104 106 121 108 123 110 125 112 127 114 129 116 131 134 148 136 150 138 152 140 154 142 156 144 158 146 160 165 179 167 181 169 183 329 343 331 345 333 347 335 349 337 351 339 353 341 355 357 372 359 374 361 376 363 378 365 380 367 382 385 399 387 401 389 403 391 405 393 407 395 409 397 411 413 428 415 430 417 432 419 434 421 436 423 438 441 455 443 457 445 459 447 461 449 463 451 465 453 467 469 483 471 485 473 487 475 489 477 491 479 493 228 234 256 262 284 290 214 221 242 249 270 277 230 236 258 264 286 292 216 223 244 251 272 279 232 238 260 266 288 294 218 225 246 253 274 281 308 316 309 318 310 320 200 206 202 208 204 210 185 193 186 195 187 197
TICK
CX 21 7 23 9 25 11 27 13 29 15 31 17 33 19 49 36 51 38 53 40 55 42 57 44 59 46 61 48 77 63 79 65 81 67 83 69 85 71 87 73 89 75 105 92 107 94 109 96 111 98 113 100 115 102 117 104 133 119 135 121 137 123 139 125 141 127 143 129 145 131 166 156 168 158 170 160 189 179 190 181 191 183 328 314 330 316 332 318 334 320 336 322 338 324 340 326 356 343 358 345 360 347 362 349 364 351 366 353 368 355 384 370 386 372 388 374 390 376 392 378 394 380 396 382 412 399 414 401 416 403 418 405 420 407 422 409 424 411 440 426 442 428 444 430 446 432 448 434 450 436 452 438 468 455 470 457 472 459 474 461 476 463 478 465 480 467 495 483 496 485 497 487 498 489 499 491 500 493 213 221 215 223 217 225 227 234 229 236 231 238 233 240 241 249 243 251 245 253 255 262 257 264 259 266 261 268 269 277 271 279 273 281 283 290 285 292 287 294 289 296 297 308 298 309 299 310 201 208 203 210 205 212 164 154 188 178 173 148 177 152 175 150 199 206 300 301 302 303 304 305 306 307
CZ 22 8 24 10 26 12 28 14 30 16 32 18 34 20 50 37 52 39 54 41 56 43 58 45 60 47 78 64 80 66 82 68 84 70 86 72 88 74 90 76 106 93 108 95 110 97 112 99 114 101 116 103 134 120 136 122 138 124 140 126 142 128 144 130 146 132 165 155 167 157 169 159 329 315 331 317 333 319 335 321 337 323 339 325 341 327 357 344 359 346 361 348 363 350 365 352 367 354 385 371 387 373 389 375 391 377 393 379 395 381 397 383 413 400 415 402 417 404 419 406 421 408 423 410 441 427 443 429 445 431 447 433 449 435 451 437 453 439 469 456 471 458 473 460 475 462 477 464 479 466 228 235 256 263 284 291 214 222 242 250 270 278 230 237 258 265 286 293 216 224 244 252 272 280 232 239 260 267 288 295 218 226 246 254 274 282 200 207 202 209 204 211 161 149 162 151 163 153 185 194 186 196 187 198
TICK
CX 173 193 177 197 175 195
TICK
H 0 1 2 3 4 5 6 21 23 25 27 29 31 33 49 51 53 55 57 59 61 77 79 81 83 85 87 89 105 107 109 111 113 115 117 133 135 137 139 141 143 145 166 168 170 189 190 191 328 330 332 334 336 338 340 311 312 313 356 358 360 362 364 366 368 384 386 388 390 392 394 396 412 414 416 418 420 422 424 440 442 444 446 448 450 452 468 470 472 474 476 478 480 495 496 497 498 499 500 22 24 26 28 30 32 34 50 52 54 56 58 60 62 78 80 82 84 86 88 90 106 108 110 112 114 116 118 134 136 138 140 142 144 146 165 167 169 171 329 331 333 335 337 339 341 357 359 361 363 365 367 369 385 387 389 391 393 395 397 413 415 417 419 421 423 425 441 443 445 447 449 451 453 469 471 473 475 477 479 481 213 215 217 219 227 229 231 233 241 243 245 247 255 257 259 261 269 271 273 275 283 285 287 289 228 256 284 214 242 270 230 258 286 216 244 272 232 260 288 218 246 274 297 298 299 200 202 204 161 162 163 185 186 187 201 203 205 172 173 174 175 176 177 164 188 199 300 302 304 306
TICK
M 0 1 2 3 4 5 6 21 23 25 27 29 31 33 49 51 53 55 57 59 61 77 79 81 83 85 87 89 105 107 109 111 113 115 117 133 135 137 139 141 143 145 166 168 170 189 190 191 328 330 332 334 336 338 340 311 312 313 356 358 360 362 364 366 368 384 386 388 390 392 394 396 412 414 416 418 420 422 424 440 442 444 446 448 450 452 468 470 472 474 476 478 480 495 496 497 498 499 500 22 24 26 28 30 32 34 50 52 54 56 58 60 62 78 80 82 84 86 88 90 106 108 110 112 114 116 118 134 136 138 140 142 144 146 165 167 169 171 329 331 333 335 337 339 341 357 359 361 363 365 367 369 385 387 389 391 393 395 397 413 415 417 419 421 423 425 441 443 445 447 449 451 453 469 471 473 475 477 479 481 213 215 217 219 227 229 231 233 241 243 245 247 255 257 259 261 269 271 273 275 283 285 287 289 228 256 284 214 242 270 230 258 286 216 244 272 232 260 288 218 246 274 297 298 299 308 309 310 200 202 204 161 162 163 185 186 187 201 203 205 172 173 174 175 176 177 164 188 199 300 302 304 306 301 305 307 303
TICK
R 0 1 2 3 4 5 6 21 23 25 27 29 31 33 49 51 53 55 57 59 61 77 79 81 83 85 87 89 105 107 109 111 113 115 117 133 135 137 139 141 143 145 166 168 170 189 190 191 328 330 332 334 336 338 340 311 312 313 356 358 360 362 364 366 368 384 386 388 390 392 394 396 412 414 416 418 420 422 424 440 442 444 446 448 450 452 468 470 472 474 476 478 480 495 496 497 498 499 500 22 24 26 28 30 32 34 50 52 54 56 58 60 62 78 80 82 84 86 88 90 106 108 110 112 114 116 118 134 136 138 140 142 144 146 165 167 169 171 329 331 333 335 337 339 341 357 359 361 363 365 367 369 385 387 389 391 393 395 397 413 415 417 419 421 423 425 441 443 445 447 449 451 453 469 471 473 475 477 479 481 213 215 217 219 227 229 231 233 241 243 245 247 255 257 259 261 269 271 273 275 283 285 287 289 228 256 284 214 242 270 230 258 286 216 244 272 232 260 288 218 246 274 297 298 299 308 309 310 200 202 204 161 162 163 185 186 187 201 203 205 172 173 174 175 176 177 164 188 199 300 302 304 306 301 305 307 303
TICK
H 0 1 2 3 4 5 6 21 23 25 27 29 31 33 49 51 53 55 57 59 61 77 79 81 83 85 87 89 105 107 109 111 113 115 117 133 135 137 139 141 143 145 166 168 170 189 190 191 328 330 332 334 336 338 340 311 312 313 356 358 360 362 364 366 368 384 386 388 390 392 394 396 412 414 416 418 420 422 424 440 442 444 446 448 450 452 468 470 472 474 476 478 480 495 496 497 498 499 500 22 24 26 28 30 32 34 50 52 54 56 58 60 62 78 80 82 84 86 88 90 106 108 110 112 114 116 118 134 136 138 140 142 144 146 165 167 169 171 329 331 333 335 337 339 341 357 359 361 363 365 367 369 385 387 389 391 393 395 397 413 415 417 419 421 423 425 441 443 445 447 449 451 453 469 471 473 475 477 479 481 213 215 217 219 227 229 231 233 241 243 245 247 255 257 259 261 269 271 273 275 283 285 287 289 228 256 284 214 242 270 230 258 286 216 244 272 232 260 288 218 246 274 297 298 299 308 309 310 200 202 204 161 162 163 201 203 205 164 176 174 172 199 300 302 304 306 301 303 305 307
TICK
CX 0 8 1 10 2 12 3 14 4 16 5 18 6 20 21 35 23 37 25 39 27 41 29 43 31 45 33 47 49 64 51 66 53 68 55 70 57 72 59 74 61 76 77 91 79 93 81 95 83 97 85 99 87 101 89 103 105 120 107 122 109 124 111 126 113 128 115 130 117 132 133 147 135 149 137 151 139 153 141 155 143 157 145 159 166 180 168 182 170 184 328 342 330 344 332 346 334 348 336 350 338 352 340 354 311 323 312 325 313 327 356 371 358 373 360 375 362 377 364 379 366 381 368 383 384 398 386 400 388 402 390 404 392 406 394 408 396 410 412 427 414 429 416 431 418 433 420 435 422 437 424 439 440 454 442 456 444 458 446 460 448 462 450 464 452 466 468 482 470 484 472 486 474 488 476 490 478 492 480 494 213 207 215 209 217 211 227 220 229 222 231 224 233 226 241 235 243 237 245 239 255 248 257 250 259 252 261 254 269 263 271 265 273 267 283 276 285 278 287 280 289 282 201 194 203 196 205 198 161 185 162 186 163 187 164 188 176 177 174 175 172 173 199 192 301 291 303 293 305 295
CZ 22 36 24 38 26 40 28 42 30 44 32 46 34 48 50 65 52 67 54 69 56 71 58 73 60 75 78 92 80 94 82 96 84 98 86 100 88 102 90 104 106 121 108 123 110 125 112 127 114 129 116 131 134 148 136 150 138 152 140 154 142 156 144 158 146 160 165 179 167 181 169 183 329 343 331 345 333 347 335 349 337 351 339 353 341 355 357 372 359 374 361 376 363 378 365 380 367 382 385 399 387 401 389 403 391 405 393 407 395 409 397 411 413 428 415 430 417 432 419 434 421 436 423 438 441 455 443 457 445 459 447 461 449 463 451 465 453 467 469 483 471 485 473 487 475 489 477 491 479 493 228 221 256 249 284 277 214 208 242 236 270 264 230 223 258 251 286 279 216 210 244 238 272 266 232 225 260 253 288 281 218 212 246 240 274 268 297 292 298 294 299 296 308 316 309 318 310 320 200 193 202 195 204 197
TICK
CX 301 315 303 317 305 319 307 321
TICK
CX 0 7 1 9 2 11 3 13 4 15 5 17 6 19 23 36 25 38 27 40 29 42 31 44 33 46 49 63 51 65 53 67 55 69 57 71 59 73 61 75 79 92 81 94 83 96 85 98 87 100 89 102 105 119 107 121 109 123 111 125 113 127 115 129 117 131 135 148 137 150 139 152 141 154 143 156 145 158 166 179 168 181 170 183 330 343 332 345 334 347 336 349 338 351 340 353 311 322 312 324 313 326 356 370 358 372 360 374 362 376 364 378 366 380 368 382 386 399 388 401 390 403 392 405 394 407 396 409 412 426 414 428 416 430 418 432 420 434 422 436 424 438 442 455 444 457 446 459 448 461 450 463 452 465 470 483 472 485 474 487 476 489 478 491 480 493 213 221 215 223 217 225 227 234 229 236 231 238 233 240 241 249 243 251 245 253 255 262 257 264 259 266 261 268 269 277 271 279 273 281 283 290 285 292 287 294 289 296 201 208 203 210 205 212 188 178 173 193 175 195 177 197 199 206 300 314 302 316 304 318 306 320
CZ 22 8 24 10 26 12 28 14 30 16 32 18 34 20 50 37 52 39 54 41 56 43 58 45 60 47 78 64 80 66 82 68 84 70 86 72 88 74 90 76 106 93 108 95 110 97 112 99 114 101 116 103 134 120 136 122 138 124 140 126 142 128 144 130 146 132 165 155 167 157 169 159 329 315 331 317 333 319 335 321 337 323 339 325 341 327 357 344 359 346 361 348 363 350 365 352 367 354 385 371 387 373 389 375 391 377 393 379 395 381 397 383 413 400 415 402 417 404 419 406 421 408 423 410 441 427 443 429 445 431 447 433 449 435 451 437 453 439 469 456 471 458 473 460 475 462 477 464 479 466 228 220 256 248 284 276 200 192 214 207 242 235 270 263 202 194 230 222 258 250 286 278 216 209 244 237 272 265 204 196 232 224 260 252 288 280 218 211 246 239 274 267 299 295 298 293 297 291 161 149 162 151 163 153
TICK
CX 21 7 23 9 25 11 27 13 29 15 31 17 33 19 49 36 51 38 53 40 55 42 57 44 59 46 61 48 77 63 79 65 81 67 83 69 85 71 87 73 89 75 105 92 107 94 109 96 111 98 113 100 115 102 117 104 133 119 135 121 137 123 139 125 141 127 143 129 145 131 166 156 168 158 170 160 189 179 190 181 191 183 328 314 330 316 332 318 334 320 336 322 338 324 340 326 356 343 358 345 360 347 362 349 364 351 366 353 368 355 384 370 386 372 388 374 390 376 392 378 394 380 396 382 412 399 414 401 416 403 418 405 420 407 422 409 424 411 440 426 442 428 444 430 446 432 448 434 450 436 452 438 468 455 470 457 472 459 474 461 476 463 478 465 480 467 495 483 496 485 497 487 498 489 499 491 500 493 213 206 215 208 217 210 219 212 229 221 231 223 233 225 241 234 243 236 245 238 247 240 257 249 259 251 261 253 269 262 271 264 273 266 275 268 285 277 287 279 289 281 201 193 203 195 205 197 164 154 173 148 175 150 177 152 300 290 302 292 304 294 306 296
CZ 22 35 24 37 26 39 28 41 30 43 32 45 34 47 50 64 52 66 54 68 56 70 58 72 60 74 62 76 78 91 80 93 82 95 84 97 86 99 88 101 90 103 106 120 108 122 110 124 112 126 114 128 116 130 118 132 134 147 136 149 138 151 140 153 142 155 144 157 146 159 165 178 167 180 169 182 171 184 329 342 331 344 333 346 335 348 337 350 339 352 341 354 357 371 359 373 361 375 363 377 365 379 367 381 369 383 385 398 387 400 389 402 391 404 393 406 395 408 397 410 413 427 415 429 417 431 419 433 421 435 423 437 425 439 441 454 443 456 445 458 447 460 449 462 451 464 453 466 469 482 471 484 473 486 475 488 477 490 479 492 481 494 308 315 309 317 310 319 228 235 256 263 284 291 200 207 214 222 242 250 270 278 202 209 230 237 258 265 286 293 216 224 244 252 272 280 204 211 232 239 260 267 288 295 218 226 246 254 274 282 185 194 186 196 187 198
TICK
CX 23 8 25 10 27 12 29 14 31 16 33 18 49 35 51 37 53 39 55 41 57 43 59 45 61 47 79 64 81 66 83 68 85 70 87 72 89 74 105 91 107 93 109 95 111 97 113 99 115 101 117 103 135 120 137 122 139 124 141 126 143 128 145 130 166 155 168 157 170 159 189 178 190 180 191 182 330 315 332 317 334 319 336 321 338 323 340 325 356 342 358 344 360 346 362 348 364 350 366 352 368 354 386 371 388 373 390 375 392 377 394 379 396 381 412 398 414 400 416 402 418 404 420 406 422 408 424 410 442 427 444 429 446 431 448 433 450 435 452 437 468 454 470 456 472 458 474 460 476 462 478 464 480 466 495 482 496 484 497 486 498 488 499 490 500 492 213 220 215 222 217 224 219 226 229 235 231 237 233 239 241 248 243 250 245 252 247 254 257 263 259 265 261 267 269 276 271 278 273 280 275 282 285 291 287 293 289 295 297 308 298 309 299 310 201 207 203 209 205 211 164 153 172 147 174 149 176 151 188 198 300 301 302 303 304 305 306 307
CZ 22 7 24 9 26 11 28 13 30 15 32 17 34 19 50 36 52 38 54 40 56 42 58 44 60 46 62 48 78 63 80 65 82 67 84 69 86 71 88 73 90 75 106 92 108 94 110 96 112 98 114 100 116 102 118 104 134 119 136 121 138 123 140 125 142 127 144 129 146 131 165 154 167 156 169 158 171 160 329 314 331 316 333 318 335 320 337 322 339 324 341 326 357 343 359 345 361 347 363 349 365 351 367 353 369 355 385 370 387 372 389 374 391 376 393 378 395 380 397 382 413 399 415 401 417 403 419 405 421 407 423 409 425 411 441 426 443 428 445 430 447 432 449 434 451 436 453 438 469 455 471 457 473 459 475 461 477 463 479 465 481 467 228 234 256 262 284 290 214 221 242 249 270 277 230 236 258 264 286 292 216 223 244 251 272 279 232 238 260 266 288 294 218 225 246 253 274 281 200 206 202 208 204 210 161 148 162 150 163 152 185 193 186 195 187 197
TICK
CX 174 194 176 196 172 192
TICK
H 0 1 2 3 4 5 6 21 23 25 27 29 31 33 49 51 53 55 57 59 61 77 79 81 83 85 87 89 105 107 109 111 113 115 117 133 135 137 139 141 143 145 166 168 170 189 190 191 328 330 332 334 336 338 340 311 312 313 356 358 360 362 364 366 368 384 386 388 390 392 394 396 412 414 416 418 420 422 424 440 442 444 446 448 450 452 468 470 472 474 476 478 480 495 496 497 498 499 500 22 24 26 28 30 32 34 50 52 54 56 58 60 62 78 80 82 84 86 88 90 106 108 110 112 114 116 118 134 136 138 140 142 144 146 165 167 169 171 329 331 333 335 337 339 341 357 359 361 363 365 367 369 385 387 389 391 393 395 397 413 415 417 419 421 423 425 441 443 445 447 449 451 453 469 471 473 475 477 479 481 213 215 217 219 227 229 231 233 241 243 245 247 255 257 259 261 269 271 273 275 283 285 287 289 228 256 284 214 242 270 230 258 286 216 244 272 232 260 288 218 246 274 297 298 299 200 202 204 161 162 163 185 186 187 201 203 205 164 188 172 173 174 175 176 177 199 300 302 304 306
TICK
M 0 1 2 3 4 5 6 21 23 25 27 29 31 33 49 51 53 55 57 59 61 77 79 81 83 85 87 89 105 107 109 111 113 115 117 133 135 137 139 141 143 145 166 168 170 189 190 191 328 330 332 334 336 338 340 311 312 313 356 358 360 362 364 366 368 384 386 388 390 392 394 396 412 414 416 418 420 422 424 440 442 444 446 448 450 452 468 470 472 474 476 478 480 495 496 497 498 499 500 22 24 26 28 30 32 34 50 52 54 56 58 60 62 78 80 82 84 86 88 90 106 108 110 112 114 116 118 134 136 138 140 142 144 146 165 167 169 171 329 331 333 335 337 339 341 357 359 361 363 365 367 369 385 387 389 391 393 395 397 413 415 417 419 421 423 425 441 443 445 447 449 451 453 469 471 473 475 477 479 481 213 215 217 219 227 229 231 233 241 243 245 247 255 257 259 261 269 271 273 275 283 285 287 289 228 256 284 214 242 270 230 258 286 216 244 272 232 260 288 218 246 274 297 298 299 308 309 310 200 202 204 161 162 163 185 186 187 201 203 205 164 188 172 173 174 175 176 177 199 300 302 304 306 301 303 305 307
TICK
R 0 1 2 3 4 5 6 21 23 25 27 29 31 33 49 51 53 55 57 59 61 77 79 81 83 85 87 89 105 107 109 111 113 115 117 133 135 137 139 141 143 145 166 168 170 189 190 191 328 330 332 334 336 338 340 311 312 313 356 358 360 362 364 366 368 384 386 388 390 392 394 396 412 414 416 418 420 422 424 440 442 444 446 448 450 452 468 470 472 474 476 478 480 495 496 497 498 499 500 22 24 26 28 30 32 34 50 52 54 56 58 60 62 78 80 82 84 86 88 90 106 108 110 112 114 116 118 134 136 138 140 142 144 146 165 167 169 171 329 331 333 335 337 339 341 357 359 361 363 365 367 369 385 387 389 391 393 395 397 413 415 417 419 421 423 425 441 443 445 447 449 451 453 469 471 473 475 477 479 481 213 215 217 219 227 229 231 233 241 243 245 247 255 257 259 261 269 271 273 275 283 285 287 289 228 256 284 214 242 270 230 258 286 216 244 272 232 260 288 218 246 274 297 298 299 308 309 310 200 201 202 203 204 205 161 162 163 185 186 187 172 173 174 175 176 177 164 188 199 300 301 302 303 304 305 306 307
TICK
H 0 1 2 3 4 5 6 21 23 25 27 29 31 33 49 51 53 55 57 59 61 77 79 81 83 85 87 89 105 107 109 111 113 115 117 133 135 137 139 141 143 145 166 168 170 189 190 191 328 330 332 334 336 338 340 311 312 313 356 358 360 362 364 366 368 384 386 388 390 392 394 396 412 414 416 418 420 422 424 440 442 444 446 448 450 452 468 470 472 474 476 478 480 495 496 497 498 499 500 22 24 26 28 30 32 34 50 52 54 56 58 60 62 78 80 82 84 86 88 90 106 108 110 112 114 116 118 134 136 138 140 142 144 146 165 167 169 171 329 331 333 335 337 339 341 357 359 361 363 365 367 369 385 387 389 391 393 395 397 413 415 417 419 421 423 425 441 443 445 447 449 451 453 469 471 473 475 477 479 481 213 215 217 219 227 229 231 233 241 243 245 247 255 257 259 261 269 271 273 275 283 285 287 289 228 256 284 214 242 270 230 258 286 216 244 272 232 260 288 218 246 274 297 298 299 308 309 310 200 201 202 203 204 205 161 162 163 172 174 176 164 199 300 301 302 303 304 305 306 307
TICK
CX 0 7 1 9 2 11 3 13 4 15 5 17 6 19 23 36 25 38 27 40 29 42 31 44 33 46 49 63 51 65 53 67 55 69 57 71 59 73 61 75 79 92 81 94 83 96 85 98 87 100 89 102 105 119 107 121 109 123 111 125 113 127 115 129 117 131 135 148 137 150 139 152 141 154 143 156 145 158 166 179 168 181 170 183 330 343 332 345 334 347 336 349 338 351 340 353 311 322 312 324 313 326 356 370 358 372 360 374 362 376 364 378 366 380 368 382 386 399 388 401 390 403 392 405 394 407 396 409 412 426 414 428 416 430 418 432 420 434 422 436 424 438 442 455 444 457 446 459 448 461 450 463 452 465 470 483 472 485 474 487 476 489 478 491 480 493 213 206 215 208 217 210 219 212 229 221 231 223 233 225 241 234 243 236 245 238 247 240 257 249 259 251 261 253 269 262 271 264 273 266 275 268 285 277 287 279 289 281 161 185 162 186 163 187 201 193 203 195 205 197 172 173 174 175 176 177 164 188 300 290 302 292 304 294 306 296
CZ 22 35 24 37 26 39 28 41 30 43 32 45 34 47 50 64 52 66 54 68 56 70 58 72 60 74 62 76 78 91 80 93 82 95 84 97 86 99 88 101 90 103 106 120 108 122 110 124 112 126 114 128 116 130 118 132 134 147 136 149 138 151 140 153 142 155 144 157 146 159 165 178 167 180 169 182 171 184 329 342 331 344 333 346 335 348 337 350 339 352 341 354 357 371 359 373 361 375 363 377 365 379 367 381 369 383 385 398 387 400 389 402 391 404 393 406 395 408 397 410 413 427 415 429 417 431 419 433 421 435 423 437 425 439 441 454 443 456 445 458 447 460 449 462 451 464 453 466 469 482 471 484 473 486 475 488 477 490 479 492 481 494 228 220 256 248 284 276 214 207 242 235 270 263 230 222 258 250 286 278 216 209 244 237 272 265 232 224 260 252 288 280 218 211 246 239 274 267 297 291 298 293 299 295 308 315 309 317 310 319 200 192 202 194 204 196
TICK
CX 300 314 302 316 304 318 306 320
TICK
CX 0 8 1 10 2 12 3 14 4 16 5 18 6 20 21 35 23 37 25 39 27 41 29 43 31 45 33 47 49 64 51 66 53 68 55 70 57 72 59 74 61 76 77 91 79 93 81 95 83 97 85 99 87 101 89 103 105 120 107 122 109 124 111 126 113 128 115 130 117 132 133 147 135 149 137 151 139 153 141 155 143 157 145 159 166 180 168 182 170 184 328 342 330 344 332 346 334 348 336 350 338 352 340 354 311 323 312 325 313 327 356 371 358 373 360 375 362 377 364 379 366 381 368 383 384 398 386 400 388 402 390 404 392 406 394 408 396 410 412 427 414 429 416 431 418 433 420 435 422 437 424 439 440 454 442 456 444 458 446 460 448 462 450 464 452 466 468 482 470 484 472 486 474 488 476 490 478 492 480 494 213 220 215 222 217 224 219 226 229 235 231 237 233 239 241 248 243 250 245 252 247 254 257 263 259 265 261 267 269 276 271 278 273 280 275 282 285 291 287 293 289 295 201 207 203 209 205 211 172 192 174 194 176 196 188 198 301 315 303 317 305 319 307 321
CZ 22 7 24 9 26 11 28 13 30 15 32 17 34 19 50 36 52 38 54 40 56 42 58 44 60 46 62 48 78 63 80 65 82 67 84 69 86 71 88 73 90 75 106 92 108 94 110 96 112 98 114 100 116 102 118 104 134 119 136 121 138 123 140 125 142 127 144 129 146 131 165 154 167 156 169 158 171 160 329 314 331 316 333 318 335 320 337 322 339 324 341 326 357 343 359 345 361 347 363 349 365 351 367 353 369 355 385 370 387 372 389 374 391 376 393 378 395 380 397 382 413 399 415 401 417 403 419 405 421 407 423 409 425 411 441 426 443 428 445 430 447 432 449 434 451 436 453 438 469 455 471 457 473 459 475 461 477 463 479 465 481 467 228 221 256 249 284 277 214 208 242 236 270 264 230 223 258 251 286 279 216 210 244 238 272 266 232 225 260 253 288 281 218 212 246 240 274 268 297 292 298 294 299 296 200 193 202 195 204 197 161 148 162 150 163 152
TICK
CX 23 8 25 10 27 12 29 14 31 16 33 18 49 35 51 37 53 39 55 41 57 43 59 45 61 47 79 64 81 66 83 68 85 70 87 72 89 74 105 91 107 93 109 95 111 97 113 99 115 101 117 103 135 120 137 122 139 124 141 126 143 128 145 130 166 155 168 157 170 159 189 178 190 180 191 182 330 315 332 317 334 319 336 321 338 323 340 325 356 342 358 344 360 346 362 348 364 350 366 352 368 354 386 371 388 373 390 375 392 377 394 379 396 381 412 398 414 400 416 402 418 404 420 406 422 408 424 410 442 427 444 429 446 431 448 433 450 435 452 437 468 454 470 456 472 458 474 460 476 462 478 464 480 466 495 482 496 484 497 486 498 488 499 490 500 492 213 207 215 209 217 211 227 220 229 222 231 224 233 226 241 235 243 237 245 239 255 248 257 250 259 252 261 254 269 263 271 265 273 267 283 276 285 278 287 280 289 282 201 194 203 196 205 198 164 153 172 147 174 149 176 151 199 192 301 291 303 293 305 295
CZ 22 36 24 38 26 40 28 42 30 44 32 46 34 48 50 65 52 67 54 69 56 71 58 73 60 75 78 92 80 94 82 96 84 98 86 100 88 102 90 104 106 121 108 123 110 125 112 127 114 129 116 131 134 148 136 150 138 152 140 154 142 156 144 158 146 160 165 179 167 181 169 183 329 343 331 345 333 347 335 349 337 351 339 353 341 355 357 372 359 374 361 376 363 378 365 380 367 382 385 399 387 401 389 403 391 405 393 407 395 409 397 411 413 428 415 430 417 432 419 434 421 436 423 438 441 455 443 457 445 459 447 461 449 463 451 465 453 467 469 483 471 485 473 487 475 489 477 491 479 493 228 234 256 262 284 290 214 221 242 249 270 277 230 236 258 264 286 292 216 223 244 251 272 279 232 238 260 266 288 294 218 225 246 253 274 281 308 316 309 318 310 320 200 206 202 208 204 210 185 193 186 195 187 197
TICK
CX 21 7 23 9 25 11 27 13 29 15 31 17 33 19 49 36 51 38 53 40 55 42 57 44 59 46 61 48 77 63 79 65 81 67 83 69 85 71 87 73 89 75 105 92 107 94 109 96 111 98 113 100 115 102 117 104 133 119 135 121 137 123 139 125 141 127 143 129 145 131 166 156 168 158 170 160 189 179 190 181 191 183 328 314 330 316 332 318 334 320 336 322 338 324 340 326 356 343 358 345 360 347 362 349 364 351 366 353 368 355 384 370 386 372 388 374 390 376 392 378 394 380 396 382 412 399 414 401 416 403 418 405 420 407 422 409 424 411 440 426 442 428 444 430 446 432 448 434 450 436 452 438 468 455 470 457 472 459 474 461 476 463 478 465 480 467 495 483 496 485 497 487 498 489 499 491 500 493 213 221 215 223 217 225 227 234 229 236 231 238 233 240 241 249 243 251 245 253 255 262 257 264 259 266 261 268 269 277 271 279 273 281 283 290 285 292 287 294 289 296 297 308 298 309 299 310 201 208 203 210 205 212 164 154 188 178 173 148 177 152 175 150 199 206 300 301 302 303 304 305 306 307
CZ 22 8 24 10 26 12 28 14 30 16 32 18 34 20 50 37 52 39 54 41 56 43 58 45 60 47 78 64 80 66 82 68 84 70 86 72 88 74 90 76 106 93 108 95 110 97 112 99 114 101 116 103 134 120 136 122 138 124 140 126 142 128 144 130 146 132 165 155 167 157 169 159 329 315 331 317 333 319 335 321 337 323 339 325 341 327 357 344 359 346 361 348 363 350 365 352 367 354 385 371 387 373 389 375 391 377 393 379 395 381 397 383 413 400 415 402 417 404 419 406 421 408 423 410 441 427 443 429 445 431 447 433 449 435 451 437 453 439 469 456 471 458 473 460 475 462 477 464 479 466 228 235 256 263 284 291 214 222 242 250 270 278 230 237 258 265 286 293 216 224 244 252 272 280 232 239 260 267 288 295 218 226 246 254 274 282 200 207 202 209 204 211 161 149 162 151 163 153 185 194 186 196 187 198
TICK
CX 173 193 177 197 175 195
TICK
H 0 1 2 3 4 5 6 21 23 25 27 29 31 33 49 51 53 55 57 59 61 77 79 81 83 85 87 89 105 107 109 111 113 115 117 133 135 137 139 141 143 145 166 168 170 189 190 191 328 330 332 334 336 338 340 311 312 313 356 358 360 362 364 366 368 384 386 388 390 392 394 396 412 414 416 418 420 422 424 440 442 444 446 448 450 452 468 470 472 474 476 478 480 495 496 497 498 499 500 22 24 26 28 30 32 34 50 52 54 56 58 60 62 78 80 82 84 86 88 90 106 108 110 112 114 116 118 134 136 138 140 142 144 146 165 167 169 171 329 331 333 335 337 339 341 357 359 361 363 365 367 369 385 387 389 391 393 395 397 413 415 417 419 421 423 425 441 443 445 447 449 451 453 469 471 473 475 477 479 481 213 215 217 219 227 229 231 233 241 243 245 247 255 257 259 261 269 271 273 275 283 285 287 289 228 256 284 214 242 270 230 258 286 216 244 272 232 260 288 218 246 274 297 298 299 200 202 204 161 162 163 185 186 187 201 203 205 172 173 174 175 176 177 164 188 199 300 302 304 306
TICK
M 0 1 2 3 4 5 6 21 23 25 27 29 31 33 49 51 53 55 57 59 61 77 79 81 83 85 87 89 105 107 109 111 113 115 117 133 135 137 139 141 143 145 166 168 170 189 190 191 328 330 332 334 336 338 340 311 312 313 356 358 360 362 364 366 368 384 386 388 390 392 394 396 412 414 416 418 420 422 424 440 442 444 446 448 450 452 468 470 472 474 476 478 480 495 496 497 498 499 500 22 24 26 28 30 32 34 50 52 54 56 58 60 62 78 80 82 84 86 88 90 106 108 110 112 114 116 118 134 136 138 140 142 144 146 165 167 169 171 329 331 333 335 337 339 341 357 359 361 363 365 367 369 385 387 389 391 393 395 397 413 415 417 419 421 423 425 441 443 445 447 449 451 453 469 471 473 475 477 479 481 213 215 217 219 227 229 231 233 241 243 245 247 255 257 259 261 269 271 273 275 283 285 287 289 228 256 284 214 242 270 230 258 286 216 244 272 232 260 288 218 246 274 297 298 299 308 309 310 200 202 204 161 162 163 185 186 187 201 203 205 172 173 174 175 176 177 164 188 199 300 302 304 306 301 305 307 303
TICK
R 0 1 2 3 4 5 6 21 23 25 27 29 31 33 49 51 53 55 57 59 61 77 79 81 83 85 87 89 105 107 109 111 113 115 117 133 135 137 139 141 143 145 166 168 170 189 190 191 328 330 332 334 336 338 340 311 312 313 356 358 360 362 364 366 368 384 386 388 390 392 394 396 412 414 416 418 420 422 424 440 442 444 446 448 450 452 468 470 472 474 476 478 480 495 496 497 498 499 500 22 24 26 28 30 32 34 50 52 54 56 58 60 62 78 80 82 84 86 88 90 106 108 110 112 114 116 118 134 136 138 140 142 144 146 165 167 169 171 329 331 333 335 337 339 341 357 359 361 363 365 367 369 385 387 389 391 393 395 397 413 415 417 419 421 423 425 441 443 445 447 449 451 453 469 471 473 475 477 479 481 213 215 217 219 227 229 231 233 241 243 245 247 255 257 259 261 269 271 273 275 283 285 287 289 228 256 284 214 242 270 230 258 286 216 244 272 232 260 288 218 246 274 297 298 299 308 309 310 200 202 204 161 162 163 185 186 187 201 203 205 172 173 174 175 176 177 164 188 199 300 302 304 306 301 305 307 303
TICK
H 0 1 2 3 4 5 6 21 23 25 27 29 31 33 49 51 53 55 57 59 61 77 79 81 83 85 87 89 105 107 109 111 113 115 117 133 135 137 139 141 143 145 166 168 170 189 190 191 328 330 332 334 336 338 340 311 312 313 356 358 360 362 364 366 368 384 386 388 390 392 394 396 412 414 416 418 420 422 424 440 442 444 446 448 450 452 468 470 472 474 476 478 480 495 496 497 498 499 500 22 24 26 28 30 32 34 50 52 54 56 58 60 62 78 80 82 84 86 88 90 106 108 110 112 114 116 118 134 136 138 140 142 144 146 165 167 169 171 329 331 333 335 337 339 341 357 359 361 363 365 367 369 385 387 389 391 393 395 397 413 415 417 419 421 423 425 441 443 445 447 449 451 453 469 471 473 475 477 479 481 213 215 217 219 227 229 231 233 241 243 245 247 255 257 259 261 269 271 273 275 283 285 287 289 228 256 284 214 242 270 230 258 286 216 244 272 232 260 288 218 246 274 297 298 299 308 309 310 200 202 204 161 162 163 201 203 205 164 176 174 172 199 300 302 304 306 301 303 305 307
TICK
CX 0 8 1 10 2 12 3 14 4 16 5 18 6 20 21 35 23 37 25 39 27 41 29 43 31 45 33 47 49 64 51 66 53 68 55 70 57 72 59 74 61 76 77 91 79 93 81 95 83 97 85 99 87 101 89 103 105 120 107 122 109 124 111 126 113 128 115 130 117 132 133 147 135 149 137 151 139 153 141 155 143 157 145 159 166 180 168 182 170 184 328 342 330 344 332 346 334 348 336 350 338 352 340 354 311 323 312 325 313 327 356 371 358 373 360 375 362 377 364 379 366 381 368 383 384 398 386 400 388 402 390 404 392 406 394 408 396 410 412 427 414 429 416 431 418 433 420 435 422 437 424 439 440 454 442 456 444 458 446 460 448 462 450 464 452 466 468 482 470 484 472 486 474 488 476 490 478 492 480 494 213 207 215 209 217 211 227 220 229 222 231 224 233 226 241 235 243 237 245 239 255 248 257 250 259 252 261 254 269 263 271 265 273 267 283 276 285 278 287 280 289 282 201 194 203 196 205 198 161 185 162 186 163 187 164 188 176 177 174 175 172 173 199 192 301 291 303 293 305 295
CZ 22 36 24 38 26 40 28 42 30 44 32 46 34 48 50 65 52 67 54 69 56 71 58 73 60 75 78 92 80 94 82 96 84 98 86 100 88 102 90 104 106 121 108 123 110 125 112 127 114 129 116 131 134 148 136 150 138 152 140 154 142 156 144 158 146 160 165 179 167 181 169 183 329 343 331 345 333 347 335 349 337 351 339 353 341 355 357 372 359 374 361 376 363 378 365 380 367 382 385 399 387 401 389 403 391 405 393 407 395 409 397 411 413 428 415 430 417 432 419 434 421 436 423 438 441 455 443 457 445 459 447 461 449 463 451 465 453 467 469 483 471 485 473 487 475 489 477 491 479 493 228 221 256 249 284 277 214 208 242 236 270 264 230 223 258 251 286 279 216 210 244 238 272 266 232 225 260 253 288 281 218 212 246 240 274 268 297 292 298 294 299 296 308 316 309 318 310 320 200 193 202 195 204 197
TICK
CX 301 315 303 317 305 319 307 321
TICK
CX 0 7 1 9 2 11 3 13 4 15 5 17 6 19 23 36 25 38 27 40 29 42 31 44 33 46 49 63 51 65 53 67 55 69 57 71 59 73 61 75 79 92 81 94 83 96 85 98 87 100 89 102 105 119 107 121 109 123 111 125 113 127 115 129 117 131 135 148 137 150 139 152 141 154 143 156 145 158 166 179 168 181 170 183 330 343 332 345 334 347 336 349 338 351 340 353 311 322 312 324 313 326 356 370 358 372 360 374 362 376 364 378 366 380 368 382 386 399 388 401 390 403 392 405 394 407 396 409 412 426 414 428 416 430 418 432 420 434 422 436 424 438 442 455 444 457 446 459 448 461 450 463 452 465 470 483 472 485 474 487 476 489 478 491 480 493 213 221 215 223 217 225 227 234 229 236 231 238 233 240 241 249 243 251 245 253 255 262 257 264 259 266 261 268 269 277 271 279 273 281 283 290 285 292 287 294 289 296 201 208 203 210 205 212 188 178 173 193 175 195 177 197 199 206 300 314 302 316 304 318 306 320
CZ 22 8 24 10 26 12 28 14 30 16 32 18 34 20 50 37 52 39 54 41 56 43 58 45 60 47 78 64 80 66 82 68 84 70 86 72 88 74 90 76 106 93 108 95 110 97 112 99 114 101 116 103 134 120 136 122 138 124 140 126 142 128 144 130 146 132 165 155 167 157 169 159 329 315 331 317 333 319 335 321 337 323 339 325 341 327 357 344 359 346 361 348 363 350 365 352 367 354 385 371 387 373 389 375 391 377 393 379 395 381 397 383 413 400 415 402 417 404 419 406 421 408 423 410 441 427 443 429 445 431 447 433 449 435 451 437 453 439 469 456 471 458 473 460 475 462 477 464 479 466 228 220 256 248 284 276 200 192 214 207 242 235 270 263 202 194 230 222 258 250 286 278 216 209 244 237 272 265 204 196 232 224 260 252 288 280 218 211 246 239 274 267 299 295 298 293 297 291 161 149 162 151 163 153
TICK
CX 21 7 23 9 25 11 27 13 29 15 31 17 33 19 49 36 51 38 53 40 55 42 57 44 59 46 61 48 77 63 79 65 81 67 83 69 85 71 87 73 89 75 105 92 107 94 109 96 111 98 113 100 115 102 117 104 133 119 135 121 137 123 139 125 141 127 143 129 145 131 166 156 168 158 170 160 189 179 190 181 191 183 328 314 330 316 332 318 334 320 336 322 338 324 340 326 356 343 358 345 360 347 362 349 364 351 366 353 368 355 384 370 386 372 388 374 390 376 392 378 394 380 396 382 412 399 414 401 416 403 418 405 420 407 422 409 424 411 440 426 442 428 444 430 446 432 448 434 450 436 452 438 468 455 470 457 472 459 474 461 476 463 478 465 480 467 495 483 496 485 497 487 498 489 499 491 500 493 213 206 215 208 217 210 219 212 229 221 231 223 233 225 241 234 243 236 245 238 247 240 257 249 259 251 261 253 269 262 271 264 273 266 275 268 285 277 287 279 289 281 201 193 203 195 205 197 164 154 173 148 175 150 177 152 300 290 302 292 304 294 306 296
CZ 22 35 24 37 26 39 28 41 30 43 32 45 34 47 50 64 52 66 54 68 56 70 58 72 60 74 62 76 78 91 80 93 82 95 84 97 86 99 88 101 90 103 106 120 108 122 110 124 112 126 114 128 116 130 118 132 134 147 136 149 138 151 140 153 142 155 144 157 146 159 165 178 167 180 169 182 171 184 329 342 331 344 333 346 335 348 337 350 339 352 341 354 357 371 359 373 361 375 363 377 365 379 367 381 369 383 385 398 387 400 389 402 391 404 393 406 395 408 397 410 413 427 415 429 417 431 419 433 421 435 423 437 425 439 441 454 443 456 445 458 447 460 449 462 451 464 453 466 469 482 471 484 473 486 475 488 477 490 479 492 481 494 308 315 309 317 310 319 228 235 256 263 284 291 200 207 214 222 242 250 270 278 202 209 230 237 258 265 286 293 216 224 244 252 272 280 204 211 232 239 260 267 288 295 218 226 246 254 274 282 185 194 186 196 187 198
TICK
CX 23 8 25 10 27 12 29 14 31 16 33 18 49 35 51 37 53 39 55 41 57 43 59 45 61 47 79 64 81 66 83 68 85 70 87 72 89 74 105 91 107 93 109 95 111 97 113 99 115 101 117 103 135 120 137 122 139 124 141 126 143 128 145 130 166 155 168 157 170 159 189 178 190 180 191 182 330 315 332 317 334 319 336 321 338 323 340 325 356 342 358 344 360 346 362 348 364 350 366 352 368 354 386 371 388 373 390 375 392 377 394 379 396 381 412 398 414 400 416 402 418 404 420 406 422 408 424 410 442 427 444 429 446 431 448 433 450 435 452 437 468 454 470 456 472 458 474 460 476 462 478 464 480 466 495 482 496 484 497 486 498 488 499 490 500 492 213 220 215 222 217 224 219 226 229 235 231 237 233 239 241 248 243 250 245 252 247 254 257 263 259 265 261 267 269 276 271 278 273 280 275 282 285 291 287 293 289 295 297 308 298 309 299 310 201 207 203 209 205 211 164 153 172 147 174 149 176 151 188 198 300 301 302 303 304 305 306 307
CZ 22 7 24 9 26 11 28 13 30 15 32 17 34 19 50 36 52 38 54 40 56 42 58 44 60 46 62 48 78 63 80 65 82 67 84 69 86 71 88 73 90 75 106 92 108 94 110 96 112 98 114 100 116 102 118 104 134 119 136 121 138 123 140 125 142 127 144 129 146 131 165 154 167 156 169 158 171 160 329 314 331 316 333 318 335 320 337 322 339 324 341 326 357 343 359 345 361 347 363 349 365 351 367 353 369 355 385 370 387 372 389 374 391 376 393 378 395 380 397 382 413 399 415 401 417 403 419 405 421 407 423 409 425 411 441 426 443 428 445 430 447 432 449 434 451 436 453 438 469 455 471 457 473 459 475 461 477 463 479 465 481 467 228 234 256 262 284 290 214 221 242 249 270 277 230 236 258 264 286 292 216 223 244 251 272 279 232 238 260 266 288 294 218 225 246 253 274 281 200 206 202 208 204 210 161 148 162 150 163 152 185 193 186 195 187 197
TICK
CX 174 194 176 196 172 192
TICK
H 0 1 2 3 4 5 6 21 23 25 27 29 31 33 49 51 53 55 57 59 61 77 79 81 83 85 87 89 105 107 109 111 113 115 117 133 135 137 139 141 143 145 166 168 170 189 190 191 328 330 332 334 336 338 340 311 312 313 356 358 360 362 364 366 368 384 386 388 390 392 394 396 412 414 416 418 420 422 424 440 442 444 446 448 450 452 468 470 472 474 476 478 480 495 496 497 498 499 500 22 24 26 28 30 32 34 50 52 54 56 58 60 62 78 80 82 84 86 88 90 106 108 110 112 114 116 118 134 136 138 140 142 144 146 165 167 169 171 329 331 333 335 337 339 341 357 359 361 363 365 367 369 385 387 389 391 393 395 397 413 415 417 419 421 423 425 441 443 445 447 449 451 453 469 471 473 475 477 479 481 213 215 217 219 227 229 231 233 241 243 245 247 255 257 259 261 269 271 273 275 283 285 287 289 228 256 284 214 242 270 230 258 286 216 244 272 232 260 288 218 246 274 297 298 299 200 202 204 161 162 163 185 186 187 201 203 205 164 188 172 173 174 175 176 177 199 300 302 304 306
TICK
M 0 1 2 3 4 5 6 21 23 25 27 29 31 33 49 51 53 55 57 59 61 77 79 81 83 85 87 89 105 107 109 111 113 115 117 133 135 137 139 141 143 145 166 168 170 189 190 191 328 330 332 334 336 338 340 311 312 313 356 358 360 362 364 366 368 384 386 388 390 392 394 396 412 414 416 418 420 422 424 440 442 444 446 448 450 452 468 470 472 474 476 478 480 495 496 497 498 499 500 22 24 26 28 30 32 34 50 52 54 56 58 60 62 78 80 82 84 86 88 90 106 108 110 112 114 116 118 134 136 138 140 142 144 146 165 167 169 171 329 331 333 335 337 339 341 357 359 361 363 365 367 369 385 387 389 391 393 395 397 413 415 417 419 421 423 425 441 443 445 447 449 451 453 469 471 473 475 477 479 481 213 215 217 219 227 229 231 233 241 243 245 247 255 257 259 261 269 271 273 275 283 285 287 289 228 256 284 214 242 270 230 258 286 216 244 272 232 260 288 218 246 274 297 298 299 308 309 310 200 202 204 161 162 163 185 186 187 201 203 205 164 188 172 173 174 175 176 177 199 300 302 304 306 301 303 305 307
TICK
R 0 1 2 3 4 5 6 21 23 25 27 29 31 33 49 51 53 55 57 59 61 77 79 81 83 85 87 89 105 107 109 111 113 115 117 133 135 137 139 141 143 145 166 168 170 189 190 191 328 330 332 334 336 338 340 311 312 313 356 358 360 362 364 366 368 384 386 388 390 392 394 396 412 414 416 418 420 422 424 440 442 444 446 448 450 452 468 470 472 474 476 478 480 495 496 497 498 499 500 22 24 26 28 30 32 34 50 52 54 56 58 60 62 78 80 82 84 86 88 90 106 108 110 112 114 116 118 134 136 138 140 142 144 146 165 167 169 171 329 331 333 335 337 339 341 357 359 361 363 365 367 369 385 387 389 391 393 395 397 413 415 417 419 421 423 425 441 443 445 447 449 451 453 469 471 473 475 477 479 481 213 215 217 219 227 229 231 233 241 243 245 247 255 257 259 261 269 271 273 275 283 285 287 289 228 256 284 214 242 270 230 258 286 216 244 272 232 260 288 218 246 274 297 298 299 308 309 310 200 201 202 203 204 205 161 162 163 185 186 187 172 173 174 175 176 177 164 188 199 300 301 302 303 304 305 306 307
TICK
H 0 1 2 3 4 5 6 21 23 25 27 29 31 33 49 51 53 55 57 59 61 77 79 81 83 85 87 89 105 107 109 111 113 115 117 133 135 137 139 141 143 145 166 168 170 189 190 191 328 330 332 334 336 338 340 311 312 313 356 358 360 362 364 366 368 384 386 388 390 392 394 396 412 414 416 418 420 422 424 440 442 444 446 448 450 452 468 470 472 474 476 478 480 495 496 497 498 499 500 22 24 26 28 30 32 34 50 52 54 56 58 60 62 78 80 82 84 86 88 90 106 108 110 112 114 116 118 134 136 138 140 142 144 146 165 167 169 171 329 331 333 335 337 339 341 357 359 361 363 365 367 369 385 387 389 391 393 395 397 413 415 417 419 421 423 425 441 443 445 447 449 451 453 469 471 473 475 477 479 481 213 215 217 219 227 229 231 233 241 243 245 247 255 257 259 261 269 271 273 275 283 285 287 289 228 256 284 214 242 270 230 258 286 216 244 272 232 260 288 218 246 274 297 298 299 308 309 310 200 201 202 203 204 205 161 162 163 172 174 176 164 199 300 301 302 303 304 305 306 307
TICK
CX 0 7 1 9 2 11 3 13 4 15 5 17 6 19 23 36 25 38 27 40 29 42 31 44 33 46 49 63 51 65 53 67 55 69 57 71 59 73 61 75 79 92 81 94 83 96 85 98 87 100 89 102 105 119 107 121 109 123 111 125 113 127 115 129 117 131 135 148 137 150 139 152 141 154 143 156 145 158 166 179 168 181 170 183 330 343 332 345 334 347 336 349 338 351 340 353 311 322 312 324 313 326 356 370 358 372 360 374 362 376 364 378 366 380 368 382 386 399 388 401 390 403 392 405 394 407 396 409 412 426 414 428 416 430 418 432 420 434 422 436 424 438 442 455 444 457 446 459 448 461 450 463 452 465 470 483 472 485 474 487 476 489 478 491 480 493 213 206 215 208 217 210 219 212 229 221 231 223 233 225 241 234 243 236 245 238 247 240 257 249 259 251 261 253 269 262 271 264 273 266 275 268 285 277 287 279 289 281 161 185 162 186 163 187 201 193 203 195 205 197 172 173 174 175 176 177 164 188 300 290 302 292 304 294 306 296
CZ 22 35 24 37 26 39 28 41 30 43 32 45 34 47 50 64 52 66 54 68 56 70 58 72 60 74 62 76 78 91 80 93 82 95 84 97 86 99 88 101 90 103 106 120 108 122 110 124 112 126 114 128 116 130 118 132 134 147 136 149 138 151 140 153 142 155 144 157 146 159 165 178 167 180 169 182 171 184 329 342 331 344 333 346 335 348 337 350 339 352 341 354 357 371 359 373 361 375 363 377 365 379 367 381 369 383 385 398 387 400 389 402 391 404 393 406 395 408 397 410 413 427 415 429 417 431 419 433 421 435 423 437 425 439 441 454 443 456 445 458 447 460 449 462 451 464 453 466 469 482 471 484 473 486 475 488 477 490 479 492 481 494 228 220 256 248 284 276 214 207 242 235 270 263 230 222 258 250 286 278 216 209 244 237 272 265 232 224 260 252 288 280 218 211 246 239 274 267 297 291 298 293 299 295 308 315 309 317 310 319 200 192 202 194 204 196
TICK
CX 300 314 302 316 304 318 306 320
TICK
CX 0 8 1 10 2 12 3 14 4 16 5 18 6 20 21 35 23 37 25 39 27 41 29 43 31 45 33 47 49 64 51 66 53 68 55 70 57 72 59 74 61 76 77 91 79 93 81 95 83 97 85 99 87 101 89 103 105 120 107 122 109 124 111 126 113 128 115 130 117 132 133 147 135 149 137 151 139 153 141 155 143 157 145 159 166 180 168 182 170 184 328 342 330 344 332 346 334 348 336 350 338 352 340 354 311 323 312 325 313 327 356 371 358 373 360 375 362 377 364 379 366 381 368 383 384 398 386 400 388 402 390 404 392 406 394 408 396 410 412 427 414 429 416 431 418 433 420 435 422 437 424 439 440 454 442 456 444 458 446 460 448 462 450 464 452 466 468 482 470 484 472 486 474 488 476 490 478 492 480 494 213 220 215 222 217 224 219 226 229 235 231 237 233 239 241 248 243 250 245 252 247 254 257 263 259 265 261 267 269 276 271 278 273 280 275 282 285 291 287 293 289 295 201 207 203 209 205 211 172 192 174 194 176 196 188 198 301 315 303 317 305 319 307 321
CZ 22 7 24 9 26 11 28 13 30 15 32 17 34 19 50 36 52 38 54 40 56 42 58 44 60 46 62 48 78 63 80 65 82 67 84 69 86 71 88 73 90 75 106 92 108 94 110 96 112 98 114 100 116 102 118 104 134 119 136 121 138 123 140 125 142 127 144 129 146 131 165 154 167 156 169 158 171 160 329 314 331 316 333 318 335 320 337 322 339 324 341 326 357 343 359 345 361 347 363 349 365 351 367 353 369 355 385 370 387 372 389 374 391 376 393 378 395 380 397 382 413 399 415 401 417 403 419 405 421 407 423 409 425 411 441 426 443 428 445 430 447 432 449 434 451 436 453 438 469 455 471 457 473 459 475 461 477 463 479 465 481 467 228 221 256 249 284 277 214 208 242 236 270 264 230 223 258 251 286 279 216 210 244 238 272 266 232 225 260 253 288 281 218 212 246 240 274 268 297 292 298 294 299 296 200 193 202 195 204 197 161 148 162 150 163 152
TICK
CX 23 8 25 10 27 12 29 14 31 16 33 18 49 35 51 37 53 39 55 41 57 43 59 45 61 47 79 64 81 66 83 68 85 70 87 72 89 74 105 91 107 93 109 95 111 97 113 99 115 101 117 103 135 120 137 122 139 124 141 126 143 128 145 130 166 155 168 157 170 159 189 178 190 180 191 182 330 315 332 317 334 319 336 321 338 323 340 325 356 342 358 344 360 346 362 348 364 350 366 352 368 354 386 371 388 373 390 375 392 377 394 379 396 381 412 398 414 400 416 402 418 404 420 406 422 408 424 410 442 427 444 429 446 431 448 433 450 435 452 437 468 454 470 456 472 458 474 460 476 462 478 464 480 466 495 482 496 484 497 486 498 488 499 490 500 492 213 207 215 209 217 211 227 220 229 222 231 224 233 226 241 235 243 237 245 239 255 248 257 250 259 252 261 254 269 263 271 265 273 267 283 276 285 278 287 280 289 282 201 194 203 196 205 198 164 153 172 147 174 149 176 151 199 192 301 291 303 293 305 295
CZ 22 36 24 38 26 40 28 42 30 44 32 46 34 48 50 65 52 67 54 69 56 71 58 73 60 75 78 92 80 94 82 96 84 98 86 100 88 102 90 104 106 121 108 123 110 125 112 127 114 129 116 131 134 148 136 150 138 152 140 154 142 156 144 158 146 160 165 179 167 181 169 183 329 343 331 345 333 347 335 349 337 351 339 353 341 355 357 372 359 374 361 376 363 378 365 380 367 382 385 399 387 401 389 403 391 405 393 407 395 409 397 411 413 428 415 430 417 432 419 434 421 436 423 438 441 455 443 457 445 459 447 461 449 463 451 465 453 467 469 483 471 485 473 487 475 489 477 491 479 493 228 234 256 262 284 290 214 221 242 249 270 277 230 236 258 264 286 292 216 223 244 251 272 279 232 238 260 266 288 294 218 225 246 253 274 281 308 316 309 318 310 320 200 206 202 208 204 210 185 193 186 195 187 197
TICK
CX 21 7 23 9 25 11 27 13 29 15 31 17 33 19 49 36 51 38 53 40 55 42 57 44 59 46 61 48 77 63 79 65 81 67 83 69 85 71 87 73 89 75 105 92 107 94 109 96 111 98 113 100 115 102 117 104 133 119 135 121 137 123 139 125 141 127 143 129 145 131 166 156 168 158 170 160 189 179 190 181 191 183 328 314 330 316 332 318 334 320 336 322 338 324 340 326 356 343 358 345 360 347 362 349 364 351 366 353 368 355 384 370 386 372 388 374 390 376 392 378 394 380 396 382 412 399 414 401 416 403 418 405 420 407 422 409 424 411 440 426 442 428 444 430 446 432 448 434 450 436 452 438 468 455 470 457 472 459 474 461 476 463 478 465 480 467 495 483 496 485 497 487 498 489 499 491 500 493 213 221 215 223 217 225 227 234 229 236 231 238 233 240 241 249 243 251 245 253 255 262 257 264 259 266 261 268 269 277 271 279 273 281 283 290 285 292 287 294 289 296 297 308 298 309 299 310 201 208 203 210 205 212 164 154 188 178 173 148 177 152 175 150 199 206 300 301 302 303 304 305 306 307
CZ 22 8 24 10 26 12 28 14 30 16 32 18 34 20 50 37 52 39 54 41 56 43 58 45 60 47 78 64 80 66 82 68 84 70 86 72 88 74 90 76 106 93 108 95 110 97 112 99 114 101 116 103 134 120 136 122 138 124 140 126 142 128 144 130 146 132 165 155 167 157 169 159 329 315 331 317 333 319 335 321 337 323 339 325 341 327 357 344 359 346 361 348 363 350 365 352 367 354 385 371 387 373 389 375 391 377 393 379 395 381 397 383 413 400 415 402 417 404 419 406 421 408 423 410 441 427 443 429 445 431 447 433 449 435 451 437 453 439 469 456 471 458 473 460 475 462 477 464 479 466 228 235 256 263 284 291 214 222 242 250 270 278 230 237 258 265 286 293 216 224 244 252 272 280 232 239 260 267 288 295 218 226 246 254 274 282 200 207 202 209 204 211 161 149 162 151 163 153 185 194 186 196 187 198
TICK
CX 173 193 177 197 175 195
TICK
H 0 1 2 3 4 5 6 21 23 25 27 29 31 33 49 51 53 55 57 59 61 77 79 81 83 85 87 89 105 107 109 111 113 115 117 133 135 137 139 141 143 145 166 168 170 189 190 191 328 330 332 334 336 338 340 311 312 313 356 358 360 362 364 366 368 384 386 388 390 392 394 396 412 414 416 418 420 422 424 440 442 444 446 448 450 452 468 470 472 474 476 478 480 495 496 497 498 499 500 22 24 26 28 30 32 34 50 52 54 56 58 60 62 78 80 82 84 86 88 90 106 108 110 112 114 116 118 134 136 138 140 142 144 146 165 167 169 171 329 331 333 335 337 339 341 357 359 361 363 365 367 369 385 387 389 391 393 395 397 413 415 417 419 421 423 425 441 443 445 447 449 451 453 469 471 473 475 477 479 481 213 215 217 219 227 229 231 233 241 243 245 247 255 257 259 261 269 271 273 275 283 285 287 289 228 256 284 214 242 270 230 258 286 216 244 272 232 260 288 218 246 274 297 298 299 200 202 204 161 162 163 185 186 187 201 203 205 172 173 174 175 176 177 164 188 199 300 302 304 306
TICK
M 0 1 2 3 4 5 6 21 23 25 27 29 31 33 49 51 53 55 57 59 61 77 79 81 83 85 87 89 105 107 109 111 113 115 117 133 135 137 139 141 143 145 166 168 170 189 190 191 328 330 332 334 336 338 340 311 312 313 356 358 360 362 364 366 368 384 386 388 390 392 394 396 412 414 416 418 420 422 424 440 442 444 446 448 450 452 468 470 472 474 476 478 480 495 496 497 498 499 500 22 24 26 28 30 32 34 50 52 54 56 58 60 62 78 80 82 84 86 88 90 106 108 110 112 114 116 118 134 136 138 140 142 144 146 165 167 169 171 329 331 333 335 337 339 341 357 359 361 363 365 367 369 385 387 389 391 393 395 397 413 415 417 419 421 423 425 441 443 445 447 449 451 453 469 471 473 475 477 479 481 213 215 217 219 227 229 231 233 241 243 245 247 255 257 259 261 269 271 273 275 283 285 287 289 228 256 284 214 242 270 230 258 286 216 244 272 232 260 288 218 246 274 297 298 299 308 309 310 200 202 204 161 162 163 185 186 187 201 203 205 172 173 174 175 176 177 164 188 199 300 302 304 306 301 305 307 303
TICK
R 0 1 2 3 4 5 6 21 23 25 27 29 31 33 49 51 53 55 57 59 61 77 79 81 83 85 87 89 105 107 109 111 113 115 117 133 135 137 139 141 143 145 166 168 170 189 190 191 328 330 332 334 336 338 340 311 312 313 356 358 360 362 364 366 368 384 386 388 390 392 394 396 412 414 416 418 420 422 424 440 442 444 446 448 450 452 468 470 472 474 476 478 480 495 496 497 498 499 500 22 24 26 28 30 32 34 50 52 54 56 58 60 62 78 80 82 84 86 88 90 106 108 110 112 114 116 118 134 136 138 140 142 144 146 165 167 169 171 329 331 333 335 337 339 341 357 359 361 363 365 367 369 385 387 389 391 393 395 397 413 415 417 419 421 423 425 441 443 445 447 449 451 453 469 471 473 475 477 479 481 213 215 217 219 227 229 231 233 241 243 245 247 255 257 259 261 269 271 273 275 283 285 287 289 228 256 284 214 242 270 230 258 286 216 244 272 232 260 288 218 246 274 297 298 299 308 309 310 200 202 204 161 162 163 185 186 187 201 203 205 172 173 174 175 176 177 164 188 199 300 302 304 306 301 305 307 303
TICK
H 0 1 2 3 4 5 6 21 23 25 27 29 31 33 49 51 53 55 57 59 61 77 79 81 83 85 87 89 105 107 109 111 113 115 117 133 135 137 139 141 143 145 166 168 170 189 190 191 328 330 332 334 336 338 340 311 312 313 356 358 360 362 364 366 368 384 386 388 390 392 394 396 412 414 416 418 420 422 424 440 442 444 446 448 450 452 468 470 472 474 476 478 480 495 496 497 498 499 500 22 24 26 28 30 32 34 50 52 54 56 58 60 62 78 80 82 84 86 88 90 106 108 110 112 114 116 118 134 136 138 140 142 144 146 165 167 169 171 329 331 333 335 337 339 341 357 359 361 363 365 367 369 385 387 389 391 393 395 397 413 415 417 419 421 423 425 441 443 445 447 449 451 453 469 471 473 475 477 479 481 213 215 217 219 227 229 231 233 241 243 245 247 255 257 259 261 269 271 273 275 283 285 287 289 228 256 284 214 242 270 230 258 286 216 244 272 232 260 288 218 246 274 297 298 299 308 309 310 200 202 204 161 162 163 201 203 205 164 176 174 172 199 300 302 304 306 301 303 305 307
TICK
CX 0 8 1 10 2 12 3 14 4 16 5 18 6 20 21 35 23 37 25 39 27 41 29 43 31 45 33 47 49 64 51 66 53 68 55 70 57 72 59 74 61 76 77 91 79 93 81 95 83 97 85 99 87 101 89 103 105 120 107 122 109 124 111 126 113 128 115 130 117 132 133 147 135 149 137 151 139 153 141 155 143 157 145 159 166 180 168 182 170 184 328 342 330 344 332 346 334 348 336 350 338 352 340 354 311 323 312 325 313 327 356 371 358 373 360 375 362 377 364 379 366 381 368 383 384 398 386 400 388 402 390 404 392 406 394 408 396 410 412 427 414 429 416 431 418 433 420 435 422 437 424 439 440 454 442 456 444 458 446 460 448 462 450 464 452 466 468 482 470 484 472 486 474 488 476 490 478 492 480 494 213 207 215 209 217 211 227 220 229 222 231 224 233 226 241 235 243 237 245 239 255 248 257 250 259 252 261 254 269 263 271 265 273 267 283 276 285 278 287 280 289 282 201 194 203 196 205 198 161 185 162 186 163 187 164 188 176 177 174 175 172 173 199 192 301 291 303 293 305 295
CZ 22 36 24 38 26 40 28 42 30 44 32 46 34 48 50 65 52 67 54 69 56 71 58 73 60 75 78 92 80 94 82 96 84 98 86 100 88 102 90 104 106 121 108 123 110 125 112 127 114 129 116 131 134 148 136 150 138 152 140 154 142 156 144 158 146 160 165 179 167 181 169 183 329 343 331 345 333 347 335 349 337 351 339 353 341 355 357 372 359 374 361 376 363 378 365 380 367 382 385 399 387 401 389 403 391 405 393 407 395 409 397 411 413 428 415 430 417 432 419 434 421 436 423 438 441 455 443 457 445 459 447 461 449 463 451 465 453 467 469 483 471 485 473 487 475 489 477 491 479 493 228 221 256 249 284 277 214 208 242 236 270 264 230 223 258 251 286 279 216 210 244 238 272 266 232 225 260 253 288 281 218 212 246 240 274 268 297 292 298 294 299 296 308 316 309 318 310 320 200 193 202 195 204 197
TICK
CX 301 315 303 317 305 319 307 321
TICK
CX 0 7 1 9 2 11 3 13 4 15 5 17 6 19 23 36 25 38 27 40 29 42 31 44 33 46 49 63 51 65 53 67 55 69 57 71 59 73 61 75 79 92 81 94 83 96 85 98 87 100 89 102 105 119 107 121 109 123 111 125 113 127 115 129 117 131 135 148 137 150 139 152 141 154 143 156 145 158 166 179 168 181 170 183 330 343 332 345 334 347 336 349 338 351 340 353 311 322 312 324 313 326 356 370 358 372 360 374 362 376 364 378 366 380 368 382 386 399 388 401 390 403 392 405 394 407 396 409 412 426 414 428 416 430 418 432 420 434 422 436 424 438 442 455 444 457 446 459 448 461 450 463 452 465 470 483 472 485 474 487 476 489 478 491 480 493 213 221 215 223 217 225 227 234 229 236 231 238 233 240 241 249 243 251 245 253 255 262 257 264 259 266 261 268 269 277 271 279 273 281 283 290 285 292 287 294 289 296 201 208 203 210 205 212 188 178 173 193 175 195 177 197 199 206 300 314 302 316 304 318 306 320
CZ 22 8 24 10 26 12 28 14 30 16 32 18 34 20 50 37 52 39 54 41 56 43 58 45 60 47 78 64 80 66 82 68 84 70 86 72 88 74 90 76 106 93 108 95 110 97 112 99 114 101 116 103 134 120 136 122 138 124 140 126 142 128 144 130 146 132 165 155 167 157 169 159 329 315 331 317 333 319 335 321 337 323 339 325 341 327 357 344 359 346 361 348 363 350 365 352 367 354 385 371 387 373 389 375 391 377 393 379 395 381 397 383 413 400 415 402 417 404 419 406 421 408 423 410 441 427 443 429 445 431 447 433 449 435 451 437 453 439 469 456 471 458 473 460 475 462 477 464 479 466 228 220 256 248 284 276 200 192 214 207 242 235 270 263 202 194 230 222 258 250 286 278 216 209 244 237 272 265 204 196 232 224 260 252 288 280 218 211 246 239 274 267 299 295 298 293 297 291 161 149 162 151 163 153
TICK
CX 21 7 23 9 25 11 27 13 29 15 31 17 33 19 49 36 51 38 53 40 55 42 57 44 59 46 61 48 77 63 79 65 81 67 83 69 85 71 87 73 89 75 105 92 107 94 109 96 111 98 113 100 115 102 117 104 133 119 135 121 137 123 139 125 141 127 143 129 145 131 166 156 168 158 170 160 189 179 190 181 191 183 328 314 330 316 332 318 334 320 336 322 338 324 340 326 356 343 358 345 360 347 362 349 364 351 366 353 368 355 384 370 386 372 388 374 390 376 392 378 394 380 396 382 412 399 414 401 416 403 418 405 420 407 422 409 424 411 440 426 442 428 444 430 446 432 448 434 450 436 452 438 468 455 470 457 472 459 474 461 476 463 478 465 480 467 495 483 496 485 497 487 498 489 499 491 500 493 213 206 215 208 217 210 219 212 229 221 231 223 233 225 241 234 243 236 245 238 247 240 257 249 259 251 261 253 269 262 271 264 273 266 275 268 285 277 287 279 289 281 201 193 203 195 205 197 164 154 173 148 175 150 177 152 300 290 302 292 304 294 306 296
CZ 22 35 24 37 26 39 28 41 30 43 32 45 34 47 50 64 52 66 54 68 56 70 58 72 60 74 62 76 78 91 80 93 82 95 84 97 86 99 88 101 90 103 106 120 108 122 110 124 112 126 114 128 116 130 118 132 134 147 136 149 138 151 140 153 142 155 144 157 146 159 165 178 167 180 169 182 171 184 329 342 331 344 333 346 335 348 337 350 339 352 341 354 357 371 359 373 361 375 363 377 365 379 367 381 369 383 385 398 387 400 389 402 391 404 393 406 395 408 397 410 413 427 415 429 417 431 419 433 421 435 423 437 425 439 441 454 443 456 445 458 447 460 449 462 451 464 453 466 469 482 471 484 473 486 475 488 477 490 479 492 481 494 308 315 309 317 310 319 228 235 256 263 284 291 200 207 214 222 242 250 270 278 202 209 230 237 258 265 286 293 216 224 244 252 272 280 204 211 232 239 260 267 288 295 218 226 246 254 274 282 185 194 186 196 187 198
TICK
CX 23 8 25 10 27 12 29 14 31 16 33 18 49 35 51 37 53 39 55 41 57 43 59 45 61 47 79 64 81 66 83 68 85 70 87 72 89 74 105 91 107 93 109 95 111 97 113 99 115 101 117 103 135 120 137 122 139 124 141 126 143 128 145 130 166 155 168 157 170 159 189 178 190 180 191 182 330 315 332 317 334 319 336 321 338 323 340 325 356 342 358 344 360 346 362 348 364 350 366 352 368 354 386 371 388 373 390 375 392 377 394 379 396 381 412 398 414 400 416 402 418 404 420 406 422 408 424 410 442 427 444 429 446 431 448 433 450 435 452 437 468 454 470 456 472 458 474 460 476 462 478 464 480 466 495 482 496 484 497 486 498 488 499 490 500 492 213 220 215 222 217 224 219 226 229 235 231 237 233 239 241 248 243 250 245 252 247 254 257 263 259 265 261 267 269 276 271 278 273 280 275 282 285 291 287 293 289 295 297 308 298 309 299 310 201 207 203 209 205 211 164 153 172 147 174 149 176 151 188 198 300 301 302 303 304 305 306 307
CZ 22 7 24 9 26 11 28 13 30 15 32 17 34 19 50 36 52 38 54 40 56 42 58 44 60 46 62 48 78 63 80 65 82 67 84 69 86 71 88 73 90 75 106 92 108 94 110 96 112 98 114 100 116 102 118 104 134 119 136 121 138 123 140 125 142 127 144 129 146 131 165 154 167 156 169 158 171 160 329 314 331 316 333 318 335 320 337 322 339 324 341 326 357 343 359 345 361 347 363 349 365 351 367 353 369 355 385 370 387 372 389 374 391 376 393 378 395 380 397 382 413 399 415 401 417 403 419 405 421 407 423 409 425 411 441 426 443 428 445 430 447 432 449 434 451 436 453 438 469 455 471 457 473 459 475 461 477 463 479 465 481 467 228 234 256 262 284 290 214 221 242 249 270 277 230 236 258 264 286 292 216 223 244 251 272 279 232 238 260 266 288 294 218 225 246 253 274 281 200 206 202 208 204 210 161 148 162 150 163 152 185 193 186 195 187 197
TICK
CX 174 194 176 196 172 192
TICK
H 0 1 2 3 4 5 6 21 23 25 27 29 31 33 49 51 53 55 57 59 61 77 79 81 83 85 87 89 105 107 109 111 113 115 117 133 135 137 139 141 143 145 166 168 170 189 190 191 328 330 332 334 336 338 340 311 312 313 356 358 360 362 364 366 368 384 386 388 390 392 394 396 412 414 416 418 420 422 424 440 442 444 446 448 450 452 468 470 472 474 476 478 480 495 496 497 498 499 500 22 24 26 28 30 32 34 50 52 54 56 58 60 62 78 80 82 84 86 88 90 106 108 110 112 114 116 118 134 136 138 140 142 144 146 165 167 169 171 329 331 333 335 337 339 341 357 359 361 363 365 367 369 385 387 389 391 393 395 397 413 415 417 419 421 423 425 441 443 445 447 449 451 453 469 471 473 475 477 479 481 213 215 217 219 227 229 231 233 241 243 245 247 255 257 259 261 269 271 273 275 283 285 287 289 228 256 284 214 242 270 230 258 286 216 244 272 232 260 288 218 246 274 297 298 299 200 202 204 161 162 163 185 186 187 201 203 205 164 188 172 173 174 175 176 177 199 300 302 304 306
TICK
M 0 1 2 3 4 5 6 21 23 25 27 29 31 33 49 51 53 55 57 59 61 77 79 81 83 85 87 89 105 107 109 111 113 115 117 133 135 137 139 141 143 145 166 168 170 189 190 191 328 330 332 334 336 338 340 311 312 313 356 358 360 362 364 366 368 384 386 388 390 392 394 396 412 414 416 418 420 422 424 440 442 444 446 448 450 452 468 470 472 474 476 478 480 495 496 497 498 499 500 22 24 26 28 30 32 34 50 52 54 56 58 60 62 78 80 82 84 86 88 90 106 108 110 112 114 116 118 134 136 138 140 142 144 146 165 167 169 171 329 331 333 335 337 339 341 357 359 361 363 365 367 369 385 387 389 391 393 395 397 413 415 417 419 421 423 425 441 443 445 447 449 451 453 469 471 473 475 477 479 481 213 215 217 219 227 229 231 233 241 243 245 247 255 257 259 261 269 271 273 275 283 285 287 289 228 256 284 214 242 270 230 258 286 216 244 272 232 260 288 218 246 274 297 298 299 308 309 310 200 202 204 161 162 163 185 186 187 201 203 205 164 188 172 173 174 175 176 177 199 300 302 304 306 301 303 305 307
TICK
R 0 1 2 3 4 5 6 21 23 25 27 29 31 33 49 51 53 55 57 59 61 77 79 81 83 85 87 89 105 107 109 111 113 115 117 133 135 137 139 141 143 145 166 168 170 189 190 191 328 330 332 334 336 338 340 311 312 313 356 358 360 362 364 366 368 384 386 388 390 392 394 396 412 414 416 418 420 422 424 440 442 444 446 448 450 452 468 470 472 474 476 478 480 495 496 497 498 499 500 22 24 26 28 30 32 34 50 52 54 56 58 60 62 78 80 82 84 86 88 90 106 108 110 112 114 116 118 134 136 138 140 142 144 146 165 167 169 171 329 331 333 335 337 339 341 357 359 361 363 365 367 369 385 387 389 391 393 395 397 413 415 417 419 421 423 425 441 443 445 447 449 451 453 469 471 473 475 477 479 481 213 215 217 219 227 229 231 233 241 243 245 247 255 257 259 261 269 271 273 275 283 285 287 289 228 256 284 214 242 270 230 258 286 216 244 272 232 260 288 218 246 274 297 298 299 308 309 310 200 201 202 203 204 205 161 162 163 185 186 187 172 173 174 175 176 177 164 188 199 300 301 302 303 304 305 306 307
TICK
H 0 1 2 3 4 5 6 21 23 25 27 29 31 33 49 51 53 55 57 59 61 77 79 81 83 85 87 89 105 107 109 111 113 115 117 133 135 137 139 141 143 145 166 168 170 189 190 191 328 330 332 334 336 338 340 311 312 313 356 358 360 362 364 366 368 384 386 388 390 392 394 396 412 414 416 418 420 422 424 440 442 444 446 448 450 452 468 470 472 474 476 478 480 495 496 497 498 499 500 22 24 26 28 30 32 34 50 52 54 56 58 60 62 78 80 82 84 86 88 90 106 108 110 112 114 116 118 134 136 138 140 142 144 146 165 167 169 171 329 331 333 335 337 339 341 357 359 361 363 365 367 369 385 387 389 391 393 395 397 413 415 417 419 421 423 425 441 443 445 447 449 451 453 469 471 473 475 477 479 481 213 215 217 219 227 229 231 233 241 243 245 247 255 257 259 261 269 271 273 275 283 285 287 289 228 256 284 214 242 270 230 258 286 216 244 272 232 260 288 218 246 274 297 298 299 308 309 310 200 201 202 203 204 205 161 162 163 172 174 176 164 199 300 301 302 303 304 305 306 307
TICK
CX 0 7 1 9 2 11 3 13 4 15 5 17 6 19 23 36 25 38 27 40 29 42 31 44 33 46 49 63 51 65 53 67 55 69 57 71 59 73 61 75 79 92 81 94 83 96 85 98 87 100 89 102 105 119 107 121 109 123 111 125 113 127 115 129 117 131 135 148 137 150 139 152 141 154 143 156 145 158 166 179 168 181 170 183 330 343 332 345 334 347 336 349 338 351 340 353 311 322 312 324 313 326 356 370 358 372 360 374 362 376 364 378 366 380 368 382 386 399 388 401 390 403 392 405 394 407 396 409 412 426 414 428 416 430 418 432 420 434 422 436 424 438 442 455 444 457 446 459 448 461 450 463 452 465 470 483 472 485 474 487 476 489 478 491 480 493 213 206 215 208 217 210 219 212 229 221 231 223 233 225 241 234 243 236 245 238 247 240 257 249 259 251 261 253 269 262 271 264 273 266 275 268 285 277 287 279 289 281 161 185 162 186 163 187 201 193 203 195 205 197 172 173 174 175 176 177 164 188 300 290 302 292 304 294 306 296
CZ 22 35 24 37 26 39 28 41 30 43 32 45 34 47 50 64 52 66 54 68 56 70 58 72 60 74 62 76 78 91 80 93 82 95 84 97 86 99 88 101 90 103 106 120 108 122 110 124 112 126 114 128 116 130 118 132 134 147 136 149 138 151 140 153 142 155 144 157 146 159 165 178 167 180 169 182 171 184 329 342 331 344 333 346 335 348 337 350 339 352 341 354 357 371 359 373 361 375 363 377 365 379 367 381 369 383 385 398 387 400 389 402 391 404 393 406 395 408 397 410 413 427 415 429 417 431 419 433 421 435 423 437 425 439 441 454 443 456 445 458 447 460 449 462 451 464 453 466 469 482 471 484 473 486 475 488 477 490 479 492 481 494 228 220 256 248 284 276 214 207 242 235 270 263 230 222 258 250 286 278 216 209 244 237 272 265 232 224 260 252 288 280 218 211 246 239 274 267 297 291 298 293 299 295 308 315 309 317 310 319 200 192 202 194 204 196
TICK
CX 300 314 302 316 304 318 306 320
TICK
CX 0 8 1 10 2 12 3 14 4 16 5 18 6 20 21 35 23 37 25 39 27 41 29 43 31 45 33 47 49 64 51 66 53 68 55 70 57 72 59 74 61 76 77 91 79 93 81 95 83 97 85 99 87 101 89 103 105 120 107 122 109 124 111 126 113 128 115 130 117 132 133 147 135 149 137 151 139 153 141 155 143 157 145 159 166 180 168 182 170 184 328 342 330 344 332 346 334 348 336 350 338 352 340 354 311 323 312 325 313 327 356 371 358 373 360 375 362 377 364 379 366 381 368 383 384 398 386 400 388 402 390 404 392 406 394 408 396 410 412 427 414 429 416 431 418 433 420 435 422 437 424 439 440 454 442 456 444 458 446 460 448 462 450 464 452 466 468 482 470 484 472 486 474 488 476 490 478 492 480 494 213 220 215 222 217 224 219 226 229 235 231 237 233 239 241 248 243 250 245 252 247 254 257 263 259 265 261 267 269 276 271 278 273 280 275 282 285 291 287 293 289 295 201 207 203 209 205 211 172 192 174 194 176 196 188 198 301 315 303 317 305 319 307 321
CZ 22 7 24 9 26 11 28 13 30 15 32 17 34 19 50 36 52 38 54 40 56 42 58 44 60 46 62 48 78 63 80 65 82 67 84 69 86 71 88 73 90 75 106 92 108 94 110 96 112 98 114 100 116 102 118 104 134 119 136 121 138 123 140 125 142 127 144 129 146 131 165 154 167 156 169 158 171 160 329 314 331 316 333 318 335 320 337 322 339 324 341 326 357 343 359 345 361 347 363 349 365 351 367 353 369 355 385 370 387 372 389 374 391 376 393 378 395 380 397 382 413 399 415 401 417 403 419 405 421 407 423 409 425 411 441 426 443 428 445 430 447 432 449 434 451 436 453 438 469 455 471 457 473 459 475 461 477 463 479 465 481 467 228 221 256 249 284 277 214 208 242 236 270 264 230 223 258 251 286 279 216 210 244 238 272 266 232 225 260 253 288 281 218 212 246 240 274 268 297 292 298 294 299 296 200 193 202 195 204 197 161 148 162 150 163 152
TICK
CX 23 8 25 10 27 12 29 14 31 16 33 18 49 35 51 37 53 39 55 41 57 43 59 45 61 47 79 64 81 66 83 68 85 70 87 72 89 74 105 91 107 93 109 95 111 97 113 99 115 101 117 103 135 120 137 122 139 124 141 126 143 128 145 130 166 155 168 157 170 159 189 178 190 180 191 182 330 315 332 317 334 319 336 321 338 323 340 325 356 342 358 344 360 346 362 348 364 350 366 352 368 354 386 371 388 373 390 375 392 377 394 379 396 381 412 398 414 400 416 402 418 404 420 406 422 408 424 410 442 427 444 429 446 431 448 433 450 435 452 437 468 454 470 456 472 458 474 460 476 462 478 464 480 466 495 482 496 484 497 486 498 488 499 490 500 492 213 207 215 209 217 211 227 220 229 222 231 224 233 226 241 235 243 237 245 239 255 248 257 250 259 252 261 254 269 263 271 265 273 267 283 276 285 278 287 280 289 282 201 194 203 196 205 198 164 153 172 147 174 149 176 151 199 192 301 291 303 293 305 295
CZ 22 36 24 38 26 40 28 42 30 44 32 46 34 48 50 65 52 67 54 69 56 71 58 73 60 75 78 92 80 94 82 96 84 98 86 100 88 102 90 104 106 121 108 123 110 125 112 127 114 129 116 131 134 148 136 150 138 152 140 154 142 156 144 158 146 160 165 179 167 181 169 183 329 343 331 345 333 347 335 349 337 351 339 353 341 355 357 372 359 374 361 376 363 378 365 380 367 382 385 399 387 401 389 403 391 405 393 407 395 409 397 411 413 428 415 430 417 432 419 434 421 436 423 438 441 455 443 457 445 459 447 461 449 463 451 465 453 467 469 483 471 485 473 487 475 489 477 491 479 493 228 234 256 262 284 290 214 221 242 249 270 277 230 236 258 264 286 292 216 223 244 251 272 279 232 238 260 266 288 294 218 225 246 253 274 281 308 316 309 318 310 320 200 206 202 208 204 210 185 193 186 195 187 197
TICK
CX 21 7 23 9 25 11 27 13 29 15 31 17 33 19 49 36 51 38 53 40 55 42 57 44 59 46 61 48 77 63 79 65 81 67 83 69 85 71 87 73 89 75 105 92 107 94 109 96 111 98 113 100 115 102 117 104 133 119 135 121 137 123 139 125 141 127 143 129 145 131 166 156 168 158 170 160 189 179 190 181 191 183 328 314 330 316 332 318 334 320 336 322 338 324 340 326 356 343 358 345 360 347 362 349 364 351 366 353 368 355 384 370 386 372 388 374 390 376 392 378 394 380 396 382 412 399 414 401 416 403 418 405 420 407 422 409 424 411 440 426 442 428 444 430 446 432 448 434 450 436 452 438 468 455 470 457 472 459 474 461 476 463 478 465 480 467 495 483 496 485 497 487 498 489 499 491 500 493 213 221 215 223 217 225 227 234 229 236 231 238 233 240 241 249 243 251 245 253 255 262 257 264 259 266 261 268 269 277 271 279 273 281 283 290 285 292 287 294 289 296 297 308 298 309 299 310 201 208 203 210 205 212 164 154 188 178 173 148 177 152 175 150 199 206 300 301 302 303 304 305 306 307
CZ 22 8 24 10 26 12 28 14 30 16 32 18 34 20 50 37 52 39 54 41 56 43 58 45 60 47 78 64 80 66 82 68 84 70 86 72 88 74 90 76 106 93 108 95 110 97 112 99 114 101 116 103 134 120 136 122 138 124 140 126 142 128 144 130 146 132 165 155 167 157 169 159 329 315 331 317 333 319 335 321 337 323 339 325 341 327 357 344 359 346 361 348 363 350 365 352 367 354 385 371 387 373 389 375 391 377 393 379 395 381 397 383 413 400 415 402 417 404 419 406 421 408 423 410 441 427 443 429 445 431 447 433 449 435 451 437 453 439 469 456 471 458 473 460 475 462 477 464 479 466 228 235 256 263 284 291 214 222 242 250 270 278 230 237 258 265 286 293 216 224 244 252 272 280 232 239 260 267 288 295 218 226 246 254 274 282 200 207 202 209 204 211 161 149 162 151 163 153 185 194 186 196 187 198
TICK
CX 173 193 177 197 175 195
TICK
H 0 1 2 3 4 5 6 21 23 25 27 29 31 33 49 51 53 55 57 59 61 77 79 81 83 85 87 89 105 107 109 111 113 115 117 133 135 137 139 141 143 145 166 168 170 189 190 191 328 330 332 334 336 338 340 311 312 313 356 358 360 362 364 366 368 384 386 388 390 392 394 396 412 414 416 418 420 422 424 440 442 444 446 448 450 452 468 470 472 474 476 478 480 495 496 497 498 499 500 22 24 26 28 30 32 34 50 52 54 56 58 60 62 78 80 82 84 86 88 90 106 108 110 112 114 116 118 134 136 138 140 142 144 146 165 167 169 171 329 331 333 335 337 339 341 357 359 361 363 365 367 369 385 387 389 391 393 395 397 413 415 417 419 421 423 425 441 443 445 447 449 451 453 469 471 473 475 477 479 481 213 215 217 219 227 229 231 233 241 243 245 247 255 257 259 261 269 271 273 275 283 285 287 289 228 256 284 214 242 270 230 258 286 216 244 272 232 260 288 218 246 274 297 298 299 200 202 204 161 162 163 185 186 187 201 203 205 172 173 174 175 176 177 164 188 199 300 302 304 306
TICK
M 0 1 2 3 4 5 6 21 23 25 27 29 31 33 49 51 53 55 57 59 61 77 79 81 83 85 87 89 105 107 109 111 113 115 117 133 135 137 139 141 143 145 166 168 170 189 190 191 328 330 332 334 336 338 340 311 312 313 356 358 360 362 364 366 368 384 386 388 390 392 394 396 412 414 416 418 420 422 424 440 442 444 446 448 450 452 468 470 472 474 476 478 480 495 496 497 498 499 500 22 24 26 28 30 32 34 50 52 54 56 58 60 62 78 80 82 84 86 88 90 106 108 110 112 114 116 118 134 136 138 140 142 144 146 165 167 169 171 329 331 333 335 337 339 341 357 359 361 363 365 367 369 385 387 389 391 393 395 397 413 415 417 419 421 423 425 441 443 445 447 449 451 453 469 471 473 475 477 479 481 213 215 217 219 227 229 231 233 241 243 245 247 255 257 259 261 269 271 273 275 283 285 287 289 228 256 284 214 242 270 230 258 286 216 244 272 232 260 288 218 246 274 297 298 299 308 309 310 200 202 204 161 162 163 185 186 187 201 203 205 172 173 174 175 176 177 164 188 199 300 302 304 306 301 305 307 303
TICK
M 7 8 9 10 11 12 13 35 36 37 38 39 40 41 63 64 65 66 67 68 69 91 92 93 94 95 96 97 119 120 121 122 123 124 125 147 148 149 150 151 152 153 192 193 194 195 196 197 198 206 207 208 209 210 211 212 220 221 222 223 224 225 226 234 235 236 237 238 239 240 248 249 250 251 252 253 254 262 263 264 265 266 267 268 276 277 278 279 280 281 282 290 291 292 293 294 295 296 314 315 316 317 318 319 320 342 343 344 345 346 347 348 370 371 372 373 374 375 376 398 399 400 401 402 403 404 426 427 428 429 430 431 432 454 455 456 457 458 459 460 482 483 484 485 486 487
TICK
R 4 5 6 29 31 33 57 59 61 85 87 89 113 115 117 141 143 145 166 168 170 189 190 191 336 338 340 311 312 313 364 366 368 392 394 396 420 422 424 448 450 452 476 478 480 498 499 500 28 30 32 34 56 58 60 62 84 86 88 90 112 114 116 118 140 142 144 146 165 167 169 171 335 337 339 341 363 365 367 369 391 393 395 397 419 421 423 425 447 449 451 453 475 477 479 481
TICK
H 4 5 6 29 31 33 57 59 61 85 87 89 113 115 117 141 143 145 166 168 170 189 190 191 336 338 340 311 312 313 364 366 368 392 394 396 420 422 424 448 450 452 476 478 480 498 499 500 28 30 32 34 56 58 60 62 84 86 88 90 112 114 116 118 140 142 144 146 165 167 169 171 335 337 339 341 363 365 367 369 391 393 395 397 419 421 423 425 447 449 451 453 475 477 479 481
TICK
CX 4 16 5 18 6 20 29 43 31 45 33 47 57 72 59 74 61 76 85 99 87 101 89 103 113 128 115 130 117 132 141 155 143 157 145 159 166 180 168 182 170 184 336 350 338 352 340 354 311 323 312 325 313 327 364 379 366 381 368 383 392 406 394 408 396 410 420 435 422 437 424 439 448 462 450 464 452 466 476 490 478 492 480 494
CZ 28 42 30 44 32 46 34 48 56 71 58 73 60 75 84 98 86 100 88 102 90 104 112 127 114 129 116 131 140 154 142 156 144 158 146 160 165 179 167 181 169 183 335 349 337 351 339 353 341 355 363 378 365 380 367 382 391 405 393 407 395 409 397 411 419 434 421 436 423 438 447 461 449 463 451 465 453 467 475 489 477 491 479 493
TICK
CX 4 15 5 17 6 19 29 42 31 44 33 46 57 71 59 73 61 75 85 98 87 100 89 102 113 127 115 129 117 131 141 154 143 156 145 158 166 179 168 181 170 183 336 349 338 351 340 353 311 322 312 324 313 326 364 378 366 380 368 382 392 405 394 407 396 409 420 434 422 436 424 438 448 461 450 463 452 465 476 489 478 491 480 493
CZ 28 14 30 16 32 18 34 20 56 43 58 45 60 47 84 70 86 72 88 74 90 76 112 99 114 101 116 103 140 126 142 128 144 130 146 132 165 155 167 157 169 159 335 321 337 323 339 325 341 327 363 350 365 352 367 354 391 377 393 379 395 381 397 383 419 406 421 408 423 410 447 433 449 435 451 437 453 439 475 462 477 464 479 466
TICK
CX 29 15 31 17 33 19 57 44 59 46 61 48 85 71 87 73 89 75 113 100 115 102 117 104 141 127 143 129 145 131 166 156 168 158 170 160 189 179 190 181 191 183 336 322 338 324 340 326 364 351 366 353 368 355 392 378 394 380 396 382 420 407 422 409 424 411 448 434 450 436 452 438 476 463 478 465 480 467 498 489 499 491 500 493
CZ 30 43 32 45 34 47 56 70 58 72 60 74 62 76 86 99 88 101 90 103 112 126 114 128 116 130 118 132 142 155 144 157 146 159 165 178 167 180 169 182 171 184 337 350 339 352 341 354 363 377 365 379 367 381 369 383 393 406 395 408 397 410 419 433 421 435 423 437 425 439 449 462 451 464 453 466 475 488 477 490 479 492 481 494
TICK
CX 29 14 31 16 33 18 57 43 59 45 61 47 85 70 87 72 89 74 113 99 115 101 117 103 141 126 143 128 145 130 166 155 168 157 170 159 189 178 190 180 191 182 336 321 338 323 340 325 364 350 366 352 368 354 392 377 394 379 396 381 420 406 422 408 424 410 448 433 450 435 452 437 476 462 478 464 480 466 498 488 499 490 500 492
CZ 30 15 32 17 34 19 56 42 58 44 60 46 62 48 86 71 88 73 90 75 112 98 114 100 116 102 118 104 142 127 144 129 146 131 165 154 167 156 169 158 171 160 337 322 339 324 341 326 363 349 365 351 367 353 369 355 393 378 395 380 397 382 419 405 421 407 423 409 425 411 449 434 451 436 453 438 475 461 477 463 479 465 481 467
TICK
H 4 5 6 29 31 33 57 59 61 85 87 89 113 115 117 141 143 145 166 168 170 189 190 191 336 338 340 311 312 313 364 366 368 392 394 396 420 422 424 448 450 452 476 478 480 498 499 500 28 30 32 34 56 58 60 62 84 86 88 90 112 114 116 118 140 142 144 146 165 167 169 171 335 337 339 341 363 365 367 369 391 393 395 397 419 421 423 425 447 449 451 453 475 477 479 481
TICK
M 4 5 6 29 31 33 57 59 61 85 87 89 113 115 117 141 143 145 166 168 170 189 190 191 336 338 340 311 312 313 364 366 368 392 394 396 420 422 424 448 450 452 476 478 480 498 499 500 28 30 32 34 56 58 60 62 84 86 88 90 112 114 116 118 140 142 144 146 165 167 169 171 335 337 339 341 363 365 367 369 391 393 395 397 419 421 423 425 447 449 451 453 475 477 479 481
TICK
R 4 5 6 29 31 33 57 59 61 85 87 89 113 115 117 141 143 145 166 168 170 189 190 191 336 338 340 311 312 313 364 366 368 392 394 396 420 422 424 448 450 452 476 478 480 498 499 500 28 30 32 34 56 58 60 62 84 86 88 90 112 114 116 118 140 142 144 146 165 167 169 171 335 337 339 341 363 365 367 369 391 393 395 397 419 421 423 425 447 449 451 453 475 477 479 481
TICK
H 4 5 6 29 31 33 57 59 61 85 87 89 113 115 117 141 143 145 166 168 170 189 190 191 336 338 340 311 312 313 364 366 368 392 394 396 420 422 424 448 450 452 476 478 480 498 499 500 28 30 32 34 56 58 60 62 84 86 88 90 112 114 116 118 140 142 144 146 165 167 169 171 335 337 339 341 363 365 367 369 391 393 395 397 419 421 423 425 447 449 451 453 475 477 479 481
TICK
CX 4 15 5 17 6 19 29 42 31 44 33 46 57 71 59 73 61 75 85 98 87 100 89 102 113 127 115 129 117 131 141 154 143 156 145 158 166 179 168 181 170 183 336 349 338 351 340 353 311 322 312 324 313 326 364 378 366 380 368 382 392 405 394 407 396 409 420 434 422 436 424 438 448 461 450 463 452 465 476 489 478 491 480 493
CZ 30 43 32 45 34 47 56 70 58 72 60 74 62 76 86 99 88 101 90 103 112 126 114 128 116 130 118 132 142 155 144 157 146 159 165 178 167 180 169 182 171 184 337 350 339 352 341 354 363 377 365 379 367 381 369 383 393 406 395 408 397 410 419 433 421 435 423 437 425 439 449 462 451 464 453 466 475 488 477 490 479 492 481 494
TICK
CX 4 16 5 18 6 20 29 43 31 45 33 47 57 72 59 74 61 76 85 99 87 101 89 103 113 128 115 130 117 132 141 155 143 157 145 159 166 180 168 182 170 184 336 350 338 352 340 354 311 323 312 325 313 327 364 379 366 381 368 383 392 406 394 408 396 410 420 435 422 437 424 439 448 462 450 464 452 466 476 490 478 492 480 494
CZ 30 15 32 17 34 19 56 42 58 44 60 46 62 48 86 71 88 73 90 75 112 98 114 100 116 102 118 104 142 127 144 129 146 131 165 154 167 156 169 158 171 160 337 322 339 324 341 326 363 349 365 351 367 353 369 355 393 378 395 380 397 382 419 405 421 407 423 409 425 411 449 434 451 436 453 438 475 461 477 463 479 465 481 467
TICK
CX 29 14 31 16 33 18 57 43 59 45 61 47 85 70 87 72 89 74 113 99 115 101 117 103 141 126 143 128 145 130 166 155 168 157 170 159 189 178 190 180 191 182 336 321 338 323 340 325 364 350 366 352 368 354 392 377 394 379 396 381 420 406 422 408 424 410 448 433 450 435 452 437 476 462 478 464 480 466 498 488 499 490 500 492
CZ 28 42 30 44 32 46 34 48 56 71 58 73 60 75 84 98 86 100 88 102 90 104 112 127 114 129 116 131 140 154 142 156 144 158 146 160 165 179 167 181 169 183 335 349 337 351 339 353 341 355 363 378 365 380 367 382 391 405 393 407 395 409 397 411 419 434 421 436 423 438 447 461 449 463 451 465 453 467 475 489 477 491 479 493
TICK
CX 29 15 31 17 33 19 57 44 59 46 61 48 85 71 87 73 89 75 113 100 115 102 117 104 141 127 143 129 145 131 166 156 168 158 170 160 189 179 190 181 191 183 336 322 338 324 340 326 364 351 366 353 368 355 392 378 394 380 396 382 420 407 422 409 424 411 448 434 450 436 452 438 476 463 478 465 480 467 498 489 499 491 500 493
CZ 28 14 30 16 32 18 34 20 56 43 58 45 60 47 84 70 86 72 88 74 90 76 112 99 114 101 116 103 140 126 142 128 144 130 146 132 165 155 167 157 169 159 335 321 337 323 339 325 341 327 363 350 365 352 367 354 391 377 393 379 395 381 397 383 419 406 421 408 423 410 447 433 449 435 451 437 453 439 475 462 477 464 479 466
TICK
H 4 5 6 29 31 33 57 59 61 85 87 89 113 115 117 141 143 145 166 168 170 189 190 191 336 338 340 311 312 313 364 366 368 392 394 396 420 422 424 448 450 452 476 478 480 498 499 500 28 30 32 34 56 58 60 62 84 86 88 90 112 114 116 118 140 142 144 146 165 167 169 171 335 337 339 341 363 365 367 369 391 393 395 397 419 421 423 425 447 449 451 453 475 477 479 481
TICK
M 4 5 6 29 31 33 57 59 61 85 87 89 113 115 117 141 143 145 166 168 170 189 190 191 336 338 340 311 312 313 364 366 368 392 394 396 420 422 424 448 450 452 476 478 480 498 499 500 28 30 32 34 56 58 60 62 84 86 88 90 112 114 116 118 140 142 144 146 165 167 169 171 335 337 339 341 363 365 367 369 391 393 395 397 419 421 423 425 447 449 451 453 475 477 479 481
TICK
R 4 5 6 29 31 33 57 59 61 85 87 89 113 115 117 141 143 145 166 168 170 189 190 191 336 338 340 311 312 313 364 366 368 392 394 396 420 422 424 448 450 452 476 478 480 498 499 500 28 30 32 34 56 58 60 62 84 86 88 90 112 114 116 118 140 142 144 146 165 167 169 171 335 337 339 341 363 365 367 369 391 393 395 397 419 421 423 425 447 449 451 453 475 477 479 481
TICK
H 4 5 6 29 31 33 57 59 61 85 87 89 113 115 117 141 143 145 166 168 170 189 190 191 336 338 340 311 312 313 364 366 368 392 394 396 420 422 424 448 450 452 476 478 480 498 499 500 28 30 32 34 56 58 60 62 84 86 88 90 112 114 116 118 140 142 144 146 165 167 169 171 335 337 339 341 363 365 367 369 391 393 395 397 419 421 423 425 447 449 451 453 475 477 479 481
TICK
CX 4 16 5 18 6 20 29 43 31 45 33 47 57 72 59 74 61 76 85 99 87 101 89 103 113 128 115 130 117 132 141 155 143 157 145 159 166 180 168 182 170 184 336 350 338 352 340 354 311 323 312 325 313 327 364 379 366 381 368 383 392 406 394 408 396 410 420 435 422 437 424 439 448 462 450 464 452 466 476 490 478 492 480 494
CZ 28 42 30 44 32 46 34 48 56 71 58 73 60 75 84 98 86 100 88 102 90 104 112 127 114 129 116 131 140 154 142 156 144 158 146 160 165 179 167 181 169 183 335 349 337 351 339 353 341 355 363 378 365 380 367 382 391 405 393 407 395 409 397 411 419 434 421 436 423 438 447 461 449 463 451 465 453 467 475 489 477 491 479 493
TICK
CX 4 15 5 17 6 19 29 42 31 44 33 46 57 71 59 73 61 75 85 98 87 100 89 102 113 127 115 129 117 131 141 154 143 156 145 158 166 179 168 181 170 183 336 349 338 351 340 353 311 322 312 324 313 326 364 378 366 380 368 382 392 405 394 407 396 409 420 434 422 436 424 438 448 461 450 463 452 465 476 489 478 491 480 493
CZ 28 14 30 16 32 18 34 20 56 43 58 45 60 47 84 70 86 72 88 74 90 76 112 99 114 101 116 103 140 126 142 128 144 130 146 132 165 155 167 157 169 159 335 321 337 323 339 325 341 327 363 350 365 352 367 354 391 377 393 379 395 381 397 383 419 406 421 408 423 410 447 433 449 435 451 437 453 439 475 462 477 464 479 466
TICK
CX 29 15 31 17 33 19 57 44 59 46 61 48 85 71 87 73 89 75 113 100 115 102 117 104 141 127 143 129 145 131 166 156 168 158 170 160 189 179 190 181 191 183 336 322 338 324 340 326 364 351 366 353 368 355 392 378 394 380 396 382 420 407 422 409 424 411 448 434 450 436 452 438 476 463 478 465 480 467 498 489 499 491 500 493
CZ 30 43 32 45 34 47 56 70 58 72 60 74 62 76 86 99 88 101 90 103 112 126 114 128 116 130 118 132 142 155 144 157 146 159 165 178 167 180 169 182 171 184 337 350 339 352 341 354 363 377 365 379 367 381 369 383 393 406 395 408 397 410 419 433 421 435 423 437 425 439 449 462 451 464 453 466 475 488 477 490 479 492 481 494
TICK
CX 29 14 31 16 33 18 57 43 59 45 61 47 85 70 87 72 89 74 113 99 115 101 117 103 141 126 143 128 145 130 166 155 168 157 170 159 189 178 190 180 191 182 336 321 338 323 340 325 364 350 366 352 368 354 392 377 394 379 396 381 420 406 422 408 424 410 448 433 450 435 452 437 476 462 478 464 480 466 498 488 499 490 500 492
CZ 30 15 32 17 34 19 56 42 58 44 60 46 62 48 86 71 88 73 90 75 112 98 114 100 116 102 118 104 142 127 144 129 146 131 165 154 167 156 169 158 171 160 337 322 339 324 341 326 363 349 365 351 367 353 369 355 393 378 395 380 397 382 419 405 421 407 423 409 425 411 449 434 451 436 453 438 475 461 477 463 479 465 481 467
TICK
H 4 5 6 29 31 33 57 59 61 85 87 89 113 115 117 141 143 145 166 168 170 189 190 191 336 338 340 311 312 313 364 366 368 392 394 396 420 422 424 448 450 452 476 478 480 498 499 500 28 30 32 34 56 58 60 62 84 86 88 90 112 114 116 118 140 142 144 146 165 167 169 171 335 337 339 341 363 365 367 369 391 393 395 397 419 421 423 425 447 449 451 453 475 477 479 481
TICK
M 4 5 6 29 31 33 57 59 61 85 87 89 113 115 117 141 143 145 166 168 170 189 190 191 336 338 340 311 312 313 364 366 368 392 394 396 420 422 424 448 450 452 476 478 480 498 499 500 28 30 32 34 56 58 60 62 84 86 88 90 112 114 116 118 140 142 144 146 165 167 169 171 335 337 339 341 363 365 367 369 391 393 395 397 419 421 423 425 447 449 451 453 475 477 479 481
TICK
R 4 5 6 29 31 33 57 59 61 85 87 89 113 115 117 141 143 145 166 168 170 189 190 191 336 338 340 311 312 313 364 366 368 392 394 396 420 422 424 448 450 452 476 478 480 498 499 500 28 30 32 34 56 58 60 62 84 86 88 90 112 114 116 118 140 142 144 146 165 167 169 171 335 337 339 341 363 365 367 369 391 393 395 397 419 421 423 425 447 449 451 453 475 477 479 481
TICK
H 4 5 6 29 31 33 57 59 61 85 87 89 113 115 117 141 143 145 166 168 170 189 190 191 336 338 340 311 312 313 364 366 368 392 394 396 420 422 424 448 450 452 476 478 480 498 499 500 28 30 32 34 56 58 60 62 84 86 88 90 112 114 116 118 140 142 144 146 165 167 169 171 335 337 339 341 363 365 367 369 391 393 395 397 419 421 423 425 447 449 451 453 475 477 479 481
TICK
CX 4 15 5 17 6 19 29 42 31 44 33 46 57 71 59 73 61 75 85 98 87 100 89 102 113 127 115 129 117 131 141 154 143 156 145 158 166 179 168 181 170 183 336 349 338 351 340 353 311 322 312 324 313 326 364 378 366 380 368 382 392 405 394 407 396 409 420 434 422 436 424 438 448 461 450 463 452 465 476 489 478 491 480 493
CZ 30 43 32 45 34 47 56 70 58 72 60 74 62 76 86 99 88 101 90 103 112 126 114 128 116 130 118 132 142 155 144 157 146 159 165 178 167 180 169 182 171 184 337 350 339 352 341 354 363 377 365 379 367 381 369 383 393 406 395 408 397 410 419 433 421 435 423 437 425 439 449 462 451 464 453 466 475 488 477 490 479 492 481 494
TICK
CX 4 16 5 18 6 20 29 43 31 45 33 47 57 72 59 74 61 76 85 99 87 101 89 103 113 128 115 130 117 132 141 155 143 157 145 159 166 180 168 182 170 184 336 350 338 352 340 354 311 323 312 325 313 327 364 379 366 381 368 383 392 406 394 408 396 410 420 435 422 437 424 439 448 462 450 464 452 466 476 490 478 492 480 494
CZ 30 15 32 17 34 19 56 42 58 44 60 46 62 48 86 71 88 73 90 75 112 98 114 100 116 102 118 104 142 127 144 129 146 131 165 154 167 156 169 158 171 160 337 322 339 324 341 326 363 349 365 351 367 353 369 355 393 378 395 380 397 382 419 405 421 407 423 409 425 411 449 434 451 436 453 438 475 461 477 463 479 465 481 467
TICK
CX 29 14 31 16 33 18 57 43 59 45 61 47 85 70 87 72 89 74 113 99 115 101 117 103 141 126 143 128 145 130 166 155 168 157 170 159 189 178 190 180 191 182 336 321 338 323 340 325 364 350 366 352 368 354 392 377 394 379 396 381 420 406 422 408 424 410 448 433 450 435 452 437 476 462 478 464 480 466 498 488 499 490 500 492
CZ 28 42 30 44 32 46 34 48 56 71 58 73 60 75 84 98 86 100 88 102 90 104 112 127 114 129 116 131 140 154 142 156 144 158 146 160 165 179 167 181 169 183 335 349 337 351 339 353 341 355 363 378 365 380 367 382 391 405 393 407 395 409 397 411 419 434 421 436 423 438 447 461 449 463 451 465 453 467 475 489 477 491 479 493
TICK
CX 29 15 31 17 33 19 57 44 59 46 61 48 85 71 87 73 89 75 113 100 115 102 117 104 141 127 143 129 145 131 166 156 168 158 170 160 189 179 190 181 191 183 336 322 338 324 340 326 364 351 366 353 368 355 392 378 394 380 396 382 420 407 422 409 424 411 448 434 450 436 452 438 476 463 478 465 480 467 498 489 499 491 500 493
CZ 28 14 30 16 32 18 34 20 56 43 58 45 60 47 84 70 86 72 88 74 90 76 112 99 114 101 116 103 140 126 142 128 144 130 146 132 165 155 167 157 169 159 335 321 337 323 339 325 341 327 363 350 365 352 367 354 391 377 393 379 395 381 397 383 419 406 421 408 423 410 447 433 449 435 451 437 453 439 475 462 477 464 479 466
TICK
H 4 5 6 29 31 33 57 59 61 85 87 89 113 115 117 141 143 145 166 168 170 189 190 191 336 338 340 311 312 313 364 366 368 392 394 396 420 422 424 448 450 452 476 478 480 498 499 500 28 30 32 34 56 58 60 62 84 86 88 90 112 114 116 118 140 142 144 146 165 167 169 171 335 337 339 341 363 365 367 369 391 393 395 397 419 421 423 425 447 449 451 453 475 477 479 481
TICK
M 4 5 6 29 31 33 57 59 61 85 87 89 113 115 117 141 143 145 166 168 170 189 190 191 336 338 340 311 312 313 364 366 368 392 394 396 420 422 424 448 450 452 476 478 480 498 499 500 28 30 32 34 56 58 60 62 84 86 88 90 112 114 116 118 140 142 144 146 165 167 169 171 335 337 339 341 363 365 367 369 391 393 395 397 419 421 423 425 447 449 451 453 475 477 479 481
TICK
R 4 5 6 29 31 33 57 59 61 85 87 89 113 115 117 141 143 145 166 168 170 189 190 191 336 338 340 311 312 313 364 366 368 392 394 396 420 422 424 448 450 452 476 478 480 498 499 500 28 30 32 34 56 58 60 62 84 86 88 90 112 114 116 118 140 142 144 146 165 167 169 171 335 337 339 341 363 365 367 369 391 393 395 397 419 421 423 425 447 449 451 453 475 477 479 481
TICK
H 4 5 6 29 31 33 57 59 61 85 87 89 113 115 117 141 143 145 166 168 170 189 190 191 336 338 340 311 312 313 364 366 368 392 394 396 420 422 424 448 450 452 476 478 480 498 499 500 28 30 32 34 56 58 60 62 84 86 88 90 112 114 116 118 140 142 144 146 165 167 169 171 335 337 339 341 363 365 367 369 391 393 395 397 419 421 423 425 447 449 451 453 475 477 479 481
TICK
CX 4 16 5 18 6 20 29 43 31 45 33 47 57 72 59 74 61 76 85 99 87 101 89 103 113 128 115 130 117 132 141 155 143 157 145 159 166 180 168 182 170 184 336 350 338 352 340 354 311 323 312 325 313 327 364 379 366 381 368 383 392 406 394 408 396 410 420 435 422 437 424 439 448 462 450 464 452 466 476 490 478 492 480 494
CZ 28 42 30 44 32 46 34 48 56 71 58 73 60 75 84 98 86 100 88 102 90 104 112 127 114 129 116 131 140 154 142 156 144 158 146 160 165 179 167 181 169 183 335 349 337 351 339 353 341 355 363 378 365 380 367 382 391 405 393 407 395 409 397 411 419 434 421 436 423 438 447 461 449 463 451 465 453 467 475 489 477 491 479 493
TICK
CX 4 15 5 17 6 19 29 42 31 44 33 46 57 71 59 73 61 75 85 98 87 100 89 102 113 127 115 129 117 131 141 154 143 156 145 158 166 179 168 181 170 183 336 349 338 351 340 353 311 322 312 324 313 326 364 378 366 380 368 382 392 405 394 407 396 409 420 434 422 436 424 438 448 461 450 463 452 465 476 489 478 491 480 493
CZ 28 14 30 16 32 18 34 20 56 43 58 45 60 47 84 70 86 72 88 74 90 76 112 99 114 101 116 103 140 126 142 128 144 130 146 132 165 155 167 157 169 159 335 321 337 323 339 325 341 327 363 350 365 352 367 354 391 377 393 379 395 381 397 383 419 406 421 408 423 410 447 433 449 435 451 437 453 439 475 462 477 464 479 466
TICK
CX 29 15 31 17 33 19 57 44 59 46 61 48 85 71 87 73 89 75 113 100 115 102 117 104 141 127 143 129 145 131 166 156 168 158 170 160 189 179 190 181 191 183 336 322 338 324 340 326 364 351 366 353 368 355 392 378 394 380 396 382 420 407 422 409 424 411 448 434 450 436 452 438 476 463 478 465 480 467 498 489 499 491 500 493
CZ 30 43 32 45 34 47 56 70 58 72 60 74 62 76 86 99 88 101 90 103 112 126 114 128 116 130 118 132 142 155 144 157 146 159 165 178 167 180 169 182 171 184 337 350 339 352 341 354 363 377 365 379 367 381 369 383 393 406 395 408 397 410 419 433 421 435 423 437 425 439 449 462 451 464 453 466 475 488 477 490 479 492 481 494
TICK
CX 29 14 31 16 33 18 57 43 59 45 61 47 85 70 87 72 89 74 113 99 115 101 117 103 141 126 143 128 145 130 166 155 168 157 170 159 189 178 190 180 191 182 336 321 338 323 340 325 364 350 366 352 368 354 392 377 394 379 396 381 420 406 422 408 424 410 448 433 450 435 452 437 476 462 478 464 480 466 498 488 499 490 500 492
CZ 30 15 32 17 34 19 56 42 58 44 60 46 62 48 86 71 88 73 90 75 112 98 114 100 116 102 118 104 142 127 144 129 146 131 165 154 167 156 169 158 171 160 337 322 339 324 341 326 363 349 365 351 367 353 369 355 393 378 395 380 397 382 419 405 421 407 423 409 425 411 449 434 451 436 453 438 475 461 477 463 479 465 481 467
TICK
H 4 5 6 29 31 33 57 59 61 85 87 89 113 115 117 141 143 145 166 168 170 189 190 191 336 338 340 311 312 313 364 366 368 392 394 396 420 422 424 448 450 452 476 478 480 498 499 500 28 30 32 34 56 58 60 62 84 86 88 90 112 114 116 118 140 142 144 146 165 167 169 171 335 337 339 341 363 365 367 369 391 393 395 397 419 421 423 425 447 449 451 453 475 477 479 481
TICK
M 4 5 6 29 31 33 57 59 61 85 87 89 113 115 117 141 143 145 166 168 170 189 190 191 336 338 340 311 312 313 364 366 368 392 394 396 420 422 424 448 450 452 476 478 480 498 499 500 28 30 32 34 56 58 60 62 84 86 88 90 112 114 116 118 140 142 144 146 165 167 169 171 335 337 339 341 363 365 367 369 391 393 395 397 419 421 423 425 447 449 451 453 475 477 479 481
TICK
R 4 5 6 29 31 33 57 59 61 85 87 89 113 115 117 141 143 145 166 168 170 189 190 191 336 338 340 311 312 313 364 366 368 392 394 396 420 422 424 448 450 452 476 478 480 498 499 500 28 30 32 34 56 58 60 62 84 86 88 90 112 114 116 118 140 142 144 146 165 167 169 171 335 337 339 341 363 365 367 369 391 393 395 397 419 421 423 425 447 449 451 453 475 477 479 481
TICK
H 4 5 6 29 31 33 57 59 61 85 87 89 113 115 117 141 143 145 166 168 170 189 190 191 336 338 340 311 312 313 364 366 368 392 394 396 420 422 424 448 450 452 476 478 480 498 499 500 28 30 32 34 56 58 60 62 84 86 88 90 112 114 116 118 140 142 144 146 165 167 169 171 335 337 339 341 363 365 367 369 391 393 395 397 419 421 423 425 447 449 451 453 475 477 479 481
TICK
CX 4 15 5 17 6 19 29 42 31 44 33 46 57 71 59 73 61 75 85 98 87 100 89 102 113 127 115 129 117 131 141 154 143 156 145 158 166 179 168 181 170 183 336 349 338 351 340 353 311 322 312 324 313 326 364 378 366 380 368 382 392 405 394 407 396 409 420 434 422 436 424 438 448 461 450 463 452 465 476 489 478 491 480 493
CZ 30 43 32 45 34 47 56 70 58 72 60 74 62 76 86 99 88 101 90 103 112 126 114 128 116 130 118 132 142 155 144 157 146 159 165 178 167 180 169 182 171 184 337 350 339 352 341 354 363 377 365 379 367 381 369 383 393 406 395 408 397 410 419 433 421 435 423 437 425 439 449 462 451 464 453 466 475 488 477 490 479 492 481 494
TICK
CX 4 16 5 18 6 20 29 43 31 45 33 47 57 72 59 74 61 76 85 99 87 101 89 103 113 128 115 130 117 132 141 155 143 157 145 159 166 180 168 182 170 184 336 350 338 352 340 354 311 323 312 325 313 327 364 379 366 381 368 383 392 406 394 408 396 410 420 435 422 437 424 439 448 462 450 464 452 466 476 490 478 492 480 494
CZ 30 15 32 17 34 19 56 42 58 44 60 46 62 48 86 71 88 73 90 75 112 98 114 100 116 102 118 104 142 127 144 129 146 131 165 154 167 156 169 158 171 160 337 322 339 324 341 326 363 349 365 351 367 353 369 355 393 378 395 380 397 382 419 405 421 407 423 409 425 411 449 434 451 436 453 438 475 461 477 463 479 465 481 467
TICK
CX 29 14 31 16 33 18 57 43 59 45 61 47 85 70 87 72 89 74 113 99 115 101 117 103 141 126 143 128 145 130 166 155 168 157 170 159 189 178 190 180 191 182 336 321 338 323 340 325 364 350 366 352 368 354 392 377 394 379 396 381 420 406 422 408 424 410 448 433 450 435 452 437 476 462 478 464 480 466 498 488 499 490 500 492
CZ 28 42 30 44 32 46 34 48 56 71 58 73 60 75 84 98 86 100 88 102 90 104 112 127 114 129 116 131 140 154 142 156 144 158 146 160 165 179 167 181 169 183 335 349 337 351 339 353 341 355 363 378 365 380 367 382 391 405 393 407 395 409 397 411 419 434 421 436 423 438 447 461 449 463 451 465 453 467 475 489 477 491 479 493
TICK
CX 29 15 31 17 33 19 57 44 59 46 61 48 85 71 87 73 89 75 113 100 115 102 117 104 141 127 143 129 145 131 166 156 168 158 170 160 189 179 190 181 191 183 336 322 338 324 340 326 364 351 366 353 368 355 392 378 394 380 396 382 420 407 422 409 424 411 448 434 450 436 452 438 476 463 478 465 480 467 498 489 499 491 500 493
CZ 28 14 30 16 32 18 34 20 56 43 58 45 60 47 84 70 86 72 88 74 90 76 112 99 114 101 116 103 140 126 142 128 144 130 146 132 165 155 167 157 169 159 335 321 337 323 339 325 341 327 363 350 365 352 367 354 391 377 393 379 395 381 397 383 419 406 421 408 423 410 447 433 449 435 451 437 453 439 475 462 477 464 479 466
TICK
H 4 5 6 29 31 33 57 59 61 85 87 89 113 115 117 141 143 145 166 168 170 189 190 191 336 338 340 311 312 313 364 366 368 392 394 396 420 422 424 448 450 452 476 478 480 498 499 500 28 30 32 34 56 58 60 62 84 86 88 90 112 114 116 118 140 142 144 146 165 167 169 171 335 337 339 341 363 365 367 369 391 393 395 397 419 421 423 425 447 449 451 453 475 477 479 481
TICK
M 4 5 6 29 31 33 57 59 61 85 87 89 113 115 117 141 143 145 166 168 170 189 190 191 336 338 340 311 312 313 364 366 368 392 394 396 420 422 424 448 450 452 476 478 480 498 499 500 28 30 32 34 56 58 60 62 84 86 88 90 112 114 116 118 140 142 144 146 165 167 169 171 335 337 339 341 363 365 367 369 391 393 395 397 419 421 423 425 447 449 451 453 475 477 479 481
TICK
R 4 5 6 29 31 33 57 59 61 85 87 89 113 115 117 141 143 145 166 168 170 189 190 191 336 338 340 311 312 313 364 366 368 392 394 396 420 422 424 448 450 452 476 478 480 498 499 500 28 30 32 34 56 58 60 62 84 86 88 90 112 114 116 118 140 142 144 146 165 167 169 171 335 337 339 341 363 365 367 369 391 393 395 397 419 421 423 425 447 449 451 453 475 477 479 481
TICK
H 4 5 6 29 31 33 57 59 61 85 87 89 113 115 117 141 143 145 166 168 170 189 190 191 336 338 340 311 312 313 364 366 368 392 394 396 420 422 424 448 450 452 476 478 480 498 499 500 28 30 32 34 56 58 60 62 84 86 88 90 112 114 116 118 140 142 144 146 165 167 169 171 335 337 339 341 363 365 367 369 391 393 395 397 419 421 423 425 447 449 451 453 475 477 479 481
TICK
CX 4 16 5 18 6 20 29 43 31 45 33 47 57 72 59 74 61 76 85 99 87 101 89 103 113 128 115 130 117 132 141 155 143 157 145 159 166 180 168 182 170 184 336 350 338 352 340 354 311 323 312 325 313 327 364 379 366 381 368 383 392 406 394 408 396 410 420 435 422 437 424 439 448 462 450 464 452 466 476 490 478 492 480 494
CZ 28 42 30 44 32 46 34 48 56 71 58 73 60 75 84 98 86 100 88 102 90 104 112 127 114 129 116 131 140 154 142 156 144 158 146 160 165 179 167 181 169 183 335 349 337 351 339 353 341 355 363 378 365 380 367 382 391 405 393 407 395 409 397 411 419 434 421 436 423 438 447 461 449 463 451 465 453 467 475 489 477 491 479 493
TICK
CX 4 15 5 17 6 19 29 42 31 44 33 46 57 71 59 73 61 75 85 98 87 100 89 102 113 127 115 129 117 131 141 154 143 156 145 158 166 179 168 181 170 183 336 349 338 351 340 353 311 322 312 324 313 326 364 378 366 380 368 382 392 405 394 407 396 409 420 434 422 436 424 438 448 461 450 463 452 465 476 489 478 491 480 493
CZ 28 14 30 16 32 18 34 20 56 43 58 45 60 47 84 70 86 72 88 74 90 76 112 99 114 101 116 103 140 126 142 128 144 130 146 132 165 155 167 157 169 159 335 321 337 323 339 325 341 327 363 350 365 352 367 354 391 377 393 379 395 381 397 383 419 406 421 408 423 410 447 433 449 435 451 437 453 439 475 462 477 464 479 466
TICK
CX 29 15 31 17 33 19 57 44 59 46 61 48 85 71 87 73 89 75 113 100 115 102 117 104 141 127 143 129 145 131 166 156 168 158 170 160 189 179 190 181 191 183 336 322 338 324 340 326 364 351 366 353 368 355 392 378 394 380 396 382 420 407 422 409 424 411 448 434 450 436 452 438 476 463 478 465 480 467 498 489 499 491 500 493
CZ 30 43 32 45 34 47 56 70 58 72 60 74 62 76 86 99 88 101 90 103 112 126 114 128 116 130 118 132 142 155 144 157 146 159 165 178 167 180 169 182 171 184 337 350 339 352 341 354 363 377 365 379 367 381 369 383 393 406 395 408 397 410 419 433 421 435 423 437 425 439 449 462 451 464 453 466 475 488 477 490 479 492 481 494
TICK
CX 29 14 31 16 33 18 57 43 59 45 61 47 85 70 87 72 89 74 113 99 115 101 117 103 141 126 143 128 145 130 166 155 168 157 170 159 189 178 190 180 191 182 336 321 338 323 340 325 364 350 366 352 368 354 392 377 394 379 396 381 420 406 422 408 424 410 448 433 450 435 452 437 476 462 478 464 480 466 498 488 499 490 500 492
CZ 30 15 32 17 34 19 56 42 58 44 60 46 62 48 86 71 88 73 90 75 112 98 114 100 116 102 118 104 142 127 144 129 146 131 165 154 167 156 169 158 171 160 337 322 339 324 341 326 363 349 365 351 367 353 369 355 393 378 395 380 397 382 419 405 421 407 423 409 425 411 449 434 451 436 453 438 475 461 477 463 479 465 481 467
TICK
H 4 5 6 29 31 33 57 59 61 85 87 89 113 115 117 141 143 145 166 168 170 189 190 191 336 338 340 311 312 313 364 366 368 392 394 396 420 422 424 448 450 452 476 478 480 498 499 500 28 30 32 34 56 58 60 62 84 86 88 90 112 114 116 118 140 142 144 146 165 167 169 171 335 337 339 341 363 365 367 369 391 393 395 397 419 421 423 425 447 449 451 453 475 477 479 481
TICK
M 4 5 6 29 31 33 57 59 61 85 87 89 113 115 117 141 143 145 166 168 170 189 190 191 336 338 340 311 312 313 364 366 368 392 394 396 420 422 424 448 450 452 476 478 480 498 499 500 28 30 32 34 56 58 60 62 84 86 88 90 112 114 116 118 140 142 144 146 165 167 169 171 335 337 339 341 363 365 367 369 391 393 395 397 419 421 423 425 447 449 451 453 475 477 479 481
TICK
M 14 15 16 17 18 19 20 42 43 44 45 46 47 48 70 71 72 73 74 75 76 98 99 100 101 102 103 104 126 127 128 129 130 131 132 154 155 156 157 158 159 160 178 179 180 181 182 183 184 321 322 323 324 325 326 327 349 350 351 352 353 354 355 377 378 379 380 381 382 383 405 406 407 408 409 410 411 433 434 435 436 437 438 439 461 462 463 464 465 466 467 488 489 490 491 492 493 494
OBSERVABLE_INCLUDE(0) rec[-43] rec[-44] rec[-45] rec[-46] rec[-47] rec[-48] rec[-49] rec[-50] rec[-51] rec[-52] rec[-53] rec[-54] rec[-55] rec[-56] rec[-819] rec[-826] rec[-833] rec[-840] rec[-847] rec[-854] rec[-861] rec[-868] rec[-918] rec[-1174] rec[-1432] rec[-1688] rec[-1946] rec[-2202] rec[-2460]
