QUBIT_COORDS(0.5, 0.5) 0
QUBIT_COORDS(0.5, 1.5) 1
QUBIT_COORDS(0.5, 2.5) 2
QUBIT_COORDS(0.5, 3.5) 3
QUBIT_COORDS(0.5, 4.5) 4
QUBIT_COORDS(0.5, 5.5) 5
QUBIT_COORDS(0.5, 6.5) 6
QUBIT_COORDS(0.5, 7.5) 7
QUBIT_COORDS(0.5, 8.5) 8
QUBIT_COORDS(0.5, 9.5) 9
QUBIT_COORDS(0.5, 10.5) 10
QUBIT_COORDS(1, 1) 11
QUBIT_COORDS(1, 2) 12
QUBIT_COORDS(1, 3) 13
QUBIT_COORDS(1, 4) 14
QUBIT_COORDS(1, 5) 15
QUBIT_COORDS(1, 6) 16
QUBIT_COORDS(1, 7) 17
QUBIT_COORDS(1, 8) 18
QUBIT_COORDS(1, 9) 19
QUBIT_COORDS(1, 10) 20
QUBIT_COORDS(1.5, 0.5) 21
QUBIT_COORDS(1.5, 1.5) 22
QUBIT_COORDS(1.5, 2.5) 23
QUBIT_COORDS(1.5, 3.5) 24
QUBIT_COORDS(1.5, 4.5) 25
QUBIT_COORDS(1.5, 5.5) 26
QUBIT_COORDS(1.5, 6.5) 27
QUBIT_COORDS(1.5, 7.5) 28
QUBIT_COORDS(1.5, 8.5) 29
QUBIT_COORDS(1.5, 9.5) 30
QUBIT_COORDS(1.5, 10.5) 31
QUBIT_COORDS(2, 1) 32
QUBIT_COORDS(2, 2) 33
QUBIT_COORDS(2, 3) 34
QUBIT_COORDS(2, 4) 35
QUBIT_COORDS(2, 5) 36
QUBIT_COORDS(2, 6) 37
QUBIT_COORDS(2, 7) 38
QUBIT_COORDS(2, 8) 39
QUBIT_COORDS(2, 9) 40
QUBIT_COORDS(2, 10) 41
QUBIT_COORDS(2.5, 0.5) 42
QUBIT_COORDS(2.5, 1.5) 43
QUBIT_COORDS(2.5, 2.5) 44
QUBIT_COORDS(2.5, 3.5) 45
QUBIT_COORDS(2.5, 4.5) 46
QUBIT_COORDS(2.5, 5.5) 47
QUBIT_COORDS(2.5, 6.5) 48
QUBIT_COORDS(2.5, 7.5) 49
QUBIT_COORDS(2.5, 8.5) 50
QUBIT_COORDS(2.5, 9.5) 51
QUBIT_COORDS(2.5, 10.5) 52
QUBIT_COORDS(3, 1) 53
QUBIT_COORDS(3, 2) 54
QUBIT_COORDS(3, 3) 55
QUBIT_COORDS(3, 4) 56
QUBIT_COORDS(3, 5) 57
QUBIT_COORDS(3, 6) 58
QUBIT_COORDS(3, 7) 59
QUBIT_COORDS(3, 8) 60
QUBIT_COORDS(3, 9) 61
QUBIT_COORDS(3, 10) 62
QUBIT_COORDS(3.5, 0.5) 63
QUBIT_COORDS(3.5, 1.5) 64
QUBIT_COORDS(3.5, 2.5) 65
QUBIT_COORDS(3.5, 3.5) 66
QUBIT_COORDS(3.5, 4.5) 67
QUBIT_COORDS(3.5, 5.5) 68
QUBIT_COORDS(3.5, 6.5) 69
QUBIT_COORDS(3.5, 7.5) 70
QUBIT_COORDS(3.5, 8.5) 71
QUBIT_COORDS(3.5, 9.5) 72
QUBIT_COORDS(3.5, 10.5) 73
QUBIT_COORDS(4, 1) 74
QUBIT_COORDS(4, 2) 75
QUBIT_COORDS(4, 3) 76
QUBIT_COORDS(4, 4) 77
QUBIT_COORDS(4, 5) 78
QUBIT_COORDS(4, 6) 79
QUBIT_COORDS(4, 7) 80
QUBIT_COORDS(4, 8) 81
QUBIT_COORDS(4, 9) 82
QUBIT_COORDS(4, 10) 83
QUBIT_COORDS(4.5, 0.5) 84
QUBIT_COORDS(4.5, 1.5) 85
QUBIT_COORDS(4.5, 2.5) 86
QUBIT_COORDS(4.5, 3.5) 87
QUBIT_COORDS(4.5, 4.5) 88
QUBIT_COORDS(4.5, 5.5) 89
QUBIT_COORDS(4.5, 6.5) 90
QUBIT_COORDS(4.5, 7.5) 91
QUBIT_COORDS(4.5, 8.5) 92
QUBIT_COORDS(4.5, 9.5) 93
QUBIT_COORDS(4.5, 10.5) 94
QUBIT_COORDS(5, 1) 95
QUBIT_COORDS(5, 2) 96
QUBIT_COORDS(5, 3) 97
QUBIT_COORDS(5, 4) 98
QUBIT_COORDS(5, 5) 99
QUBIT_COORDS(5, 6) 100
QUBIT_COORDS(5, 7) 101
QUBIT_COORDS(5, 8) 102
QUBIT_COORDS(5, 9) 103
QUBIT_COORDS(5, 10) 104
QUBIT_COORDS(5.5, 0.5) 105
QUBIT_COORDS(5.5, 1.5) 106
QUBIT_COORDS(5.5, 2.5) 107
QUBIT_COORDS(5.5, 3.5) 108
QUBIT_COORDS(5.5, 4.5) 109
QUBIT_COORDS(5.5, 5.5) 110
QUBIT_COORDS(5.5, 6.5) 111
QUBIT_COORDS(5.5, 7.5) 112
QUBIT_COORDS(5.5, 8.5) 113
QUBIT_COORDS(5.5, 9.5) 114
QUBIT_COORDS(5.5, 10.5) 115
QUBIT_COORDS(6, 1) 116
QUBIT_COORDS(6, 2) 117
QUBIT_COORDS(6, 3) 118
QUBIT_COORDS(6, 4) 119
QUBIT_COORDS(6, 5) 120
QUBIT_COORDS(6, 6) 121
QUBIT_COORDS(6, 7) 122
QUBIT_COORDS(6, 8) 123
QUBIT_COORDS(6, 9) 124
QUBIT_COORDS(6, 10) 125
QUBIT_COORDS(6.5, 0.5) 126
QUBIT_COORDS(6.5, 1.5) 127
QUBIT_COORDS(6.5, 2.5) 128
QUBIT_COORDS(6.5, 3.5) 129
QUBIT_COORDS(6.5, 4.5) 130
QUBIT_COORDS(6.5, 5.5) 131
QUBIT_COORDS(6.5, 6.5) 132
QUBIT_COORDS(6.5, 7.5) 133
QUBIT_COORDS(6.5, 8.5) 134
QUBIT_COORDS(6.5, 9.5) 135
QUBIT_COORDS(6.5, 10.5) 136
QUBIT_COORDS(7, 1) 137
QUBIT_COORDS(7, 2) 138
QUBIT_COORDS(7, 3) 139
QUBIT_COORDS(7, 4) 140
QUBIT_COORDS(7, 5) 141
QUBIT_COORDS(7, 6) 142
QUBIT_COORDS(7, 7) 143
QUBIT_COORDS(7, 8) 144
QUBIT_COORDS(7, 9) 145
QUBIT_COORDS(7, 10) 146
QUBIT_COORDS(7.5, 0.5) 147
QUBIT_COORDS(7.5, 1.5) 148
QUBIT_COORDS(7.5, 2.5) 149
QUBIT_COORDS(7.5, 3.5) 150
QUBIT_COORDS(7.5, 4.5) 151
QUBIT_COORDS(7.5, 5.5) 152
QUBIT_COORDS(7.5, 6.5) 153
QUBIT_COORDS(7.5, 7.5) 154
QUBIT_COORDS(7.5, 8.5) 155
QUBIT_COORDS(7.5, 9.5) 156
QUBIT_COORDS(7.5, 10.5) 157
QUBIT_COORDS(8, 1) 158
QUBIT_COORDS(8, 2) 159
QUBIT_COORDS(8, 3) 160
QUBIT_COORDS(8, 4) 161
QUBIT_COORDS(8, 5) 162
QUBIT_COORDS(8, 6) 163
QUBIT_COORDS(8, 7) 164
QUBIT_COORDS(8, 8) 165
QUBIT_COORDS(8, 9) 166
QUBIT_COORDS(8, 10) 167
QUBIT_COORDS(8.5, 0.5) 168
QUBIT_COORDS(8.5, 1.5) 169
QUBIT_COORDS(8.5, 2.5) 170
QUBIT_COORDS(8.5, 3.5) 171
QUBIT_COORDS(8.5, 4.5) 172
QUBIT_COORDS(8.5, 5.5) 173
QUBIT_COORDS(8.5, 6.5) 174
QUBIT_COORDS(8.5, 7.5) 175
QUBIT_COORDS(8.5, 8.5) 176
QUBIT_COORDS(8.5, 9.5) 177
QUBIT_COORDS(8.5, 10.5) 178
QUBIT_COORDS(9, 1) 179
QUBIT_COORDS(9, 2) 180
QUBIT_COORDS(9, 3) 181
QUBIT_COORDS(9, 4) 182
QUBIT_COORDS(9, 5) 183
QUBIT_COORDS(9, 6) 184
QUBIT_COORDS(9, 7) 185
QUBIT_COORDS(9, 8) 186
QUBIT_COORDS(9, 9) 187
QUBIT_COORDS(9, 10) 188
QUBIT_COORDS(9.5, 0.5) 189
QUBIT_COORDS(9.5, 1.5) 190
QUBIT_COORDS(9.5, 2.5) 191
QUBIT_COORDS(9.5, 3.5) 192
QUBIT_COORDS(9.5, 4.5) 193
QUBIT_COORDS(9.5, 5.5) 194
QUBIT_COORDS(9.5, 6.5) 195
QUBIT_COORDS(9.5, 7.5) 196
QUBIT_COORDS(9.5, 8.5) 197
QUBIT_COORDS(9.5, 9.5) 198
QUBIT_COORDS(9.5, 10.5) 199
QUBIT_COORDS(10, 1) 200
QUBIT_COORDS(10, 2) 201
QUBIT_COORDS(10, 3) 202
QUBIT_COORDS(10, 4) 203
QUBIT_COORDS(10, 5) 204
QUBIT_COORDS(10, 6) 205
QUBIT_COORDS(10, 7) 206
QUBIT_COORDS(10, 8) 207
QUBIT_COORDS(10, 9) 208
QUBIT_COORDS(10, 10) 209
QUBIT_COORDS(10.5, 0.5) 210
QUBIT_COORDS(10.5, 1.5) 211
QUBIT_COORDS(10.5, 2.5) 212
QUBIT_COORDS(10.5, 3.5) 213
QUBIT_COORDS(10.5, 4.5) 214
QUBIT_COORDS(10.5, 5.5) 215
QUBIT_COORDS(10.5, 6.5) 216
QUBIT_COORDS(10.5, 7.5) 217
QUBIT_COORDS(10.5, 8.5) 218
QUBIT_COORDS(10.5, 9.5) 219
QUBIT_COORDS(10.5, 10.5) 220
QUBIT_COORDS(11, 1) 221
QUBIT_COORDS(11, 2) 222
QUBIT_COORDS(11, 3) 223
QUBIT_COORDS(11, 4) 224
QUBIT_COORDS(11, 5) 225
QUBIT_COORDS(11, 6) 226
QUBIT_COORDS(11, 7) 227
QUBIT_COORDS(11, 8) 228
QUBIT_COORDS(11, 9) 229
QUBIT_COORDS(11, 10) 230
QUBIT_COORDS(11.5, 0.5) 231
QUBIT_COORDS(11.5, 1.5) 232
QUBIT_COORDS(11.5, 2.5) 233
QUBIT_COORDS(11.5, 3.5) 234
QUBIT_COORDS(11.5, 4.5) 235
QUBIT_COORDS(11.5, 5.5) 236
QUBIT_COORDS(11.5, 6.5) 237
QUBIT_COORDS(11.5, 7.5) 238
QUBIT_COORDS(11.5, 8.5) 239
QUBIT_COORDS(11.5, 9.5) 240
QUBIT_COORDS(11.5, 10.5) 241
QUBIT_COORDS(12, 1) 242
QUBIT_COORDS(12, 2) 243
QUBIT_COORDS(12, 3) 244
QUBIT_COORDS(12, 4) 245
QUBIT_COORDS(12, 5) 246
QUBIT_COORDS(12, 6) 247
QUBIT_COORDS(12, 7) 248
QUBIT_COORDS(12, 8) 249
QUBIT_COORDS(12, 9) 250
QUBIT_COORDS(12, 10) 251
QUBIT_COORDS(12.5, 0.5) 252
QUBIT_COORDS(12.5, 1.5) 253
QUBIT_COORDS(12.5, 2.5) 254
QUBIT_COORDS(12.5, 3.5) 255
QUBIT_COORDS(12.5, 4.5) 256
QUBIT_COORDS(12.5, 5.5) 257
QUBIT_COORDS(12.5, 6.5) 258
QUBIT_COORDS(12.5, 7.5) 259
QUBIT_COORDS(12.5, 8.5) 260
QUBIT_COORDS(12.5, 9.5) 261
QUBIT_COORDS(12.5, 10.5) 262
QUBIT_COORDS(13, 1) 263
QUBIT_COORDS(13, 2) 264
QUBIT_COORDS(13, 3) 265
QUBIT_COORDS(13, 4) 266
QUBIT_COORDS(13, 5) 267
QUBIT_COORDS(13, 6) 268
QUBIT_COORDS(13, 7) 269
QUBIT_COORDS(13, 8) 270
QUBIT_COORDS(13, 9) 271
QUBIT_COORDS(13, 10) 272
QUBIT_COORDS(13.5, 0.5) 273
QUBIT_COORDS(13.5, 1.5) 274
QUBIT_COORDS(13.5, 2.5) 275
QUBIT_COORDS(13.5, 3.5) 276
QUBIT_COORDS(13.5, 4.5) 277
QUBIT_COORDS(13.5, 5.5) 278
QUBIT_COORDS(13.5, 6.5) 279
QUBIT_COORDS(13.5, 7.5) 280
QUBIT_COORDS(13.5, 8.5) 281
QUBIT_COORDS(13.5, 9.5) 282
QUBIT_COORDS(13.5, 10.5) 283
QUBIT_COORDS(14, 1) 284
QUBIT_COORDS(14, 2) 285
QUBIT_COORDS(14, 3) 286
QUBIT_COORDS(14, 4) 287
QUBIT_COORDS(14, 5) 288
QUBIT_COORDS(14, 6) 289
QUBIT_COORDS(14, 7) 290
QUBIT_COORDS(14, 8) 291
QUBIT_COORDS(14, 9) 292
QUBIT_COORDS(14, 10) 293
QUBIT_COORDS(14.5, 0.5) 294
QUBIT_COORDS(14.5, 1.5) 295
QUBIT_COORDS(14.5, 2.5) 296
QUBIT_COORDS(14.5, 3.5) 297
QUBIT_COORDS(14.5, 4.5) 298
QUBIT_COORDS(14.5, 5.5) 299
QUBIT_COORDS(14.5, 6.5) 300
QUBIT_COORDS(14.5, 7.5) 301
QUBIT_COORDS(14.5, 8.5) 302
QUBIT_COORDS(14.5, 9.5) 303
QUBIT_COORDS(14.5, 10.5) 304
QUBIT_COORDS(15, 1) 305
QUBIT_COORDS(15, 2) 306
QUBIT_COORDS(15, 3) 307
QUBIT_COORDS(15, 4) 308
QUBIT_COORDS(15, 5) 309
QUBIT_COORDS(15, 6) 310
QUBIT_COORDS(15, 7) 311
QUBIT_COORDS(15, 8) 312
QUBIT_COORDS(15, 9) 313
QUBIT_COORDS(15, 10) 314
QUBIT_COORDS(15.5, 0.5) 315
QUBIT_COORDS(15.5, 1.5) 316
QUBIT_COORDS(15.5, 2.5) 317
QUBIT_COORDS(15.5, 3.5) 318
QUBIT_COORDS(15.5, 4.5) 319
QUBIT_COORDS(15.5, 5.5) 320
QUBIT_COORDS(15.5, 6.5) 321
QUBIT_COORDS(15.5, 7.5) 322
QUBIT_COORDS(15.5, 8.5) 323
QUBIT_COORDS(15.5, 9.5) 324
QUBIT_COORDS(15.5, 10.5) 325
R 11 12 13 14 15 16 17 18 19 20 32 33 34 35 36 37 38 39 40 41 53 54 55 56 57 58 59 60 61 62 74 75 76 77 78 79 80 81 82 83 95 96 97 98 99 100 101 102 103 104 116 117 118 119 120 121 122 123 124 125 137 138 139 140 141 142 143 144 145 146 158 159 160 161 162 163 164 165 166 167 179 180 181 182 183 184 185 186 187 188 200 201 202 203 204 205 206 207 208 209 221 222 223 224 225 226 227 228 229 230 242 243 244 245 246 247 248 249 250 251 263 264 265 266 267 268 269 270 271 272 284 285 286 287 288 289 290 291 292 293 305 306 307 308 309 310 311 312 313 314 0 1 2 3 4 5 6 7 8 9 10 21 22 23 24 25 26 27 28 29 30 31 42 43 44 45 46 47 48 49 50 51 52 63 64 65 66 67 68 69 70 71 72 73 84 85 86 87 88 89 90 91 92 93 94 105 106 107 108 109 110 111 112 113 114 115 126 127 128 129 130 131 132 133 134 135 136 147 148 149 150 151 152 153 154 155 156 157 168 169 170 171 172 173 174 175 176 177 178 189 190 191 192 193 194 195 196 197 198 199 210 211 212 213 214 215 216 217 218 219 220 231 232 233 234 235 236 237 238 239 240 241 252 253 254 255 256 257 258 259 260 261 262 273 274 275 276 277 278 279 280 281 282 283 294 295 296 297 298 299 300 301 302 303 304 315 316 317 318 319 320 321 322 323 324 325
TICK
H 27 29 49 51 69 71 91 93 111 113 237 239 259 261 279 281 301 303 321 323 112 114 322 324
TICK
CX 27 16 29 18 49 38 51 40 69 58 71 60 91 80 93 82 111 100 113 102 237 226 239 228 259 248 261 250 279 268 281 270 301 290 303 292 321 310 323 312 17 28 19 30 37 48 39 50 41 52 59 70 61 72 79 90 81 92 83 94 227 238 229 240 247 258 249 260 251 262 269 280 271 282 289 300 291 302 293 304
TICK
CX 27 17 29 19 49 39 51 41 69 59 71 61 91 81 93 83 111 101 113 103 237 227 239 229 259 249 261 251 279 269 281 271 301 291 303 293 321 311 323 313 38 28 40 30 58 48 60 50 62 52 80 70 82 72 100 90 102 92 104 94 248 238 250 240 268 258 270 260 272 262 290 280 292 282 310 300 312 302 314 304
TICK
CX 28 18 30 20 48 38 50 40 70 60 72 62 90 80 92 82 112 102 114 104 238 228 240 230 258 248 260 250 280 270 282 272 300 290 302 292 322 312 324 314 37 27 39 29 41 31 59 49 61 51 79 69 81 71 83 73 101 91 103 93 247 237 249 239 251 241 269 259 271 261 289 279 291 281 293 283 311 301 313 303
TICK
CX 28 17 30 19 48 37 50 39 70 59 72 61 90 79 92 81 112 101 114 103 238 227 240 229 258 247 260 249 280 269 282 271 300 289 302 291 322 311 324 313 16 27 18 29 20 31 38 49 40 51 58 69 60 71 62 73 80 91 82 93 226 237 228 239 230 241 248 259 250 261 268 279 270 281 272 283 290 301 292 303
TICK
H 28 30 48 50 70 72 90 92 112 114 238 240 258 260 280 282 300 302 322 324 111 113 321 323
TICK
M 27 29 31 49 51 69 71 73 91 93 111 113 237 239 241 259 261 279 281 283 301 303 321 323 28 30 48 50 52 70 72 90 92 94 112 114 238 240 258 260 262 280 282 300 302 304 322 324
DETECTOR(1.5, 6.5, 0) rec[-48]
DETECTOR(1.5, 8.5, 0) rec[-47]
DETECTOR(1.5, 10.5, 0) rec[-46]
DETECTOR(2.5, 7.5, 0) rec[-45]
DETECTOR(2.5, 9.5, 0) rec[-44]
DETECTOR(3.5, 6.5, 0) rec[-43]
DETECTOR(3.5, 8.5, 0) rec[-42]
DETECTOR(3.5, 10.5, 0) rec[-41]
DETECTOR(4.5, 7.5, 0) rec[-40]
DETECTOR(4.5, 9.5, 0) rec[-39]
DETECTOR(11.5, 6.5, 0) rec[-36]
DETECTOR(11.5, 8.5, 0) rec[-35]
DETECTOR(11.5, 10.5, 0) rec[-34]
DETECTOR(12.5, 7.5, 0) rec[-33]
DETECTOR(12.5, 9.5, 0) rec[-32]
DETECTOR(13.5, 6.5, 0) rec[-31]
DETECTOR(13.5, 8.5, 0) rec[-30]
DETECTOR(13.5, 10.5, 0) rec[-29]
DETECTOR(14.5, 7.5, 0) rec[-28]
DETECTOR(14.5, 9.5, 0) rec[-27]
DETECTOR(2.5, 10.5, 0) rec[-20]
DETECTOR(4.5, 10.5, 0) rec[-15]
DETECTOR(12.5, 10.5, 0) rec[-8]
DETECTOR(14.5, 10.5, 0) rec[-3]
TICK
R 27 29 31 49 51 69 71 73 91 93 111 113 237 239 241 259 261 279 281 283 301 303 321 323 28 30 48 50 52 70 72 90 92 94 112 114 238 240 258 260 262 280 282 300 302 304 322 324
TICK
H 28 30 48 50 70 72 90 92 112 114 238 240 258 260 280 282 300 302 322 324 111 113 321 323
TICK
CX 28 17 30 19 48 37 50 39 70 59 72 61 90 79 92 81 112 101 114 103 238 227 240 229 258 247 260 249 280 269 282 271 300 289 302 291 322 311 324 313 16 27 18 29 20 31 38 49 40 51 58 69 60 71 62 73 80 91 82 93 226 237 228 239 230 241 248 259 250 261 268 279 270 281 272 283 290 301 292 303
TICK
CX 28 18 30 20 48 38 50 40 70 60 72 62 90 80 92 82 112 102 114 104 238 228 240 230 258 248 260 250 280 270 282 272 300 290 302 292 322 312 324 314 37 27 39 29 41 31 59 49 61 51 79 69 81 71 83 73 101 91 103 93 247 237 249 239 251 241 269 259 271 261 289 279 291 281 293 283 311 301 313 303
TICK
CX 27 17 29 19 49 39 51 41 69 59 71 61 91 81 93 83 111 101 113 103 237 227 239 229 259 249 261 251 279 269 281 271 301 291 303 293 321 311 323 313 38 28 40 30 58 48 60 50 62 52 80 70 82 72 100 90 102 92 104 94 248 238 250 240 268 258 270 260 272 262 290 280 292 282 310 300 312 302 314 304
TICK
CX 27 16 29 18 49 38 51 40 69 58 71 60 91 80 93 82 111 100 113 102 237 226 239 228 259 248 261 250 279 268 281 270 301 290 303 292 321 310 323 312 17 28 19 30 37 48 39 50 41 52 59 70 61 72 79 90 81 92 83 94 227 238 229 240 247 258 249 260 251 262 269 280 271 282 289 300 291 302 293 304
TICK
H 27 29 49 51 69 71 91 93 111 113 237 239 259 261 279 281 301 303 321 323 112 114 322 324
TICK
M 27 29 31 49 51 69 71 73 91 93 111 113 237 239 241 259 261 279 281 283 301 303 321 323 28 30 48 50 52 70 72 90 92 94 112 114 238 240 258 260 262 280 282 300 302 304 322 324
DETECTOR(1.5, 6.5, 1) rec[-48]
DETECTOR(1.5, 8.5, 1) rec[-47]
DETECTOR(1.5, 10.5, 1) rec[-46] rec[-94]
DETECTOR(1.5, 7.5, 1) rec[-45] rec[-72]
DETECTOR(1.5, 9.5, 1) rec[-44] rec[-71]
DETECTOR(2.5, 6.5, 1) rec[-43] rec[-70]
DETECTOR(2.5, 8.5, 1) rec[-42] rec[-69]
DETECTOR(3.5, 10.5, 1) rec[-41] rec[-89]
DETECTOR(3.5, 7.5, 1) rec[-40] rec[-67]
DETECTOR(3.5, 9.5, 1) rec[-39] rec[-66]
DETECTOR(4.5, 6.5, 1) rec[-38] rec[-65] rec[-86]
DETECTOR(4.5, 8.5, 1) rec[-37] rec[-64] rec[-85]
DETECTOR(11.5, 6.5, 1) rec[-36]
DETECTOR(11.5, 8.5, 1) rec[-35]
DETECTOR(11.5, 10.5, 1) rec[-34] rec[-82]
DETECTOR(11.5, 7.5, 1) rec[-33] rec[-60]
DETECTOR(11.5, 9.5, 1) rec[-32] rec[-59]
DETECTOR(12.5, 6.5, 1) rec[-31] rec[-58]
DETECTOR(12.5, 8.5, 1) rec[-30] rec[-57]
DETECTOR(13.5, 10.5, 1) rec[-29] rec[-77]
DETECTOR(13.5, 7.5, 1) rec[-28] rec[-55]
DETECTOR(13.5, 9.5, 1) rec[-27] rec[-54]
DETECTOR(14.5, 6.5, 1) rec[-26] rec[-53] rec[-74]
DETECTOR(14.5, 8.5, 1) rec[-25] rec[-52] rec[-73]
DETECTOR(1.5, 7, 1) rec[-24] rec[-96]
DETECTOR(1.5, 9, 1) rec[-23] rec[-95]
DETECTOR(2.5, 6.5, 2) rec[-22]
DETECTOR(2.5, 7.5, 1) rec[-21] rec[-93]
DETECTOR(2.5, 10.5, 1) rec[-20] rec[-68] rec[-92]
DETECTOR(3.5, 6.5, 1) rec[-19] rec[-91]
DETECTOR(3.5, 8.5, 1) rec[-18] rec[-90]
DETECTOR(4.5, 6.5, 2) rec[-17]
DETECTOR(4.5, 7.5, 1) rec[-16] rec[-88]
DETECTOR(4.5, 10.5, 1) rec[-15] rec[-63] rec[-87]
DETECTOR(5.5, 7.5, 1) rec[-14] rec[-62]
DETECTOR(5.5, 9.5, 1) rec[-13] rec[-61]
DETECTOR(11.5, 7, 1) rec[-12] rec[-84]
DETECTOR(11.5, 9, 1) rec[-11] rec[-83]
DETECTOR(12.5, 6.5, 2) rec[-10]
DETECTOR(12.5, 7.5, 1) rec[-9] rec[-81]
DETECTOR(12.5, 10.5, 1) rec[-8] rec[-56] rec[-80]
DETECTOR(13.5, 6.5, 1) rec[-7] rec[-79]
DETECTOR(13.5, 8.5, 1) rec[-6] rec[-78]
DETECTOR(14.5, 6.5, 2) rec[-5]
DETECTOR(14.5, 7.5, 1) rec[-4] rec[-76]
DETECTOR(14.5, 10.5, 1) rec[-3] rec[-51] rec[-75]
DETECTOR(15.5, 7.5, 1) rec[-2] rec[-50]
DETECTOR(15.5, 9.5, 1) rec[-1] rec[-49]
TICK
R 27 29 31 49 51 69 71 73 91 93 111 113 237 239 241 259 261 279 281 283 301 303 321 323 28 30 48 50 52 70 72 90 92 94 112 114 238 240 258 260 262 280 282 300 302 304 322 324
TICK
H 27 29 49 51 69 71 91 93 111 113 237 239 259 261 279 281 301 303 321 323 112 114 322 324
TICK
CX 27 16 29 18 49 38 51 40 69 58 71 60 91 80 93 82 111 100 113 102 237 226 239 228 259 248 261 250 279 268 281 270 301 290 303 292 321 310 323 312 17 28 19 30 37 48 39 50 41 52 59 70 61 72 79 90 81 92 83 94 227 238 229 240 247 258 249 260 251 262 269 280 271 282 289 300 291 302 293 304
TICK
CX 27 17 29 19 49 39 51 41 69 59 71 61 91 81 93 83 111 101 113 103 237 227 239 229 259 249 261 251 279 269 281 271 301 291 303 293 321 311 323 313 38 28 40 30 58 48 60 50 62 52 80 70 82 72 100 90 102 92 104 94 248 238 250 240 268 258 270 260 272 262 290 280 292 282 310 300 312 302 314 304
TICK
CX 28 18 30 20 48 38 50 40 70 60 72 62 90 80 92 82 112 102 114 104 238 228 240 230 258 248 260 250 280 270 282 272 300 290 302 292 322 312 324 314 37 27 39 29 41 31 59 49 61 51 79 69 81 71 83 73 101 91 103 93 247 237 249 239 251 241 269 259 271 261 289 279 291 281 293 283 311 301 313 303
TICK
CX 28 17 30 19 48 37 50 39 70 59 72 61 90 79 92 81 112 101 114 103 238 227 240 229 258 247 260 249 280 269 282 271 300 289 302 291 322 311 324 313 16 27 18 29 20 31 38 49 40 51 58 69 60 71 62 73 80 91 82 93 226 237 228 239 230 241 248 259 250 261 268 279 270 281 272 283 290 301 292 303
TICK
H 28 30 48 50 70 72 90 92 112 114 238 240 258 260 280 282 300 302 322 324 111 113 321 323
TICK
M 27 29 31 49 51 69 71 73 91 93 111 113 237 239 241 259 261 279 281 283 301 303 321 323 28 30 48 50 52 70 72 90 92 94 112 114 238 240 258 260 262 280 282 300 302 304 322 324
DETECTOR(1.5, 6.5, 3) rec[-48]
DETECTOR(1.5, 7.5, 3) rec[-47] rec[-72]
DETECTOR(1.5, 9.5, 3) rec[-46] rec[-71] rec[-94]
DETECTOR(2.5, 6.5, 3) rec[-45] rec[-70]
DETECTOR(2.5, 8.5, 3) rec[-44] rec[-69]
DETECTOR(3.5, 6.5, 3) rec[-43]
DETECTOR(3.5, 7.5, 3) rec[-42] rec[-67]
DETECTOR(3.5, 9.5, 3) rec[-41] rec[-66] rec[-89]
DETECTOR(4.5, 6.5, 3) rec[-40] rec[-65]
DETECTOR(4.5, 8.5, 3) rec[-39] rec[-64]
DETECTOR(5.5, 6.5, 3) rec[-38] rec[-86]
DETECTOR(5.5, 8.5, 3) rec[-37] rec[-85]
DETECTOR(11.5, 6.5, 3) rec[-36]
DETECTOR(11.5, 7.5, 3) rec[-35] rec[-60]
DETECTOR(11.5, 9.5, 3) rec[-34] rec[-59] rec[-82]
DETECTOR(12.5, 6.5, 3) rec[-33] rec[-58]
DETECTOR(12.5, 8.5, 3) rec[-32] rec[-57]
DETECTOR(13.5, 6.5, 3) rec[-31]
DETECTOR(13.5, 7.5, 3) rec[-30] rec[-55]
DETECTOR(13.5, 9.5, 3) rec[-29] rec[-54] rec[-77]
DETECTOR(14.5, 6.5, 3) rec[-28] rec[-53]
DETECTOR(14.5, 8.5, 3) rec[-27] rec[-52]
DETECTOR(15.5, 6.5, 3) rec[-26] rec[-74]
DETECTOR(15.5, 8.5, 3) rec[-25] rec[-73]
DETECTOR(1.5, 7.5, 4) rec[-24]
DETECTOR(1.5, 9.5, 4) rec[-23]
DETECTOR(2, 6.5, 3) rec[-22] rec[-96]
DETECTOR(1.5, 8.5, 3) rec[-21] rec[-95]
DETECTOR(2.5, 10.5, 3) rec[-20] rec[-68]
DETECTOR(2.5, 7.5, 3) rec[-19] rec[-93]
DETECTOR(2.5, 9.5, 3) rec[-18] rec[-92]
DETECTOR(4, 6.5, 3) rec[-17] rec[-91]
DETECTOR(3.5, 8.5, 3) rec[-16] rec[-90]
DETECTOR(4.5, 10.5, 3) rec[-15] rec[-63]
DETECTOR(5.5, 7.5, 3) rec[-14] rec[-62] rec[-88]
DETECTOR(5.5, 9.5, 3) rec[-13] rec[-61] rec[-87]
DETECTOR(11.5, 7.5, 4) rec[-12]
DETECTOR(11.5, 9.5, 4) rec[-11]
DETECTOR(12, 6.5, 3) rec[-10] rec[-84]
DETECTOR(11.5, 8.5, 3) rec[-9] rec[-83]
DETECTOR(12.5, 10.5, 3) rec[-8] rec[-56]
DETECTOR(12.5, 7.5, 3) rec[-7] rec[-81]
DETECTOR(12.5, 9.5, 3) rec[-6] rec[-80]
DETECTOR(14, 6.5, 3) rec[-5] rec[-79]
DETECTOR(13.5, 8.5, 3) rec[-4] rec[-78]
DETECTOR(14.5, 10.5, 3) rec[-3] rec[-51]
DETECTOR(15.5, 7.5, 3) rec[-2] rec[-50] rec[-76]
DETECTOR(15.5, 9.5, 3) rec[-1] rec[-49] rec[-75]
TICK
R 27 29 31 49 51 69 71 73 91 93 111 113 237 239 241 259 261 279 281 283 301 303 321 323 28 30 48 50 52 70 72 90 92 94 112 114 238 240 258 260 262 280 282 300 302 304 322 324
TICK
H 28 30 48 50 70 72 90 92 112 114 238 240 258 260 280 282 300 302 322 324 111 113 321 323
TICK
CX 28 17 30 19 48 37 50 39 70 59 72 61 90 79 92 81 112 101 114 103 238 227 240 229 258 247 260 249 280 269 282 271 300 289 302 291 322 311 324 313 16 27 18 29 20 31 38 49 40 51 58 69 60 71 62 73 80 91 82 93 226 237 228 239 230 241 248 259 250 261 268 279 270 281 272 283 290 301 292 303
TICK
CX 28 18 30 20 48 38 50 40 70 60 72 62 90 80 92 82 112 102 114 104 238 228 240 230 258 248 260 250 280 270 282 272 300 290 302 292 322 312 324 314 37 27 39 29 41 31 59 49 61 51 79 69 81 71 83 73 101 91 103 93 247 237 249 239 251 241 269 259 271 261 289 279 291 281 293 283 311 301 313 303
TICK
CX 27 17 29 19 49 39 51 41 69 59 71 61 91 81 93 83 111 101 113 103 237 227 239 229 259 249 261 251 279 269 281 271 301 291 303 293 321 311 323 313 38 28 40 30 58 48 60 50 62 52 80 70 82 72 100 90 102 92 104 94 248 238 250 240 268 258 270 260 272 262 290 280 292 282 310 300 312 302 314 304
TICK
CX 27 16 29 18 49 38 51 40 69 58 71 60 91 80 93 82 111 100 113 102 237 226 239 228 259 248 261 250 279 268 281 270 301 290 303 292 321 310 323 312 17 28 19 30 37 48 39 50 41 52 59 70 61 72 79 90 81 92 83 94 227 238 229 240 247 258 249 260 251 262 269 280 271 282 289 300 291 302 293 304
TICK
H 27 29 49 51 69 71 91 93 111 113 237 239 259 261 279 281 301 303 321 323 112 114 322 324
TICK
M 27 29 31 49 51 69 71 73 91 93 111 113 237 239 241 259 261 279 281 283 301 303 321 323 28 30 48 50 52 70 72 90 92 94 112 114 238 240 258 260 262 280 282 300 302 304 322 324
DETECTOR(1.5, 6.5, 5) rec[-48]
DETECTOR(1.5, 8.5, 5) rec[-47]
DETECTOR(1.5, 10.5, 5) rec[-46] rec[-94]
DETECTOR(1.5, 7.5, 5) rec[-45] rec[-72]
DETECTOR(1.5, 9.5, 5) rec[-44] rec[-71]
DETECTOR(2.5, 6.5, 5) rec[-43] rec[-70]
DETECTOR(2.5, 8.5, 5) rec[-42] rec[-69]
DETECTOR(3.5, 10.5, 5) rec[-41] rec[-89]
DETECTOR(3.5, 7.5, 5) rec[-40] rec[-67]
DETECTOR(3.5, 9.5, 5) rec[-39] rec[-66]
DETECTOR(4.5, 6.5, 5) rec[-38] rec[-65] rec[-86]
DETECTOR(4.5, 8.5, 5) rec[-37] rec[-64] rec[-85]
DETECTOR(11.5, 6.5, 5) rec[-36]
DETECTOR(11.5, 8.5, 5) rec[-35]
DETECTOR(11.5, 10.5, 5) rec[-34] rec[-82]
DETECTOR(11.5, 7.5, 5) rec[-33] rec[-60]
DETECTOR(11.5, 9.5, 5) rec[-32] rec[-59]
DETECTOR(12.5, 6.5, 5) rec[-31] rec[-58]
DETECTOR(12.5, 8.5, 5) rec[-30] rec[-57]
DETECTOR(13.5, 10.5, 5) rec[-29] rec[-77]
DETECTOR(13.5, 7.5, 5) rec[-28] rec[-55]
DETECTOR(13.5, 9.5, 5) rec[-27] rec[-54]
DETECTOR(14.5, 6.5, 5) rec[-26] rec[-53] rec[-74]
DETECTOR(14.5, 8.5, 5) rec[-25] rec[-52] rec[-73]
DETECTOR(1.5, 7, 5) rec[-24] rec[-96]
DETECTOR(1.5, 9, 5) rec[-23] rec[-95]
DETECTOR(2.5, 6.5, 6) rec[-22]
DETECTOR(2.5, 7.5, 5) rec[-21] rec[-93]
DETECTOR(2.5, 10.5, 5) rec[-20] rec[-68] rec[-92]
DETECTOR(3.5, 6.5, 5) rec[-19] rec[-91]
DETECTOR(3.5, 8.5, 5) rec[-18] rec[-90]
DETECTOR(4.5, 6.5, 6) rec[-17]
DETECTOR(4.5, 7.5, 5) rec[-16] rec[-88]
DETECTOR(4.5, 10.5, 5) rec[-15] rec[-63] rec[-87]
DETECTOR(5.5, 7.5, 5) rec[-14] rec[-62]
DETECTOR(5.5, 9.5, 5) rec[-13] rec[-61]
DETECTOR(11.5, 7, 5) rec[-12] rec[-84]
DETECTOR(11.5, 9, 5) rec[-11] rec[-83]
DETECTOR(12.5, 6.5, 6) rec[-10]
DETECTOR(12.5, 7.5, 5) rec[-9] rec[-81]
DETECTOR(12.5, 10.5, 5) rec[-8] rec[-56] rec[-80]
DETECTOR(13.5, 6.5, 5) rec[-7] rec[-79]
DETECTOR(13.5, 8.5, 5) rec[-6] rec[-78]
DETECTOR(14.5, 6.5, 6) rec[-5]
DETECTOR(14.5, 7.5, 5) rec[-4] rec[-76]
DETECTOR(14.5, 10.5, 5) rec[-3] rec[-51] rec[-75]
DETECTOR(15.5, 7.5, 5) rec[-2] rec[-50]
DETECTOR(15.5, 9.5, 5) rec[-1] rec[-49]
TICK
R 27 29 31 49 51 69 71 73 91 93 111 113 237 239 241 259 261 279 281 283 301 303 321 323 28 30 48 50 52 70 72 90 92 94 112 114 238 240 258 260 262 280 282 300 302 304 322 324 11 12 13 14 15 32 33 34 35 36 53 54 55 56 57 74 75 76 77 78 95 96 97 98 99 116 117 118 119 120 137 138 139 140 141 158 159 160 161 162 179 180 181 182 183 200 201 202 203 204 221 222 223 224 225 242 243 244 245 246 263 264 265 266 267 284 285 286 287 288 305 306 307 308 309 21 23 25 43 45 47 63 65 67 85 87 89 105 107 109 127 129 131 147 149 151 169 171 173 189 191 193 211 213 215 231 233 235 253 255 257 273 275 277 295 297 299 315 317 319 22 24 26 42 44 46 64 66 68 84 86 88 106 108 110 126 128 130 148 150 152 168 170 172 190 192 194 210 212 214 232 234 236 252 254 256 274 276 278 294 296 298 316 318 320
TICK
H 27 29 49 51 69 71 91 93 111 113 237 239 259 261 279 281 301 303 321 323 21 23 25 43 45 47 63 65 67 85 87 89 105 107 109 127 129 131 147 149 151 169 171 173 189 191 193 211 213 215 231 233 235 253 255 257 273 275 277 295 297 299 315 317 319 112 114 322 324 42 84 126 168 210 252 294 316 318 320
TICK
CX 27 16 29 18 49 38 51 40 69 58 71 60 91 80 93 82 111 100 113 102 237 226 239 228 259 248 261 250 279 268 281 270 301 290 303 292 321 310 323 312 23 12 25 14 43 32 45 34 47 36 65 54 67 56 85 74 87 76 89 78 107 96 109 98 127 116 129 118 131 120 149 138 151 140 169 158 171 160 173 162 191 180 193 182 211 200 213 202 215 204 233 222 235 224 253 242 255 244 257 246 275 264 277 266 295 284 297 286 299 288 317 306 319 308 17 28 19 30 37 48 39 50 41 52 59 70 61 72 79 90 81 92 83 94 227 238 229 240 247 258 249 260 251 262 269 280 271 282 289 300 291 302 293 304 11 22 13 24 15 26 33 44 35 46 53 64 55 66 57 68 75 86 77 88 95 106 97 108 99 110 117 128 119 130 137 148 139 150 141 152 159 170 161 172 179 190 181 192 183 194 201 212 203 214 221 232 223 234 225 236 243 254 245 256 263 274 265 276 267 278 285 296 287 298
TICK
CX 27 17 29 19 49 39 51 41 69 59 71 61 91 81 93 83 111 101 113 103 237 227 239 229 259 249 261 251 279 269 281 271 301 291 303 293 321 311 323 313 21 11 23 13 25 15 43 33 45 35 47 37 63 53 65 55 67 57 85 75 87 77 89 79 105 95 107 97 109 99 127 117 129 119 147 137 149 139 151 141 169 159 171 161 189 179 191 181 193 183 211 201 213 203 231 221 233 223 235 225 253 243 255 245 257 247 273 263 275 265 277 267 295 285 297 287 299 289 315 305 317 307 319 309 38 28 40 30 58 48 60 50 62 52 80 70 82 72 100 90 102 92 104 94 248 238 250 240 268 258 270 260 272 262 290 280 292 282 310 300 312 302 314 304 32 22 34 24 36 26 54 44 56 46 74 64 76 66 78 68 96 86 98 88 116 106 118 108 120 110 138 128 140 130 158 148 160 150 162 152 180 170 182 172 200 190 202 192 204 194 222 212 224 214 242 232 244 234 246 236 264 254 266 256 284 274 286 276 288 278 306 296 308 298
TICK
CX 28 18 30 20 48 38 50 40 70 60 72 62 90 80 92 82 112 102 114 104 238 228 240 230 258 248 260 250 280 270 282 272 300 290 302 292 322 312 324 314 22 12 24 14 26 16 42 32 44 34 46 36 64 54 66 56 68 58 84 74 86 76 88 78 106 96 108 98 110 100 126 116 128 118 130 120 148 138 150 140 168 158 170 160 172 162 190 180 192 182 210 200 212 202 214 204 232 222 234 224 236 226 252 242 254 244 256 246 274 264 276 266 278 268 294 284 296 286 298 288 316 306 318 308 320 310 37 27 39 29 41 31 59 49 61 51 79 69 81 71 83 73 101 91 103 93 247 237 249 239 251 241 269 259 271 261 289 279 291 281 293 283 311 301 313 303 33 23 35 25 53 43 55 45 57 47 75 65 77 67 95 85 97 87 99 89 117 107 119 109 137 127 139 129 141 131 159 149 161 151 179 169 181 171 183 173 201 191 203 193 221 211 223 213 225 215 243 233 245 235 263 253 265 255 267 257 285 275 287 277 305 295 307 297 309 299
TICK
CX 28 17 30 19 48 37 50 39 70 59 72 61 90 79 92 81 112 101 114 103 238 227 240 229 258 247 260 249 280 269 282 271 300 289 302 291 322 311 324 313 22 11 24 13 26 15 44 33 46 35 64 53 66 55 68 57 86 75 88 77 106 95 108 97 110 99 128 117 130 119 148 137 150 139 152 141 170 159 172 161 190 179 192 181 194 183 212 201 214 203 232 221 234 223 236 225 254 243 256 245 274 263 276 265 278 267 296 285 298 287 316 305 318 307 320 309 16 27 18 29 20 31 38 49 40 51 58 69 60 71 62 73 80 91 82 93 226 237 228 239 230 241 248 259 250 261 268 279 270 281 272 283 290 301 292 303 12 23 14 25 32 43 34 45 36 47 54 65 56 67 74 85 76 87 78 89 96 107 98 109 116 127 118 129 120 131 138 149 140 151 158 169 160 171 162 173 180 191 182 193 200 211 202 213 204 215 222 233 224 235 242 253 244 255 246 257 264 275 266 277 284 295 286 297 288 299
TICK
H 28 30 48 50 70 72 90 92 112 114 238 240 258 260 280 282 300 302 322 324 22 24 26 42 44 46 64 66 68 84 86 88 106 108 110 126 128 130 148 150 152 168 170 172 190 192 194 210 212 214 232 234 236 252 254 256 274 276 278 294 296 298 316 318 320 111 113 321 323 21 63 105 147 189 231 273 315 317 319
TICK
M 27 29 31 49 51 69 71 73 91 93 111 113 237 239 241 259 261 279 281 283 301 303 321 323 21 23 25 43 45 47 63 65 67 85 87 89 105 107 109 127 129 131 147 149 151 169 171 173 189 191 193 211 213 215 231 233 235 253 255 257 273 275 277 295 297 299 315 317 319 28 30 48 50 52 70 72 90 92 94 112 114 238 240 258 260 262 280 282 300 302 304 322 324 22 24 26 42 44 46 64 66 68 84 86 88 106 108 110 126 128 130 148 150 152 168 170 172 190 192 194 210 212 214 232 234 236 252 254 256 274 276 278 294 296 298 316 318 320
DETECTOR(1.5, 6.5, 7) rec[-138]
DETECTOR(1.5, 7.5, 7) rec[-137] rec[-162]
DETECTOR(1.5, 9.5, 7) rec[-136] rec[-161] rec[-184]
DETECTOR(2.5, 6.5, 7) rec[-135] rec[-160]
DETECTOR(2.5, 8.5, 7) rec[-134] rec[-159]
DETECTOR(3.5, 6.5, 7) rec[-133]
DETECTOR(3.5, 7.5, 7) rec[-132] rec[-157]
DETECTOR(3.5, 9.5, 7) rec[-131] rec[-156] rec[-179]
DETECTOR(4.5, 6.5, 7) rec[-130] rec[-155]
DETECTOR(4.5, 8.5, 7) rec[-129] rec[-154]
DETECTOR(5.5, 6.5, 7) rec[-128] rec[-176]
DETECTOR(5.5, 8.5, 7) rec[-127] rec[-175]
DETECTOR(11.5, 6.5, 7) rec[-126]
DETECTOR(11.5, 7.5, 7) rec[-125] rec[-150]
DETECTOR(11.5, 9.5, 7) rec[-124] rec[-149] rec[-172]
DETECTOR(12.5, 6.5, 7) rec[-123] rec[-148]
DETECTOR(12.5, 8.5, 7) rec[-122] rec[-147]
DETECTOR(13.5, 6.5, 7) rec[-121]
DETECTOR(13.5, 7.5, 7) rec[-120] rec[-145]
DETECTOR(13.5, 9.5, 7) rec[-119] rec[-144] rec[-167]
DETECTOR(14.5, 6.5, 7) rec[-118] rec[-143]
DETECTOR(14.5, 8.5, 7) rec[-117] rec[-142]
DETECTOR(15.5, 6.5, 7) rec[-116] rec[-164]
DETECTOR(15.5, 8.5, 7) rec[-115] rec[-163]
DETECTOR(1.5, 2.5, 7) rec[-113]
DETECTOR(1.5, 4.5, 7) rec[-112]
DETECTOR(2.5, 3.5, 7) rec[-110]
DETECTOR(2.5, 5.5, 7) rec[-109]
DETECTOR(3.5, 2.5, 7) rec[-107]
DETECTOR(3.5, 4.5, 7) rec[-106]
DETECTOR(4.5, 3.5, 7) rec[-104]
DETECTOR(4.5, 5.5, 7) rec[-103]
DETECTOR(5.5, 2.5, 7) rec[-101]
DETECTOR(5.5, 4.5, 7) rec[-100]
DETECTOR(6.5, 3.5, 7) rec[-98]
DETECTOR(6.5, 5.5, 7) rec[-97]
DETECTOR(7.5, 2.5, 7) rec[-95]
DETECTOR(7.5, 4.5, 7) rec[-94]
DETECTOR(8.5, 3.5, 7) rec[-92]
DETECTOR(8.5, 5.5, 7) rec[-91]
DETECTOR(9.5, 2.5, 7) rec[-89]
DETECTOR(9.5, 4.5, 7) rec[-88]
DETECTOR(10.5, 3.5, 7) rec[-86]
DETECTOR(10.5, 5.5, 7) rec[-85]
DETECTOR(11.5, 2.5, 7) rec[-83]
DETECTOR(11.5, 4.5, 7) rec[-82]
DETECTOR(12.5, 3.5, 7) rec[-80]
DETECTOR(12.5, 5.5, 7) rec[-79]
DETECTOR(13.5, 2.5, 7) rec[-77]
DETECTOR(13.5, 4.5, 7) rec[-76]
DETECTOR(14.5, 3.5, 7) rec[-74]
DETECTOR(14.5, 5.5, 7) rec[-73]
DETECTOR(1.5, 7.5, 8) rec[-69]
DETECTOR(1.5, 9.5, 8) rec[-68]
DETECTOR(2, 6.5, 7) rec[-67] rec[-186]
DETECTOR(1.5, 8.5, 7) rec[-66] rec[-185]
DETECTOR(2.5, 10.5, 7) rec[-65] rec[-158]
DETECTOR(2.5, 7.5, 7) rec[-64] rec[-183]
DETECTOR(2.5, 9.5, 7) rec[-63] rec[-182]
DETECTOR(4, 6.5, 7) rec[-62] rec[-181]
DETECTOR(3.5, 8.5, 7) rec[-61] rec[-180]
DETECTOR(4.5, 10.5, 7) rec[-60] rec[-153]
DETECTOR(5.5, 7.5, 7) rec[-59] rec[-152] rec[-178]
DETECTOR(5.5, 9.5, 7) rec[-58] rec[-151] rec[-177]
DETECTOR(11.5, 7.5, 8) rec[-57]
DETECTOR(11.5, 9.5, 8) rec[-56]
DETECTOR(12, 6.5, 7) rec[-55] rec[-174]
DETECTOR(11.5, 8.5, 7) rec[-54] rec[-173]
DETECTOR(12.5, 10.5, 7) rec[-53] rec[-146]
DETECTOR(12.5, 7.5, 7) rec[-52] rec[-171]
DETECTOR(12.5, 9.5, 7) rec[-51] rec[-170]
DETECTOR(14, 6.5, 7) rec[-50] rec[-169]
DETECTOR(13.5, 8.5, 7) rec[-49] rec[-168]
DETECTOR(14.5, 10.5, 7) rec[-48] rec[-141]
DETECTOR(15.5, 7.5, 7) rec[-47] rec[-140] rec[-166]
DETECTOR(15.5, 9.5, 7) rec[-46] rec[-139] rec[-165]
TICK
R 27 29 31 49 51 69 71 73 91 93 111 113 237 239 241 259 261 279 281 283 301 303 321 323 21 23 25 43 45 47 63 65 67 85 87 89 105 107 109 127 129 131 147 149 151 169 171 173 189 191 193 211 213 215 231 233 235 253 255 257 273 275 277 295 297 299 315 317 319 28 30 48 50 52 70 72 90 92 94 112 114 238 240 258 260 262 280 282 300 302 304 322 324 22 24 26 42 44 46 64 66 68 84 86 88 106 108 110 126 128 130 148 150 152 168 170 172 190 192 194 210 212 214 232 234 236 252 254 256 274 276 278 294 296 298 316 318 320
TICK
H 28 30 48 50 70 72 90 92 112 114 238 240 258 260 280 282 300 302 322 324 22 24 26 42 44 46 64 66 68 84 86 88 106 108 110 126 128 130 148 150 152 168 170 172 190 192 194 210 212 214 232 234 236 252 254 256 274 276 278 294 296 298 316 318 320 111 113 321 323 21 63 105 147 189 231 273 315 317 319
TICK
CX 28 17 30 19 48 37 50 39 70 59 72 61 90 79 92 81 112 101 114 103 238 227 240 229 258 247 260 249 280 269 282 271 300 289 302 291 322 311 324 313 22 11 24 13 26 15 44 33 46 35 64 53 66 55 68 57 86 75 88 77 106 95 108 97 110 99 128 117 130 119 148 137 150 139 152 141 170 159 172 161 190 179 192 181 194 183 212 201 214 203 232 221 234 223 236 225 254 243 256 245 274 263 276 265 278 267 296 285 298 287 316 305 318 307 320 309 16 27 18 29 20 31 38 49 40 51 58 69 60 71 62 73 80 91 82 93 226 237 228 239 230 241 248 259 250 261 268 279 270 281 272 283 290 301 292 303 12 23 14 25 32 43 34 45 36 47 54 65 56 67 74 85 76 87 78 89 96 107 98 109 116 127 118 129 120 131 138 149 140 151 158 169 160 171 162 173 180 191 182 193 200 211 202 213 204 215 222 233 224 235 242 253 244 255 246 257 264 275 266 277 284 295 286 297 288 299
TICK
CX 28 18 30 20 48 38 50 40 70 60 72 62 90 80 92 82 112 102 114 104 238 228 240 230 258 248 260 250 280 270 282 272 300 290 302 292 322 312 324 314 22 12 24 14 26 16 42 32 44 34 46 36 64 54 66 56 68 58 84 74 86 76 88 78 106 96 108 98 110 100 126 116 128 118 130 120 148 138 150 140 168 158 170 160 172 162 190 180 192 182 210 200 212 202 214 204 232 222 234 224 236 226 252 242 254 244 256 246 274 264 276 266 278 268 294 284 296 286 298 288 316 306 318 308 320 310 37 27 39 29 41 31 59 49 61 51 79 69 81 71 83 73 101 91 103 93 247 237 249 239 251 241 269 259 271 261 289 279 291 281 293 283 311 301 313 303 33 23 35 25 53 43 55 45 57 47 75 65 77 67 95 85 97 87 99 89 117 107 119 109 137 127 139 129 141 131 159 149 161 151 179 169 181 171 183 173 201 191 203 193 221 211 223 213 225 215 243 233 245 235 263 253 265 255 267 257 285 275 287 277 305 295 307 297 309 299
TICK
CX 27 17 29 19 49 39 51 41 69 59 71 61 91 81 93 83 111 101 113 103 237 227 239 229 259 249 261 251 279 269 281 271 301 291 303 293 321 311 323 313 21 11 23 13 25 15 43 33 45 35 47 37 63 53 65 55 67 57 85 75 87 77 89 79 105 95 107 97 109 99 127 117 129 119 147 137 149 139 151 141 169 159 171 161 189 179 191 181 193 183 211 201 213 203 231 221 233 223 235 225 253 243 255 245 257 247 273 263 275 265 277 267 295 285 297 287 299 289 315 305 317 307 319 309 38 28 40 30 58 48 60 50 62 52 80 70 82 72 100 90 102 92 104 94 248 238 250 240 268 258 270 260 272 262 290 280 292 282 310 300 312 302 314 304 32 22 34 24 36 26 54 44 56 46 74 64 76 66 78 68 96 86 98 88 116 106 118 108 120 110 138 128 140 130 158 148 160 150 162 152 180 170 182 172 200 190 202 192 204 194 222 212 224 214 242 232 244 234 246 236 264 254 266 256 284 274 286 276 288 278 306 296 308 298
TICK
CX 27 16 29 18 49 38 51 40 69 58 71 60 91 80 93 82 111 100 113 102 237 226 239 228 259 248 261 250 279 268 281 270 301 290 303 292 321 310 323 312 23 12 25 14 43 32 45 34 47 36 65 54 67 56 85 74 87 76 89 78 107 96 109 98 127 116 129 118 131 120 149 138 151 140 169 158 171 160 173 162 191 180 193 182 211 200 213 202 215 204 233 222 235 224 253 242 255 244 257 246 275 264 277 266 295 284 297 286 299 288 317 306 319 308 17 28 19 30 37 48 39 50 41 52 59 70 61 72 79 90 81 92 83 94 227 238 229 240 247 258 249 260 251 262 269 280 271 282 289 300 291 302 293 304 11 22 13 24 15 26 33 44 35 46 53 64 55 66 57 68 75 86 77 88 95 106 97 108 99 110 117 128 119 130 137 148 139 150 141 152 159 170 161 172 179 190 181 192 183 194 201 212 203 214 221 232 223 234 225 236 243 254 245 256 263 274 265 276 267 278 285 296 287 298
TICK
H 27 29 49 51 69 71 91 93 111 113 237 239 259 261 279 281 301 303 321 323 21 23 25 43 45 47 63 65 67 85 87 89 105 107 109 127 129 131 147 149 151 169 171 173 189 191 193 211 213 215 231 233 235 253 255 257 273 275 277 295 297 299 315 317 319 112 114 322 324 42 84 126 168 210 252 294 316 318 320
TICK
M 27 29 31 49 51 69 71 73 91 93 111 113 237 239 241 259 261 279 281 283 301 303 321 323 21 23 25 43 45 47 63 65 67 85 87 89 105 107 109 127 129 131 147 149 151 169 171 173 189 191 193 211 213 215 231 233 235 253 255 257 273 275 277 295 297 299 315 317 319 28 30 48 50 52 70 72 90 92 94 112 114 238 240 258 260 262 280 282 300 302 304 322 324 22 24 26 42 44 46 64 66 68 84 86 88 106 108 110 126 128 130 148 150 152 168 170 172 190 192 194 210 212 214 232 234 236 252 254 256 274 276 278 294 296 298 316 318 320
DETECTOR(1.5, 6.5, 9) rec[-138]
DETECTOR(1.5, 8.5, 9) rec[-137]
DETECTOR(1.5, 10.5, 9) rec[-136] rec[-274]
DETECTOR(1.5, 7.5, 9) rec[-135] rec[-207]
DETECTOR(1.5, 9.5, 9) rec[-134] rec[-206]
DETECTOR(2.5, 6.5, 9) rec[-133] rec[-205]
DETECTOR(2.5, 8.5, 9) rec[-132] rec[-204]
DETECTOR(3.5, 10.5, 9) rec[-131] rec[-269]
DETECTOR(3.5, 7.5, 9) rec[-130] rec[-202]
DETECTOR(3.5, 9.5, 9) rec[-129] rec[-201]
DETECTOR(4.5, 6.5, 9) rec[-128] rec[-200] rec[-266]
DETECTOR(4.5, 8.5, 9) rec[-127] rec[-199] rec[-265]
DETECTOR(11.5, 6.5, 9) rec[-126]
DETECTOR(11.5, 8.5, 9) rec[-125]
DETECTOR(11.5, 10.5, 9) rec[-124] rec[-262]
DETECTOR(11.5, 7.5, 9) rec[-123] rec[-195]
DETECTOR(11.5, 9.5, 9) rec[-122] rec[-194]
DETECTOR(12.5, 6.5, 9) rec[-121] rec[-193]
DETECTOR(12.5, 8.5, 9) rec[-120] rec[-192]
DETECTOR(13.5, 10.5, 9) rec[-119] rec[-257]
DETECTOR(13.5, 7.5, 9) rec[-118] rec[-190]
DETECTOR(13.5, 9.5, 9) rec[-117] rec[-189]
DETECTOR(14.5, 6.5, 9) rec[-116] rec[-188] rec[-254]
DETECTOR(14.5, 8.5, 9) rec[-115] rec[-187] rec[-253]
DETECTOR(1.5, 0.5, 9) rec[-114] rec[-252]
DETECTOR(1.5, 2.5, 9) rec[-113]
DETECTOR(1.5, 4.5, 9) rec[-112]
DETECTOR(1.5, 1.5, 9) rec[-111] rec[-183]
DETECTOR(1.5, 3.5, 9) rec[-110] rec[-182]
DETECTOR(1.5, 5.5, 9) rec[-109] rec[-181]
DETECTOR(2.5, 2.5, 9) rec[-107] rec[-179]
DETECTOR(2.5, 4.5, 9) rec[-106] rec[-178]
DETECTOR(3.5, 1.5, 9) rec[-105] rec[-177]
DETECTOR(3.5, 3.5, 9) rec[-104] rec[-176]
DETECTOR(3.5, 5.5, 9) rec[-103] rec[-175]
DETECTOR(4.5, 2.5, 9) rec[-101] rec[-173]
DETECTOR(4.5, 4.5, 9) rec[-100] rec[-172]
DETECTOR(5.5, 1.5, 9) rec[-99] rec[-171]
DETECTOR(5.5, 3.5, 9) rec[-98] rec[-170]
DETECTOR(5.5, 5.5, 9) rec[-97] rec[-169]
DETECTOR(6.5, 2.5, 9) rec[-95] rec[-167]
DETECTOR(6.5, 4.5, 9) rec[-94] rec[-166]
DETECTOR(7.5, 1.5, 9) rec[-93] rec[-165]
DETECTOR(7.5, 3.5, 9) rec[-92] rec[-164]
DETECTOR(7.5, 5.5, 9) rec[-91] rec[-163]
DETECTOR(8.5, 2.5, 9) rec[-89] rec[-161]
DETECTOR(8.5, 4.5, 9) rec[-88] rec[-160]
DETECTOR(9.5, 1.5, 9) rec[-87] rec[-159]
DETECTOR(9.5, 3.5, 9) rec[-86] rec[-158]
DETECTOR(9.5, 5.5, 9) rec[-85] rec[-157]
DETECTOR(10.5, 2.5, 9) rec[-83] rec[-155]
DETECTOR(10.5, 4.5, 9) rec[-82] rec[-154]
DETECTOR(11.5, 1.5, 9) rec[-81] rec[-153]
DETECTOR(11.5, 3.5, 9) rec[-80] rec[-152]
DETECTOR(11.5, 5.5, 9) rec[-79] rec[-151]
DETECTOR(12.5, 2.5, 9) rec[-77] rec[-149]
DETECTOR(12.5, 4.5, 9) rec[-76] rec[-148]
DETECTOR(13.5, 1.5, 9) rec[-75] rec[-147]
DETECTOR(13.5, 3.5, 9) rec[-74] rec[-146]
DETECTOR(13.5, 5.5, 9) rec[-73] rec[-145]
DETECTOR(14.5, 2.5, 9) rec[-71] rec[-143] rec[-209]
DETECTOR(14.5, 4.5, 9) rec[-70] rec[-142] rec[-208]
DETECTOR(1.5, 7, 9) rec[-69] rec[-276]
DETECTOR(1.5, 9, 9) rec[-68] rec[-275]
DETECTOR(2.5, 5.5, 9) rec[-67] rec[-247]
DETECTOR(2.5, 7.5, 9) rec[-66] rec[-273]
DETECTOR(2.5, 10.5, 9) rec[-65] rec[-203] rec[-272]
DETECTOR(3.5, 6.5, 9) rec[-64] rec[-271]
DETECTOR(3.5, 8.5, 9) rec[-63] rec[-270]
DETECTOR(4.5, 5.5, 9) rec[-62] rec[-241]
DETECTOR(4.5, 7.5, 9) rec[-61] rec[-268]
DETECTOR(4.5, 10.5, 9) rec[-60] rec[-198] rec[-267]
DETECTOR(5.5, 7.5, 9) rec[-59] rec[-197]
DETECTOR(5.5, 9.5, 9) rec[-58] rec[-196]
DETECTOR(11.5, 7, 9) rec[-57] rec[-264]
DETECTOR(11.5, 9, 9) rec[-56] rec[-263]
DETECTOR(12.5, 5.5, 9) rec[-55] rec[-217]
DETECTOR(12.5, 7.5, 9) rec[-54] rec[-261]
DETECTOR(12.5, 10.5, 9) rec[-53] rec[-191] rec[-260]
DETECTOR(13.5, 6.5, 9) rec[-52] rec[-259]
DETECTOR(13.5, 8.5, 9) rec[-51] rec[-258]
DETECTOR(14.5, 5.5, 9) rec[-50] rec[-211]
DETECTOR(14.5, 7.5, 9) rec[-49] rec[-256]
DETECTOR(14.5, 10.5, 9) rec[-48] rec[-186] rec[-255]
DETECTOR(15.5, 7.5, 9) rec[-47] rec[-185]
DETECTOR(15.5, 9.5, 9) rec[-46] rec[-184]
DETECTOR(1.5, 3, 9) rec[-44] rec[-251]
DETECTOR(1.5, 5, 9) rec[-43] rec[-250]
DETECTOR(2.5, 0.5, 9) rec[-42] rec[-108] rec[-180] rec[-246]
DETECTOR(2.5, 1.5, 9) rec[-41] rec[-249]
DETECTOR(2.5, 3.5, 9) rec[-40] rec[-248]
DETECTOR(3.5, 2.5, 9) rec[-38] rec[-245]
DETECTOR(3.5, 4.5, 9) rec[-37] rec[-244]
DETECTOR(4.5, 0.5, 9) rec[-36] rec[-102] rec[-174] rec[-240]
DETECTOR(4.5, 1.5, 9) rec[-35] rec[-243]
DETECTOR(4.5, 3.5, 9) rec[-34] rec[-242]
DETECTOR(5.5, 2.5, 9) rec[-32] rec[-239]
DETECTOR(5.5, 4.5, 9) rec[-31] rec[-238]
DETECTOR(6.5, 0.5, 9) rec[-30] rec[-96] rec[-168] rec[-234]
DETECTOR(6.5, 1.5, 9) rec[-29] rec[-237]
DETECTOR(6.5, 3.5, 9) rec[-28] rec[-236]
DETECTOR(7.5, 2.5, 9) rec[-26] rec[-233]
DETECTOR(7.5, 4.5, 9) rec[-25] rec[-232]
DETECTOR(8.5, 0.5, 9) rec[-24] rec[-90] rec[-162] rec[-228]
DETECTOR(8.5, 1.5, 9) rec[-23] rec[-231]
DETECTOR(8.5, 3.5, 9) rec[-22] rec[-230]
DETECTOR(9.5, 2.5, 9) rec[-20] rec[-227]
DETECTOR(9.5, 4.5, 9) rec[-19] rec[-226]
DETECTOR(10.5, 0.5, 9) rec[-18] rec[-84] rec[-156] rec[-222]
DETECTOR(10.5, 1.5, 9) rec[-17] rec[-225]
DETECTOR(10.5, 3.5, 9) rec[-16] rec[-224]
DETECTOR(11.5, 2.5, 9) rec[-14] rec[-221]
DETECTOR(11.5, 4.5, 9) rec[-13] rec[-220]
DETECTOR(12.5, 0.5, 9) rec[-12] rec[-78] rec[-150] rec[-216]
DETECTOR(12.5, 1.5, 9) rec[-11] rec[-219]
DETECTOR(12.5, 3.5, 9) rec[-10] rec[-218]
DETECTOR(13.5, 2.5, 9) rec[-8] rec[-215]
DETECTOR(13.5, 4.5, 9) rec[-7] rec[-214]
DETECTOR(14.5, 0.5, 9) rec[-6] rec[-72] rec[-144] rec[-210]
DETECTOR(14.5, 1.5, 9) rec[-5] rec[-213]
DETECTOR(14.5, 3.5, 9) rec[-4] rec[-212]
DETECTOR(15.5, 1.5, 9) rec[-3] rec[-141]
DETECTOR(15.5, 3.5, 9) rec[-2] rec[-140]
DETECTOR(15.5, 5.5, 9) rec[-1] rec[-139]
TICK
R 27 29 31 49 51 69 71 73 91 93 111 113 237 239 241 259 261 279 281 283 301 303 321 323 21 23 25 43 45 47 63 65 67 85 87 89 105 107 109 127 129 131 147 149 151 169 171 173 189 191 193 211 213 215 231 233 235 253 255 257 273 275 277 295 297 299 315 317 319 28 30 48 50 52 70 72 90 92 94 112 114 238 240 258 260 262 280 282 300 302 304 322 324 22 24 26 42 44 46 64 66 68 84 86 88 106 108 110 126 128 130 148 150 152 168 170 172 190 192 194 210 212 214 232 234 236 252 254 256 274 276 278 294 296 298 316 318 320
TICK
H 27 29 49 51 69 71 91 93 111 113 237 239 259 261 279 281 301 303 321 323 21 23 25 43 45 47 63 65 67 85 87 89 105 107 109 127 129 131 147 149 151 169 171 173 189 191 193 211 213 215 231 233 235 253 255 257 273 275 277 295 297 299 315 317 319 112 114 322 324 42 84 126 168 210 252 294 316 318 320
TICK
CX 27 16 29 18 49 38 51 40 69 58 71 60 91 80 93 82 111 100 113 102 237 226 239 228 259 248 261 250 279 268 281 270 301 290 303 292 321 310 323 312 23 12 25 14 43 32 45 34 47 36 65 54 67 56 85 74 87 76 89 78 107 96 109 98 127 116 129 118 131 120 149 138 151 140 169 158 171 160 173 162 191 180 193 182 211 200 213 202 215 204 233 222 235 224 253 242 255 244 257 246 275 264 277 266 295 284 297 286 299 288 317 306 319 308 17 28 19 30 37 48 39 50 41 52 59 70 61 72 79 90 81 92 83 94 227 238 229 240 247 258 249 260 251 262 269 280 271 282 289 300 291 302 293 304 11 22 13 24 15 26 33 44 35 46 53 64 55 66 57 68 75 86 77 88 95 106 97 108 99 110 117 128 119 130 137 148 139 150 141 152 159 170 161 172 179 190 181 192 183 194 201 212 203 214 221 232 223 234 225 236 243 254 245 256 263 274 265 276 267 278 285 296 287 298
TICK
CX 27 17 29 19 49 39 51 41 69 59 71 61 91 81 93 83 111 101 113 103 237 227 239 229 259 249 261 251 279 269 281 271 301 291 303 293 321 311 323 313 21 11 23 13 25 15 43 33 45 35 47 37 63 53 65 55 67 57 85 75 87 77 89 79 105 95 107 97 109 99 127 117 129 119 147 137 149 139 151 141 169 159 171 161 189 179 191 181 193 183 211 201 213 203 231 221 233 223 235 225 253 243 255 245 257 247 273 263 275 265 277 267 295 285 297 287 299 289 315 305 317 307 319 309 38 28 40 30 58 48 60 50 62 52 80 70 82 72 100 90 102 92 104 94 248 238 250 240 268 258 270 260 272 262 290 280 292 282 310 300 312 302 314 304 32 22 34 24 36 26 54 44 56 46 74 64 76 66 78 68 96 86 98 88 116 106 118 108 120 110 138 128 140 130 158 148 160 150 162 152 180 170 182 172 200 190 202 192 204 194 222 212 224 214 242 232 244 234 246 236 264 254 266 256 284 274 286 276 288 278 306 296 308 298
TICK
CX 28 18 30 20 48 38 50 40 70 60 72 62 90 80 92 82 112 102 114 104 238 228 240 230 258 248 260 250 280 270 282 272 300 290 302 292 322 312 324 314 22 12 24 14 26 16 42 32 44 34 46 36 64 54 66 56 68 58 84 74 86 76 88 78 106 96 108 98 110 100 126 116 128 118 130 120 148 138 150 140 168 158 170 160 172 162 190 180 192 182 210 200 212 202 214 204 232 222 234 224 236 226 252 242 254 244 256 246 274 264 276 266 278 268 294 284 296 286 298 288 316 306 318 308 320 310 37 27 39 29 41 31 59 49 61 51 79 69 81 71 83 73 101 91 103 93 247 237 249 239 251 241 269 259 271 261 289 279 291 281 293 283 311 301 313 303 33 23 35 25 53 43 55 45 57 47 75 65 77 67 95 85 97 87 99 89 117 107 119 109 137 127 139 129 141 131 159 149 161 151 179 169 181 171 183 173 201 191 203 193 221 211 223 213 225 215 243 233 245 235 263 253 265 255 267 257 285 275 287 277 305 295 307 297 309 299
TICK
CX 28 17 30 19 48 37 50 39 70 59 72 61 90 79 92 81 112 101 114 103 238 227 240 229 258 247 260 249 280 269 282 271 300 289 302 291 322 311 324 313 22 11 24 13 26 15 44 33 46 35 64 53 66 55 68 57 86 75 88 77 106 95 108 97 110 99 128 117 130 119 148 137 150 139 152 141 170 159 172 161 190 179 192 181 194 183 212 201 214 203 232 221 234 223 236 225 254 243 256 245 274 263 276 265 278 267 296 285 298 287 316 305 318 307 320 309 16 27 18 29 20 31 38 49 40 51 58 69 60 71 62 73 80 91 82 93 226 237 228 239 230 241 248 259 250 261 268 279 270 281 272 283 290 301 292 303 12 23 14 25 32 43 34 45 36 47 54 65 56 67 74 85 76 87 78 89 96 107 98 109 116 127 118 129 120 131 138 149 140 151 158 169 160 171 162 173 180 191 182 193 200 211 202 213 204 215 222 233 224 235 242 253 244 255 246 257 264 275 266 277 284 295 286 297 288 299
TICK
H 28 30 48 50 70 72 90 92 112 114 238 240 258 260 280 282 300 302 322 324 22 24 26 42 44 46 64 66 68 84 86 88 106 108 110 126 128 130 148 150 152 168 170 172 190 192 194 210 212 214 232 234 236 252 254 256 274 276 278 294 296 298 316 318 320 111 113 321 323 21 63 105 147 189 231 273 315 317 319
TICK
M 27 29 31 49 51 69 71 73 91 93 111 113 237 239 241 259 261 279 281 283 301 303 321 323 21 23 25 43 45 47 63 65 67 85 87 89 105 107 109 127 129 131 147 149 151 169 171 173 189 191 193 211 213 215 231 233 235 253 255 257 273 275 277 295 297 299 315 317 319 28 30 48 50 52 70 72 90 92 94 112 114 238 240 258 260 262 280 282 300 302 304 322 324 22 24 26 42 44 46 64 66 68 84 86 88 106 108 110 126 128 130 148 150 152 168 170 172 190 192 194 210 212 214 232 234 236 252 254 256 274 276 278 294 296 298 316 318 320
DETECTOR(1.5, 5.5, 10) rec[-138] rec[-181]
DETECTOR(1.5, 7.5, 10) rec[-137] rec[-207]
DETECTOR(1.5, 9.5, 10) rec[-136] rec[-206] rec[-274]
DETECTOR(2.5, 6.5, 10) rec[-135] rec[-205]
DETECTOR(2.5, 8.5, 10) rec[-134] rec[-204]
DETECTOR(3.5, 5.5, 10) rec[-133] rec[-175]
DETECTOR(3.5, 7.5, 10) rec[-132] rec[-202]
DETECTOR(3.5, 9.5, 10) rec[-131] rec[-201] rec[-269]
DETECTOR(4.5, 6.5, 10) rec[-130] rec[-200]
DETECTOR(4.5, 8.5, 10) rec[-129] rec[-199]
DETECTOR(5.5, 6.5, 10) rec[-128] rec[-266]
DETECTOR(5.5, 8.5, 10) rec[-127] rec[-265]
DETECTOR(11.5, 5.5, 10) rec[-126] rec[-151]
DETECTOR(11.5, 7.5, 10) rec[-125] rec[-195]
DETECTOR(11.5, 9.5, 10) rec[-124] rec[-194] rec[-262]
DETECTOR(12.5, 6.5, 10) rec[-123] rec[-193]
DETECTOR(12.5, 8.5, 10) rec[-122] rec[-192]
DETECTOR(13.5, 5.5, 10) rec[-121] rec[-145]
DETECTOR(13.5, 7.5, 10) rec[-120] rec[-190]
DETECTOR(13.5, 9.5, 10) rec[-119] rec[-189] rec[-257]
DETECTOR(14.5, 6.5, 10) rec[-118] rec[-188]
DETECTOR(14.5, 8.5, 10) rec[-117] rec[-187]
DETECTOR(15.5, 6.5, 10) rec[-116] rec[-254]
DETECTOR(15.5, 8.5, 10) rec[-115] rec[-253]
DETECTOR(1.5, 1.5, 10) rec[-113] rec[-183]
DETECTOR(1.5, 3.5, 10) rec[-112] rec[-182]
DETECTOR(2.5, 2.5, 10) rec[-110] rec[-179]
DETECTOR(2.5, 4.5, 10) rec[-109] rec[-178]
DETECTOR(3.5, 1.5, 10) rec[-107] rec[-177]
DETECTOR(3.5, 3.5, 10) rec[-106] rec[-176]
DETECTOR(4.5, 2.5, 10) rec[-104] rec[-173]
DETECTOR(4.5, 4.5, 10) rec[-103] rec[-172]
DETECTOR(5.5, 1.5, 10) rec[-101] rec[-171]
DETECTOR(5.5, 3.5, 10) rec[-100] rec[-170]
DETECTOR(6.5, 2.5, 10) rec[-98] rec[-167]
DETECTOR(6.5, 4.5, 10) rec[-97] rec[-166]
DETECTOR(7.5, 1.5, 10) rec[-95] rec[-165]
DETECTOR(7.5, 3.5, 10) rec[-94] rec[-164]
DETECTOR(8.5, 2.5, 10) rec[-92] rec[-161]
DETECTOR(8.5, 4.5, 10) rec[-91] rec[-160]
DETECTOR(9.5, 1.5, 10) rec[-89] rec[-159]
DETECTOR(9.5, 3.5, 10) rec[-88] rec[-158]
DETECTOR(10.5, 2.5, 10) rec[-86] rec[-155]
DETECTOR(10.5, 4.5, 10) rec[-85] rec[-154]
DETECTOR(11.5, 1.5, 10) rec[-83] rec[-153]
DETECTOR(11.5, 3.5, 10) rec[-82] rec[-152]
DETECTOR(12.5, 2.5, 10) rec[-80] rec[-149]
DETECTOR(12.5, 4.5, 10) rec[-79] rec[-148]
DETECTOR(13.5, 1.5, 10) rec[-77] rec[-147]
DETECTOR(13.5, 3.5, 10) rec[-76] rec[-146]
DETECTOR(14.5, 2.5, 10) rec[-74] rec[-143]
DETECTOR(14.5, 4.5, 10) rec[-73] rec[-142]
DETECTOR(15.5, 0.5, 10) rec[-72] rec[-210]
DETECTOR(15.5, 2.5, 10) rec[-71] rec[-209]
DETECTOR(15.5, 4.5, 10) rec[-70] rec[-208]
DETECTOR(1.5, 7.5, 11) rec[-69]
DETECTOR(1.5, 9.5, 11) rec[-68]
DETECTOR(1.5, 6.5, 10) rec[-67] rec[-276]
DETECTOR(1.5, 8.5, 10) rec[-66] rec[-275]
DETECTOR(2.5, 10.5, 10) rec[-65] rec[-203]
DETECTOR(2.5, 7.5, 10) rec[-64] rec[-273]
DETECTOR(2.5, 9.5, 10) rec[-63] rec[-272]
DETECTOR(3.5, 6.5, 10) rec[-62] rec[-271]
DETECTOR(3.5, 8.5, 10) rec[-61] rec[-270]
DETECTOR(4.5, 10.5, 10) rec[-60] rec[-198]
DETECTOR(5.5, 7.5, 10) rec[-59] rec[-197] rec[-268]
DETECTOR(5.5, 9.5, 10) rec[-58] rec[-196] rec[-267]
DETECTOR(11.5, 7.5, 11) rec[-57]
DETECTOR(11.5, 9.5, 11) rec[-56]
DETECTOR(11.5, 6.5, 10) rec[-55] rec[-264]
DETECTOR(11.5, 8.5, 10) rec[-54] rec[-263]
DETECTOR(12.5, 10.5, 10) rec[-53] rec[-191]
DETECTOR(12.5, 7.5, 10) rec[-52] rec[-261]
DETECTOR(12.5, 9.5, 10) rec[-51] rec[-260]
DETECTOR(13.5, 6.5, 10) rec[-50] rec[-259]
DETECTOR(13.5, 8.5, 10) rec[-49] rec[-258]
DETECTOR(14.5, 10.5, 10) rec[-48] rec[-186]
DETECTOR(15.5, 7.5, 10) rec[-47] rec[-185] rec[-256]
DETECTOR(15.5, 9.5, 10) rec[-46] rec[-184] rec[-255]
DETECTOR(1.5, 1.5, 11) rec[-45]
DETECTOR(1.5, 3.5, 11) rec[-44]
DETECTOR(1.5, 5.5, 11) rec[-43]
DETECTOR(2.5, 0.5, 10) rec[-42] rec[-114] rec[-180] rec[-252]
DETECTOR(1.5, 2.5, 10) rec[-41] rec[-251]
DETECTOR(1.5, 4.5, 10) rec[-40] rec[-250]
DETECTOR(2.5, 1.5, 10) rec[-39] rec[-249]
DETECTOR(2.5, 3.5, 10) rec[-38] rec[-248]
DETECTOR(2.5, 5.5, 10) rec[-37] rec[-247]
DETECTOR(4.5, 0.5, 10) rec[-36] rec[-108] rec[-174] rec[-246]
DETECTOR(3.5, 2.5, 10) rec[-35] rec[-245]
DETECTOR(3.5, 4.5, 10) rec[-34] rec[-244]
DETECTOR(4.5, 1.5, 10) rec[-33] rec[-243]
DETECTOR(4.5, 3.5, 10) rec[-32] rec[-242]
DETECTOR(4.5, 5.5, 10) rec[-31] rec[-241]
DETECTOR(6.5, 0.5, 10) rec[-30] rec[-102] rec[-168] rec[-240]
DETECTOR(5.5, 2.5, 10) rec[-29] rec[-239]
DETECTOR(5.5, 4.5, 10) rec[-28] rec[-238]
DETECTOR(6.5, 1.5, 10) rec[-27] rec[-237]
DETECTOR(6.5, 3.5, 10) rec[-26] rec[-236]
DETECTOR(6.5, 5.5, 10) rec[-25] rec[-235]
DETECTOR(8.5, 0.5, 10) rec[-24] rec[-96] rec[-162] rec[-234]
DETECTOR(7.5, 2.5, 10) rec[-23] rec[-233]
DETECTOR(7.5, 4.5, 10) rec[-22] rec[-232]
DETECTOR(8.5, 1.5, 10) rec[-21] rec[-231]
DETECTOR(8.5, 3.5, 10) rec[-20] rec[-230]
DETECTOR(8.5, 5.5, 10) rec[-19] rec[-229]
DETECTOR(10.5, 0.5, 10) rec[-18] rec[-90] rec[-156] rec[-228]
DETECTOR(9.5, 2.5, 10) rec[-17] rec[-227]
DETECTOR(9.5, 4.5, 10) rec[-16] rec[-226]
DETECTOR(10.5, 1.5, 10) rec[-15] rec[-225]
DETECTOR(10.5, 3.5, 10) rec[-14] rec[-224]
DETECTOR(10.5, 5.5, 10) rec[-13] rec[-223]
DETECTOR(12.5, 0.5, 10) rec[-12] rec[-84] rec[-150] rec[-222]
DETECTOR(11.5, 2.5, 10) rec[-11] rec[-221]
DETECTOR(11.5, 4.5, 10) rec[-10] rec[-220]
DETECTOR(12.5, 1.5, 10) rec[-9] rec[-219]
DETECTOR(12.5, 3.5, 10) rec[-8] rec[-218]
DETECTOR(12.5, 5.5, 10) rec[-7] rec[-217]
DETECTOR(14.5, 0.5, 10) rec[-6] rec[-78] rec[-144] rec[-216]
DETECTOR(13.5, 2.5, 10) rec[-5] rec[-215]
DETECTOR(13.5, 4.5, 10) rec[-4] rec[-214]
DETECTOR(15.5, 1.5, 10) rec[-3] rec[-141] rec[-213]
DETECTOR(15.5, 3.5, 10) rec[-2] rec[-140] rec[-212]
DETECTOR(15.5, 5.5, 10) rec[-1] rec[-139] rec[-211]
TICK
R 27 29 31 49 51 69 71 73 91 93 111 113 237 239 241 259 261 279 281 283 301 303 321 323 21 23 25 43 45 47 63 65 67 85 87 89 105 107 109 127 129 131 147 149 151 169 171 173 189 191 193 211 213 215 231 233 235 253 255 257 273 275 277 295 297 299 315 317 319 28 30 48 50 52 70 72 90 92 94 112 114 238 240 258 260 262 280 282 300 302 304 322 324 22 24 26 42 44 46 64 66 68 84 86 88 106 108 110 126 128 130 148 150 152 168 170 172 190 192 194 210 212 214 232 234 236 252 254 256 274 276 278 294 296 298 316 318 320
TICK
H 28 30 48 50 70 72 90 92 112 114 238 240 258 260 280 282 300 302 322 324 22 24 26 42 44 46 64 66 68 84 86 88 106 108 110 126 128 130 148 150 152 168 170 172 190 192 194 210 212 214 232 234 236 252 254 256 274 276 278 294 296 298 316 318 320 111 113 321 323 21 63 105 147 189 231 273 315 317 319
TICK
CX 28 17 30 19 48 37 50 39 70 59 72 61 90 79 92 81 112 101 114 103 238 227 240 229 258 247 260 249 280 269 282 271 300 289 302 291 322 311 324 313 22 11 24 13 26 15 44 33 46 35 64 53 66 55 68 57 86 75 88 77 106 95 108 97 110 99 128 117 130 119 148 137 150 139 152 141 170 159 172 161 190 179 192 181 194 183 212 201 214 203 232 221 234 223 236 225 254 243 256 245 274 263 276 265 278 267 296 285 298 287 316 305 318 307 320 309 16 27 18 29 20 31 38 49 40 51 58 69 60 71 62 73 80 91 82 93 226 237 228 239 230 241 248 259 250 261 268 279 270 281 272 283 290 301 292 303 12 23 14 25 32 43 34 45 36 47 54 65 56 67 74 85 76 87 78 89 96 107 98 109 116 127 118 129 120 131 138 149 140 151 158 169 160 171 162 173 180 191 182 193 200 211 202 213 204 215 222 233 224 235 242 253 244 255 246 257 264 275 266 277 284 295 286 297 288 299
TICK
CX 28 18 30 20 48 38 50 40 70 60 72 62 90 80 92 82 112 102 114 104 238 228 240 230 258 248 260 250 280 270 282 272 300 290 302 292 322 312 324 314 22 12 24 14 26 16 42 32 44 34 46 36 64 54 66 56 68 58 84 74 86 76 88 78 106 96 108 98 110 100 126 116 128 118 130 120 148 138 150 140 168 158 170 160 172 162 190 180 192 182 210 200 212 202 214 204 232 222 234 224 236 226 252 242 254 244 256 246 274 264 276 266 278 268 294 284 296 286 298 288 316 306 318 308 320 310 37 27 39 29 41 31 59 49 61 51 79 69 81 71 83 73 101 91 103 93 247 237 249 239 251 241 269 259 271 261 289 279 291 281 293 283 311 301 313 303 33 23 35 25 53 43 55 45 57 47 75 65 77 67 95 85 97 87 99 89 117 107 119 109 137 127 139 129 141 131 159 149 161 151 179 169 181 171 183 173 201 191 203 193 221 211 223 213 225 215 243 233 245 235 263 253 265 255 267 257 285 275 287 277 305 295 307 297 309 299
TICK
CX 27 17 29 19 49 39 51 41 69 59 71 61 91 81 93 83 111 101 113 103 237 227 239 229 259 249 261 251 279 269 281 271 301 291 303 293 321 311 323 313 21 11 23 13 25 15 43 33 45 35 47 37 63 53 65 55 67 57 85 75 87 77 89 79 105 95 107 97 109 99 127 117 129 119 147 137 149 139 151 141 169 159 171 161 189 179 191 181 193 183 211 201 213 203 231 221 233 223 235 225 253 243 255 245 257 247 273 263 275 265 277 267 295 285 297 287 299 289 315 305 317 307 319 309 38 28 40 30 58 48 60 50 62 52 80 70 82 72 100 90 102 92 104 94 248 238 250 240 268 258 270 260 272 262 290 280 292 282 310 300 312 302 314 304 32 22 34 24 36 26 54 44 56 46 74 64 76 66 78 68 96 86 98 88 116 106 118 108 120 110 138 128 140 130 158 148 160 150 162 152 180 170 182 172 200 190 202 192 204 194 222 212 224 214 242 232 244 234 246 236 264 254 266 256 284 274 286 276 288 278 306 296 308 298
TICK
CX 27 16 29 18 49 38 51 40 69 58 71 60 91 80 93 82 111 100 113 102 237 226 239 228 259 248 261 250 279 268 281 270 301 290 303 292 321 310 323 312 23 12 25 14 43 32 45 34 47 36 65 54 67 56 85 74 87 76 89 78 107 96 109 98 127 116 129 118 131 120 149 138 151 140 169 158 171 160 173 162 191 180 193 182 211 200 213 202 215 204 233 222 235 224 253 242 255 244 257 246 275 264 277 266 295 284 297 286 299 288 317 306 319 308 17 28 19 30 37 48 39 50 41 52 59 70 61 72 79 90 81 92 83 94 227 238 229 240 247 258 249 260 251 262 269 280 271 282 289 300 291 302 293 304 11 22 13 24 15 26 33 44 35 46 53 64 55 66 57 68 75 86 77 88 95 106 97 108 99 110 117 128 119 130 137 148 139 150 141 152 159 170 161 172 179 190 181 192 183 194 201 212 203 214 221 232 223 234 225 236 243 254 245 256 263 274 265 276 267 278 285 296 287 298
TICK
H 27 29 49 51 69 71 91 93 111 113 237 239 259 261 279 281 301 303 321 323 21 23 25 43 45 47 63 65 67 85 87 89 105 107 109 127 129 131 147 149 151 169 171 173 189 191 193 211 213 215 231 233 235 253 255 257 273 275 277 295 297 299 315 317 319 112 114 322 324 42 84 126 168 210 252 294 316 318 320
TICK
M 27 29 31 49 51 69 71 73 91 93 111 113 237 239 241 259 261 279 281 283 301 303 321 323 21 23 25 43 45 47 63 65 67 85 87 89 105 107 109 127 129 131 147 149 151 169 171 173 189 191 193 211 213 215 231 233 235 253 255 257 273 275 277 295 297 299 315 317 319 28 30 48 50 52 70 72 90 92 94 112 114 238 240 258 260 262 280 282 300 302 304 322 324 22 24 26 42 44 46 64 66 68 84 86 88 106 108 110 126 128 130 148 150 152 168 170 172 190 192 194 210 212 214 232 234 236 252 254 256 274 276 278 294 296 298 316 318 320
DETECTOR(1.5, 6.5, 12) rec[-138]
DETECTOR(1.5, 8.5, 12) rec[-137]
DETECTOR(1.5, 10.5, 12) rec[-136] rec[-274]
DETECTOR(1.5, 7.5, 12) rec[-135] rec[-207]
DETECTOR(1.5, 9.5, 12) rec[-134] rec[-206]
DETECTOR(2.5, 6.5, 12) rec[-133] rec[-205]
DETECTOR(2.5, 8.5, 12) rec[-132] rec[-204]
DETECTOR(3.5, 10.5, 12) rec[-131] rec[-269]
DETECTOR(3.5, 7.5, 12) rec[-130] rec[-202]
DETECTOR(3.5, 9.5, 12) rec[-129] rec[-201]
DETECTOR(4.5, 6.5, 12) rec[-128] rec[-200] rec[-266]
DETECTOR(4.5, 8.5, 12) rec[-127] rec[-199] rec[-265]
DETECTOR(11.5, 6.5, 12) rec[-126]
DETECTOR(11.5, 8.5, 12) rec[-125]
DETECTOR(11.5, 10.5, 12) rec[-124] rec[-262]
DETECTOR(11.5, 7.5, 12) rec[-123] rec[-195]
DETECTOR(11.5, 9.5, 12) rec[-122] rec[-194]
DETECTOR(12.5, 6.5, 12) rec[-121] rec[-193]
DETECTOR(12.5, 8.5, 12) rec[-120] rec[-192]
DETECTOR(13.5, 10.5, 12) rec[-119] rec[-257]
DETECTOR(13.5, 7.5, 12) rec[-118] rec[-190]
DETECTOR(13.5, 9.5, 12) rec[-117] rec[-189]
DETECTOR(14.5, 6.5, 12) rec[-116] rec[-188] rec[-254]
DETECTOR(14.5, 8.5, 12) rec[-115] rec[-187] rec[-253]
DETECTOR(1.5, 0.5, 12) rec[-114] rec[-252]
DETECTOR(1.5, 2.5, 12) rec[-113]
DETECTOR(1.5, 4.5, 12) rec[-112]
DETECTOR(1.5, 1.5, 12) rec[-111] rec[-183]
DETECTOR(1.5, 3.5, 12) rec[-110] rec[-182]
DETECTOR(1.5, 5.5, 12) rec[-109] rec[-181]
DETECTOR(2.5, 2.5, 12) rec[-107] rec[-179]
DETECTOR(2.5, 4.5, 12) rec[-106] rec[-178]
DETECTOR(3.5, 1.5, 12) rec[-105] rec[-177]
DETECTOR(3.5, 3.5, 12) rec[-104] rec[-176]
DETECTOR(3.5, 5.5, 12) rec[-103] rec[-175]
DETECTOR(4.5, 2.5, 12) rec[-101] rec[-173]
DETECTOR(4.5, 4.5, 12) rec[-100] rec[-172]
DETECTOR(5.5, 1.5, 12) rec[-99] rec[-171]
DETECTOR(5.5, 3.5, 12) rec[-98] rec[-170]
DETECTOR(5.5, 5.5, 12) rec[-97] rec[-169]
DETECTOR(6.5, 2.5, 12) rec[-95] rec[-167]
DETECTOR(6.5, 4.5, 12) rec[-94] rec[-166]
DETECTOR(7.5, 1.5, 12) rec[-93] rec[-165]
DETECTOR(7.5, 3.5, 12) rec[-92] rec[-164]
DETECTOR(7.5, 5.5, 12) rec[-91] rec[-163]
DETECTOR(8.5, 2.5, 12) rec[-89] rec[-161]
DETECTOR(8.5, 4.5, 12) rec[-88] rec[-160]
DETECTOR(9.5, 1.5, 12) rec[-87] rec[-159]
DETECTOR(9.5, 3.5, 12) rec[-86] rec[-158]
DETECTOR(9.5, 5.5, 12) rec[-85] rec[-157]
DETECTOR(10.5, 2.5, 12) rec[-83] rec[-155]
DETECTOR(10.5, 4.5, 12) rec[-82] rec[-154]
DETECTOR(11.5, 1.5, 12) rec[-81] rec[-153]
DETECTOR(11.5, 3.5, 12) rec[-80] rec[-152]
DETECTOR(11.5, 5.5, 12) rec[-79] rec[-151]
DETECTOR(12.5, 2.5, 12) rec[-77] rec[-149]
DETECTOR(12.5, 4.5, 12) rec[-76] rec[-148]
DETECTOR(13.5, 1.5, 12) rec[-75] rec[-147]
DETECTOR(13.5, 3.5, 12) rec[-74] rec[-146]
DETECTOR(13.5, 5.5, 12) rec[-73] rec[-145]
DETECTOR(14.5, 2.5, 12) rec[-71] rec[-143] rec[-209]
DETECTOR(14.5, 4.5, 12) rec[-70] rec[-142] rec[-208]
DETECTOR(1.5, 7, 12) rec[-69] rec[-276]
DETECTOR(1.5, 9, 12) rec[-68] rec[-275]
DETECTOR(2.5, 5.5, 12) rec[-67] rec[-247]
DETECTOR(2.5, 7.5, 12) rec[-66] rec[-273]
DETECTOR(2.5, 10.5, 12) rec[-65] rec[-203] rec[-272]
DETECTOR(3.5, 6.5, 12) rec[-64] rec[-271]
DETECTOR(3.5, 8.5, 12) rec[-63] rec[-270]
DETECTOR(4.5, 5.5, 12) rec[-62] rec[-241]
DETECTOR(4.5, 7.5, 12) rec[-61] rec[-268]
DETECTOR(4.5, 10.5, 12) rec[-60] rec[-198] rec[-267]
DETECTOR(5.5, 7.5, 12) rec[-59] rec[-197]
DETECTOR(5.5, 9.5, 12) rec[-58] rec[-196]
DETECTOR(11.5, 7, 12) rec[-57] rec[-264]
DETECTOR(11.5, 9, 12) rec[-56] rec[-263]
DETECTOR(12.5, 5.5, 12) rec[-55] rec[-217]
DETECTOR(12.5, 7.5, 12) rec[-54] rec[-261]
DETECTOR(12.5, 10.5, 12) rec[-53] rec[-191] rec[-260]
DETECTOR(13.5, 6.5, 12) rec[-52] rec[-259]
DETECTOR(13.5, 8.5, 12) rec[-51] rec[-258]
DETECTOR(14.5, 5.5, 12) rec[-50] rec[-211]
DETECTOR(14.5, 7.5, 12) rec[-49] rec[-256]
DETECTOR(14.5, 10.5, 12) rec[-48] rec[-186] rec[-255]
DETECTOR(15.5, 7.5, 12) rec[-47] rec[-185]
DETECTOR(15.5, 9.5, 12) rec[-46] rec[-184]
DETECTOR(1.5, 3, 12) rec[-44] rec[-251]
DETECTOR(1.5, 5, 12) rec[-43] rec[-250]
DETECTOR(2.5, 0.5, 12) rec[-42] rec[-108] rec[-180] rec[-246]
DETECTOR(2.5, 1.5, 12) rec[-41] rec[-249]
DETECTOR(2.5, 3.5, 12) rec[-40] rec[-248]
DETECTOR(3.5, 2.5, 12) rec[-38] rec[-245]
DETECTOR(3.5, 4.5, 12) rec[-37] rec[-244]
DETECTOR(4.5, 0.5, 12) rec[-36] rec[-102] rec[-174] rec[-240]
DETECTOR(4.5, 1.5, 12) rec[-35] rec[-243]
DETECTOR(4.5, 3.5, 12) rec[-34] rec[-242]
DETECTOR(5.5, 2.5, 12) rec[-32] rec[-239]
DETECTOR(5.5, 4.5, 12) rec[-31] rec[-238]
DETECTOR(6.5, 0.5, 12) rec[-30] rec[-96] rec[-168] rec[-234]
DETECTOR(6.5, 1.5, 12) rec[-29] rec[-237]
DETECTOR(6.5, 3.5, 12) rec[-28] rec[-236]
DETECTOR(7.5, 2.5, 12) rec[-26] rec[-233]
DETECTOR(7.5, 4.5, 12) rec[-25] rec[-232]
DETECTOR(8.5, 0.5, 12) rec[-24] rec[-90] rec[-162] rec[-228]
DETECTOR(8.5, 1.5, 12) rec[-23] rec[-231]
DETECTOR(8.5, 3.5, 12) rec[-22] rec[-230]
DETECTOR(9.5, 2.5, 12) rec[-20] rec[-227]
DETECTOR(9.5, 4.5, 12) rec[-19] rec[-226]
DETECTOR(10.5, 0.5, 12) rec[-18] rec[-84] rec[-156] rec[-222]
DETECTOR(10.5, 1.5, 12) rec[-17] rec[-225]
DETECTOR(10.5, 3.5, 12) rec[-16] rec[-224]
DETECTOR(11.5, 2.5, 12) rec[-14] rec[-221]
DETECTOR(11.5, 4.5, 12) rec[-13] rec[-220]
DETECTOR(12.5, 0.5, 12) rec[-12] rec[-78] rec[-150] rec[-216]
DETECTOR(12.5, 1.5, 12) rec[-11] rec[-219]
DETECTOR(12.5, 3.5, 12) rec[-10] rec[-218]
DETECTOR(13.5, 2.5, 12) rec[-8] rec[-215]
DETECTOR(13.5, 4.5, 12) rec[-7] rec[-214]
DETECTOR(14.5, 0.5, 12) rec[-6] rec[-72] rec[-144] rec[-210]
DETECTOR(14.5, 1.5, 12) rec[-5] rec[-213]
DETECTOR(14.5, 3.5, 12) rec[-4] rec[-212]
DETECTOR(15.5, 1.5, 12) rec[-3] rec[-141]
DETECTOR(15.5, 3.5, 12) rec[-2] rec[-140]
DETECTOR(15.5, 5.5, 12) rec[-1] rec[-139]
TICK
R 27 29 31 49 51 69 71 73 91 93 111 113 237 239 241 259 261 279 281 283 301 303 321 323 21 23 25 43 45 47 63 65 67 85 87 89 105 107 109 127 129 131 147 149 151 169 171 173 189 191 193 211 213 215 231 233 235 253 255 257 273 275 277 295 297 299 315 317 319 28 30 48 50 52 70 72 90 92 94 112 114 238 240 258 260 262 280 282 300 302 304 322 324 22 24 26 42 44 46 64 66 68 84 86 88 106 108 110 126 128 130 148 150 152 168 170 172 190 192 194 210 212 214 232 234 236 252 254 256 274 276 278 294 296 298 316 318 320
TICK
H 27 29 49 51 69 71 91 93 111 113 237 239 259 261 279 281 301 303 321 323 21 23 25 43 45 47 63 65 67 85 87 89 105 107 109 127 129 131 147 149 151 169 171 173 189 191 193 211 213 215 231 233 235 253 255 257 273 275 277 295 297 299 315 317 319 112 114 322 324 42 84 126 168 210 252 294 316 318 320
TICK
CX 27 16 29 18 49 38 51 40 69 58 71 60 91 80 93 82 111 100 113 102 237 226 239 228 259 248 261 250 279 268 281 270 301 290 303 292 321 310 323 312 23 12 25 14 43 32 45 34 47 36 65 54 67 56 85 74 87 76 89 78 107 96 109 98 127 116 129 118 131 120 149 138 151 140 169 158 171 160 173 162 191 180 193 182 211 200 213 202 215 204 233 222 235 224 253 242 255 244 257 246 275 264 277 266 295 284 297 286 299 288 317 306 319 308 17 28 19 30 37 48 39 50 41 52 59 70 61 72 79 90 81 92 83 94 227 238 229 240 247 258 249 260 251 262 269 280 271 282 289 300 291 302 293 304 11 22 13 24 15 26 33 44 35 46 53 64 55 66 57 68 75 86 77 88 95 106 97 108 99 110 117 128 119 130 137 148 139 150 141 152 159 170 161 172 179 190 181 192 183 194 201 212 203 214 221 232 223 234 225 236 243 254 245 256 263 274 265 276 267 278 285 296 287 298
TICK
CX 27 17 29 19 49 39 51 41 69 59 71 61 91 81 93 83 111 101 113 103 237 227 239 229 259 249 261 251 279 269 281 271 301 291 303 293 321 311 323 313 21 11 23 13 25 15 43 33 45 35 47 37 63 53 65 55 67 57 85 75 87 77 89 79 105 95 107 97 109 99 127 117 129 119 147 137 149 139 151 141 169 159 171 161 189 179 191 181 193 183 211 201 213 203 231 221 233 223 235 225 253 243 255 245 257 247 273 263 275 265 277 267 295 285 297 287 299 289 315 305 317 307 319 309 38 28 40 30 58 48 60 50 62 52 80 70 82 72 100 90 102 92 104 94 248 238 250 240 268 258 270 260 272 262 290 280 292 282 310 300 312 302 314 304 32 22 34 24 36 26 54 44 56 46 74 64 76 66 78 68 96 86 98 88 116 106 118 108 120 110 138 128 140 130 158 148 160 150 162 152 180 170 182 172 200 190 202 192 204 194 222 212 224 214 242 232 244 234 246 236 264 254 266 256 284 274 286 276 288 278 306 296 308 298
TICK
CX 28 18 30 20 48 38 50 40 70 60 72 62 90 80 92 82 112 102 114 104 238 228 240 230 258 248 260 250 280 270 282 272 300 290 302 292 322 312 324 314 22 12 24 14 26 16 42 32 44 34 46 36 64 54 66 56 68 58 84 74 86 76 88 78 106 96 108 98 110 100 126 116 128 118 130 120 148 138 150 140 168 158 170 160 172 162 190 180 192 182 210 200 212 202 214 204 232 222 234 224 236 226 252 242 254 244 256 246 274 264 276 266 278 268 294 284 296 286 298 288 316 306 318 308 320 310 37 27 39 29 41 31 59 49 61 51 79 69 81 71 83 73 101 91 103 93 247 237 249 239 251 241 269 259 271 261 289 279 291 281 293 283 311 301 313 303 33 23 35 25 53 43 55 45 57 47 75 65 77 67 95 85 97 87 99 89 117 107 119 109 137 127 139 129 141 131 159 149 161 151 179 169 181 171 183 173 201 191 203 193 221 211 223 213 225 215 243 233 245 235 263 253 265 255 267 257 285 275 287 277 305 295 307 297 309 299
TICK
CX 28 17 30 19 48 37 50 39 70 59 72 61 90 79 92 81 112 101 114 103 238 227 240 229 258 247 260 249 280 269 282 271 300 289 302 291 322 311 324 313 22 11 24 13 26 15 44 33 46 35 64 53 66 55 68 57 86 75 88 77 106 95 108 97 110 99 128 117 130 119 148 137 150 139 152 141 170 159 172 161 190 179 192 181 194 183 212 201 214 203 232 221 234 223 236 225 254 243 256 245 274 263 276 265 278 267 296 285 298 287 316 305 318 307 320 309 16 27 18 29 20 31 38 49 40 51 58 69 60 71 62 73 80 91 82 93 226 237 228 239 230 241 248 259 250 261 268 279 270 281 272 283 290 301 292 303 12 23 14 25 32 43 34 45 36 47 54 65 56 67 74 85 76 87 78 89 96 107 98 109 116 127 118 129 120 131 138 149 140 151 158 169 160 171 162 173 180 191 182 193 200 211 202 213 204 215 222 233 224 235 242 253 244 255 246 257 264 275 266 277 284 295 286 297 288 299
TICK
H 28 30 48 50 70 72 90 92 112 114 238 240 258 260 280 282 300 302 322 324 22 24 26 42 44 46 64 66 68 84 86 88 106 108 110 126 128 130 148 150 152 168 170 172 190 192 194 210 212 214 232 234 236 252 254 256 274 276 278 294 296 298 316 318 320 111 113 321 323 21 63 105 147 189 231 273 315 317 319
TICK
M 27 29 31 49 51 69 71 73 91 93 111 113 237 239 241 259 261 279 281 283 301 303 321 323 21 23 25 43 45 47 63 65 67 85 87 89 105 107 109 127 129 131 147 149 151 169 171 173 189 191 193 211 213 215 231 233 235 253 255 257 273 275 277 295 297 299 315 317 319 28 30 48 50 52 70 72 90 92 94 112 114 238 240 258 260 262 280 282 300 302 304 322 324 22 24 26 42 44 46 64 66 68 84 86 88 106 108 110 126 128 130 148 150 152 168 170 172 190 192 194 210 212 214 232 234 236 252 254 256 274 276 278 294 296 298 316 318 320
DETECTOR(1.5, 5.5, 13) rec[-138] rec[-181]
DETECTOR(1.5, 7.5, 13) rec[-137] rec[-207]
DETECTOR(1.5, 9.5, 13) rec[-136] rec[-206] rec[-274]
DETECTOR(2.5, 6.5, 13) rec[-135] rec[-205]
DETECTOR(2.5, 8.5, 13) rec[-134] rec[-204]
DETECTOR(3.5, 5.5, 13) rec[-133] rec[-175]
DETECTOR(3.5, 7.5, 13) rec[-132] rec[-202]
DETECTOR(3.5, 9.5, 13) rec[-131] rec[-201] rec[-269]
DETECTOR(4.5, 6.5, 13) rec[-130] rec[-200]
DETECTOR(4.5, 8.5, 13) rec[-129] rec[-199]
DETECTOR(5.5, 6.5, 13) rec[-128] rec[-266]
DETECTOR(5.5, 8.5, 13) rec[-127] rec[-265]
DETECTOR(11.5, 5.5, 13) rec[-126] rec[-151]
DETECTOR(11.5, 7.5, 13) rec[-125] rec[-195]
DETECTOR(11.5, 9.5, 13) rec[-124] rec[-194] rec[-262]
DETECTOR(12.5, 6.5, 13) rec[-123] rec[-193]
DETECTOR(12.5, 8.5, 13) rec[-122] rec[-192]
DETECTOR(13.5, 5.5, 13) rec[-121] rec[-145]
DETECTOR(13.5, 7.5, 13) rec[-120] rec[-190]
DETECTOR(13.5, 9.5, 13) rec[-119] rec[-189] rec[-257]
DETECTOR(14.5, 6.5, 13) rec[-118] rec[-188]
DETECTOR(14.5, 8.5, 13) rec[-117] rec[-187]
DETECTOR(15.5, 6.5, 13) rec[-116] rec[-254]
DETECTOR(15.5, 8.5, 13) rec[-115] rec[-253]
DETECTOR(1.5, 1.5, 13) rec[-113] rec[-183]
DETECTOR(1.5, 3.5, 13) rec[-112] rec[-182]
DETECTOR(2.5, 2.5, 13) rec[-110] rec[-179]
DETECTOR(2.5, 4.5, 13) rec[-109] rec[-178]
DETECTOR(3.5, 1.5, 13) rec[-107] rec[-177]
DETECTOR(3.5, 3.5, 13) rec[-106] rec[-176]
DETECTOR(4.5, 2.5, 13) rec[-104] rec[-173]
DETECTOR(4.5, 4.5, 13) rec[-103] rec[-172]
DETECTOR(5.5, 1.5, 13) rec[-101] rec[-171]
DETECTOR(5.5, 3.5, 13) rec[-100] rec[-170]
DETECTOR(6.5, 2.5, 13) rec[-98] rec[-167]
DETECTOR(6.5, 4.5, 13) rec[-97] rec[-166]
DETECTOR(7.5, 1.5, 13) rec[-95] rec[-165]
DETECTOR(7.5, 3.5, 13) rec[-94] rec[-164]
DETECTOR(8.5, 2.5, 13) rec[-92] rec[-161]
DETECTOR(8.5, 4.5, 13) rec[-91] rec[-160]
DETECTOR(9.5, 1.5, 13) rec[-89] rec[-159]
DETECTOR(9.5, 3.5, 13) rec[-88] rec[-158]
DETECTOR(10.5, 2.5, 13) rec[-86] rec[-155]
DETECTOR(10.5, 4.5, 13) rec[-85] rec[-154]
DETECTOR(11.5, 1.5, 13) rec[-83] rec[-153]
DETECTOR(11.5, 3.5, 13) rec[-82] rec[-152]
DETECTOR(12.5, 2.5, 13) rec[-80] rec[-149]
DETECTOR(12.5, 4.5, 13) rec[-79] rec[-148]
DETECTOR(13.5, 1.5, 13) rec[-77] rec[-147]
DETECTOR(13.5, 3.5, 13) rec[-76] rec[-146]
DETECTOR(14.5, 2.5, 13) rec[-74] rec[-143]
DETECTOR(14.5, 4.5, 13) rec[-73] rec[-142]
DETECTOR(15.5, 0.5, 13) rec[-72] rec[-210]
DETECTOR(15.5, 2.5, 13) rec[-71] rec[-209]
DETECTOR(15.5, 4.5, 13) rec[-70] rec[-208]
DETECTOR(1.5, 7.5, 14) rec[-69]
DETECTOR(1.5, 9.5, 14) rec[-68]
DETECTOR(1.5, 6.5, 13) rec[-67] rec[-276]
DETECTOR(1.5, 8.5, 13) rec[-66] rec[-275]
DETECTOR(2.5, 10.5, 13) rec[-65] rec[-203]
DETECTOR(2.5, 7.5, 13) rec[-64] rec[-273]
DETECTOR(2.5, 9.5, 13) rec[-63] rec[-272]
DETECTOR(3.5, 6.5, 13) rec[-62] rec[-271]
DETECTOR(3.5, 8.5, 13) rec[-61] rec[-270]
DETECTOR(4.5, 10.5, 13) rec[-60] rec[-198]
DETECTOR(5.5, 7.5, 13) rec[-59] rec[-197] rec[-268]
DETECTOR(5.5, 9.5, 13) rec[-58] rec[-196] rec[-267]
DETECTOR(11.5, 7.5, 14) rec[-57]
DETECTOR(11.5, 9.5, 14) rec[-56]
DETECTOR(11.5, 6.5, 13) rec[-55] rec[-264]
DETECTOR(11.5, 8.5, 13) rec[-54] rec[-263]
DETECTOR(12.5, 10.5, 13) rec[-53] rec[-191]
DETECTOR(12.5, 7.5, 13) rec[-52] rec[-261]
DETECTOR(12.5, 9.5, 13) rec[-51] rec[-260]
DETECTOR(13.5, 6.5, 13) rec[-50] rec[-259]
DETECTOR(13.5, 8.5, 13) rec[-49] rec[-258]
DETECTOR(14.5, 10.5, 13) rec[-48] rec[-186]
DETECTOR(15.5, 7.5, 13) rec[-47] rec[-185] rec[-256]
DETECTOR(15.5, 9.5, 13) rec[-46] rec[-184] rec[-255]
DETECTOR(1.5, 1.5, 14) rec[-45]
DETECTOR(1.5, 3.5, 14) rec[-44]
DETECTOR(1.5, 5.5, 14) rec[-43]
DETECTOR(2.5, 0.5, 13) rec[-42] rec[-114] rec[-180] rec[-252]
DETECTOR(1.5, 2.5, 13) rec[-41] rec[-251]
DETECTOR(1.5, 4.5, 13) rec[-40] rec[-250]
DETECTOR(2.5, 1.5, 13) rec[-39] rec[-249]
DETECTOR(2.5, 3.5, 13) rec[-38] rec[-248]
DETECTOR(2.5, 5.5, 13) rec[-37] rec[-247]
DETECTOR(4.5, 0.5, 13) rec[-36] rec[-108] rec[-174] rec[-246]
DETECTOR(3.5, 2.5, 13) rec[-35] rec[-245]
DETECTOR(3.5, 4.5, 13) rec[-34] rec[-244]
DETECTOR(4.5, 1.5, 13) rec[-33] rec[-243]
DETECTOR(4.5, 3.5, 13) rec[-32] rec[-242]
DETECTOR(4.5, 5.5, 13) rec[-31] rec[-241]
DETECTOR(6.5, 0.5, 13) rec[-30] rec[-102] rec[-168] rec[-240]
DETECTOR(5.5, 2.5, 13) rec[-29] rec[-239]
DETECTOR(5.5, 4.5, 13) rec[-28] rec[-238]
DETECTOR(6.5, 1.5, 13) rec[-27] rec[-237]
DETECTOR(6.5, 3.5, 13) rec[-26] rec[-236]
DETECTOR(6.5, 5.5, 13) rec[-25] rec[-235]
DETECTOR(8.5, 0.5, 13) rec[-24] rec[-96] rec[-162] rec[-234]
DETECTOR(7.5, 2.5, 13) rec[-23] rec[-233]
DETECTOR(7.5, 4.5, 13) rec[-22] rec[-232]
DETECTOR(8.5, 1.5, 13) rec[-21] rec[-231]
DETECTOR(8.5, 3.5, 13) rec[-20] rec[-230]
DETECTOR(8.5, 5.5, 13) rec[-19] rec[-229]
DETECTOR(10.5, 0.5, 13) rec[-18] rec[-90] rec[-156] rec[-228]
DETECTOR(9.5, 2.5, 13) rec[-17] rec[-227]
DETECTOR(9.5, 4.5, 13) rec[-16] rec[-226]
DETECTOR(10.5, 1.5, 13) rec[-15] rec[-225]
DETECTOR(10.5, 3.5, 13) rec[-14] rec[-224]
DETECTOR(10.5, 5.5, 13) rec[-13] rec[-223]
DETECTOR(12.5, 0.5, 13) rec[-12] rec[-84] rec[-150] rec[-222]
DETECTOR(11.5, 2.5, 13) rec[-11] rec[-221]
DETECTOR(11.5, 4.5, 13) rec[-10] rec[-220]
DETECTOR(12.5, 1.5, 13) rec[-9] rec[-219]
DETECTOR(12.5, 3.5, 13) rec[-8] rec[-218]
DETECTOR(12.5, 5.5, 13) rec[-7] rec[-217]
DETECTOR(14.5, 0.5, 13) rec[-6] rec[-78] rec[-144] rec[-216]
DETECTOR(13.5, 2.5, 13) rec[-5] rec[-215]
DETECTOR(13.5, 4.5, 13) rec[-4] rec[-214]
DETECTOR(15.5, 1.5, 13) rec[-3] rec[-141] rec[-213]
DETECTOR(15.5, 3.5, 13) rec[-2] rec[-140] rec[-212]
DETECTOR(15.5, 5.5, 13) rec[-1] rec[-139] rec[-211]
TICK
R 27 29 31 49 51 69 71 73 91 93 111 113 237 239 241 259 261 279 281 283 301 303 321 323 21 23 25 43 45 47 63 65 67 85 87 89 105 107 109 127 129 131 147 149 151 169 171 173 189 191 193 211 213 215 231 233 235 253 255 257 273 275 277 295 297 299 315 317 319 28 30 48 50 52 70 72 90 92 94 112 114 238 240 258 260 262 280 282 300 302 304 322 324 22 24 26 42 44 46 64 66 68 84 86 88 106 108 110 126 128 130 148 150 152 168 170 172 190 192 194 210 212 214 232 234 236 252 254 256 274 276 278 294 296 298 316 318 320
TICK
H 28 30 48 50 70 72 90 92 112 114 238 240 258 260 280 282 300 302 322 324 22 24 26 42 44 46 64 66 68 84 86 88 106 108 110 126 128 130 148 150 152 168 170 172 190 192 194 210 212 214 232 234 236 252 254 256 274 276 278 294 296 298 316 318 320 111 113 321 323 21 63 105 147 189 231 273 315 317 319
TICK
CX 28 17 30 19 48 37 50 39 70 59 72 61 90 79 92 81 112 101 114 103 238 227 240 229 258 247 260 249 280 269 282 271 300 289 302 291 322 311 324 313 22 11 24 13 26 15 44 33 46 35 64 53 66 55 68 57 86 75 88 77 106 95 108 97 110 99 128 117 130 119 148 137 150 139 152 141 170 159 172 161 190 179 192 181 194 183 212 201 214 203 232 221 234 223 236 225 254 243 256 245 274 263 276 265 278 267 296 285 298 287 316 305 318 307 320 309 16 27 18 29 20 31 38 49 40 51 58 69 60 71 62 73 80 91 82 93 226 237 228 239 230 241 248 259 250 261 268 279 270 281 272 283 290 301 292 303 12 23 14 25 32 43 34 45 36 47 54 65 56 67 74 85 76 87 78 89 96 107 98 109 116 127 118 129 120 131 138 149 140 151 158 169 160 171 162 173 180 191 182 193 200 211 202 213 204 215 222 233 224 235 242 253 244 255 246 257 264 275 266 277 284 295 286 297 288 299
TICK
CX 28 18 30 20 48 38 50 40 70 60 72 62 90 80 92 82 112 102 114 104 238 228 240 230 258 248 260 250 280 270 282 272 300 290 302 292 322 312 324 314 22 12 24 14 26 16 42 32 44 34 46 36 64 54 66 56 68 58 84 74 86 76 88 78 106 96 108 98 110 100 126 116 128 118 130 120 148 138 150 140 168 158 170 160 172 162 190 180 192 182 210 200 212 202 214 204 232 222 234 224 236 226 252 242 254 244 256 246 274 264 276 266 278 268 294 284 296 286 298 288 316 306 318 308 320 310 37 27 39 29 41 31 59 49 61 51 79 69 81 71 83 73 101 91 103 93 247 237 249 239 251 241 269 259 271 261 289 279 291 281 293 283 311 301 313 303 33 23 35 25 53 43 55 45 57 47 75 65 77 67 95 85 97 87 99 89 117 107 119 109 137 127 139 129 141 131 159 149 161 151 179 169 181 171 183 173 201 191 203 193 221 211 223 213 225 215 243 233 245 235 263 253 265 255 267 257 285 275 287 277 305 295 307 297 309 299
TICK
CX 27 17 29 19 49 39 51 41 69 59 71 61 91 81 93 83 111 101 113 103 237 227 239 229 259 249 261 251 279 269 281 271 301 291 303 293 321 311 323 313 21 11 23 13 25 15 43 33 45 35 47 37 63 53 65 55 67 57 85 75 87 77 89 79 105 95 107 97 109 99 127 117 129 119 147 137 149 139 151 141 169 159 171 161 189 179 191 181 193 183 211 201 213 203 231 221 233 223 235 225 253 243 255 245 257 247 273 263 275 265 277 267 295 285 297 287 299 289 315 305 317 307 319 309 38 28 40 30 58 48 60 50 62 52 80 70 82 72 100 90 102 92 104 94 248 238 250 240 268 258 270 260 272 262 290 280 292 282 310 300 312 302 314 304 32 22 34 24 36 26 54 44 56 46 74 64 76 66 78 68 96 86 98 88 116 106 118 108 120 110 138 128 140 130 158 148 160 150 162 152 180 170 182 172 200 190 202 192 204 194 222 212 224 214 242 232 244 234 246 236 264 254 266 256 284 274 286 276 288 278 306 296 308 298
TICK
CX 27 16 29 18 49 38 51 40 69 58 71 60 91 80 93 82 111 100 113 102 237 226 239 228 259 248 261 250 279 268 281 270 301 290 303 292 321 310 323 312 23 12 25 14 43 32 45 34 47 36 65 54 67 56 85 74 87 76 89 78 107 96 109 98 127 116 129 118 131 120 149 138 151 140 169 158 171 160 173 162 191 180 193 182 211 200 213 202 215 204 233 222 235 224 253 242 255 244 257 246 275 264 277 266 295 284 297 286 299 288 317 306 319 308 17 28 19 30 37 48 39 50 41 52 59 70 61 72 79 90 81 92 83 94 227 238 229 240 247 258 249 260 251 262 269 280 271 282 289 300 291 302 293 304 11 22 13 24 15 26 33 44 35 46 53 64 55 66 57 68 75 86 77 88 95 106 97 108 99 110 117 128 119 130 137 148 139 150 141 152 159 170 161 172 179 190 181 192 183 194 201 212 203 214 221 232 223 234 225 236 243 254 245 256 263 274 265 276 267 278 285 296 287 298
TICK
H 27 29 49 51 69 71 91 93 111 113 237 239 259 261 279 281 301 303 321 323 21 23 25 43 45 47 63 65 67 85 87 89 105 107 109 127 129 131 147 149 151 169 171 173 189 191 193 211 213 215 231 233 235 253 255 257 273 275 277 295 297 299 315 317 319 112 114 322 324 42 84 126 168 210 252 294 316 318 320
TICK
M 27 29 31 49 51 69 71 73 91 93 111 113 237 239 241 259 261 279 281 283 301 303 321 323 21 23 25 43 45 47 63 65 67 85 87 89 105 107 109 127 129 131 147 149 151 169 171 173 189 191 193 211 213 215 231 233 235 253 255 257 273 275 277 295 297 299 315 317 319 28 30 48 50 52 70 72 90 92 94 112 114 238 240 258 260 262 280 282 300 302 304 322 324 22 24 26 42 44 46 64 66 68 84 86 88 106 108 110 126 128 130 148 150 152 168 170 172 190 192 194 210 212 214 232 234 236 252 254 256 274 276 278 294 296 298 316 318 320 11 12 13 14 15 32 33 34 35 36 53 54 55 56 57 74 75 76 77 78 95 96 97 98 99 116 117 118 119 120 137 138 139 140 141 158 159 160 161 162 179 180 181 182 183 200 201 202 203 204 221 222 223 224 225 242 243 244 245 246 263 264 265 266 267 284 285 286 287 288 305 306 307 308 309
DETECTOR(1.5, 6.5, 15) rec[-213]
DETECTOR(1.5, 8.5, 15) rec[-212]
DETECTOR(1.5, 10.5, 15) rec[-211] rec[-349]
DETECTOR(1.5, 7.5, 15) rec[-210] rec[-282]
DETECTOR(1.5, 9.5, 15) rec[-209] rec[-281]
DETECTOR(2.5, 6.5, 15) rec[-208] rec[-280]
DETECTOR(2.5, 8.5, 15) rec[-207] rec[-279]
DETECTOR(3.5, 10.5, 15) rec[-206] rec[-344]
DETECTOR(3.5, 7.5, 15) rec[-205] rec[-277]
DETECTOR(3.5, 9.5, 15) rec[-204] rec[-276]
DETECTOR(4.5, 6.5, 15) rec[-203] rec[-275] rec[-341]
DETECTOR(4.5, 8.5, 15) rec[-202] rec[-274] rec[-340]
DETECTOR(11.5, 6.5, 15) rec[-201]
DETECTOR(11.5, 8.5, 15) rec[-200]
DETECTOR(11.5, 10.5, 15) rec[-199] rec[-337]
DETECTOR(11.5, 7.5, 15) rec[-198] rec[-270]
DETECTOR(11.5, 9.5, 15) rec[-197] rec[-269]
DETECTOR(12.5, 6.5, 15) rec[-196] rec[-268]
DETECTOR(12.5, 8.5, 15) rec[-195] rec[-267]
DETECTOR(13.5, 10.5, 15) rec[-194] rec[-332]
DETECTOR(13.5, 7.5, 15) rec[-193] rec[-265]
DETECTOR(13.5, 9.5, 15) rec[-192] rec[-264]
DETECTOR(14.5, 6.5, 15) rec[-191] rec[-263] rec[-329]
DETECTOR(14.5, 8.5, 15) rec[-190] rec[-262] rec[-328]
DETECTOR(1.5, 0.5, 15) rec[-189] rec[-327]
DETECTOR(1.5, 2.5, 15) rec[-188]
DETECTOR(1.5, 4.5, 15) rec[-187]
DETECTOR(1.5, 1.5, 15) rec[-186] rec[-258]
DETECTOR(1.5, 3.5, 15) rec[-185] rec[-257]
DETECTOR(1.5, 5.5, 15) rec[-184] rec[-256]
DETECTOR(2.5, 2.5, 15) rec[-182] rec[-254]
DETECTOR(2.5, 4.5, 15) rec[-181] rec[-253]
DETECTOR(3.5, 1.5, 15) rec[-180] rec[-252]
DETECTOR(3.5, 3.5, 15) rec[-179] rec[-251]
DETECTOR(3.5, 5.5, 15) rec[-178] rec[-250]
DETECTOR(4.5, 2.5, 15) rec[-176] rec[-248]
DETECTOR(4.5, 4.5, 15) rec[-175] rec[-247]
DETECTOR(5.5, 1.5, 15) rec[-174] rec[-246]
DETECTOR(5.5, 3.5, 15) rec[-173] rec[-245]
DETECTOR(5.5, 5.5, 15) rec[-172] rec[-244]
DETECTOR(6.5, 2.5, 15) rec[-170] rec[-242]
DETECTOR(6.5, 4.5, 15) rec[-169] rec[-241]
DETECTOR(7.5, 1.5, 15) rec[-168] rec[-240]
DETECTOR(7.5, 3.5, 15) rec[-167] rec[-239]
DETECTOR(7.5, 5.5, 15) rec[-166] rec[-238]
DETECTOR(8.5, 2.5, 15) rec[-164] rec[-236]
DETECTOR(8.5, 4.5, 15) rec[-163] rec[-235]
DETECTOR(9.5, 1.5, 15) rec[-162] rec[-234]
DETECTOR(9.5, 3.5, 15) rec[-161] rec[-233]
DETECTOR(9.5, 5.5, 15) rec[-160] rec[-232]
DETECTOR(10.5, 2.5, 15) rec[-158] rec[-230]
DETECTOR(10.5, 4.5, 15) rec[-157] rec[-229]
DETECTOR(11.5, 1.5, 15) rec[-156] rec[-228]
DETECTOR(11.5, 3.5, 15) rec[-155] rec[-227]
DETECTOR(11.5, 5.5, 15) rec[-154] rec[-226]
DETECTOR(12.5, 2.5, 15) rec[-152] rec[-224]
DETECTOR(12.5, 4.5, 15) rec[-151] rec[-223]
DETECTOR(13.5, 1.5, 15) rec[-150] rec[-222]
DETECTOR(13.5, 3.5, 15) rec[-149] rec[-221]
DETECTOR(13.5, 5.5, 15) rec[-148] rec[-220]
DETECTOR(14.5, 2.5, 15) rec[-146] rec[-218] rec[-284]
DETECTOR(14.5, 4.5, 15) rec[-145] rec[-217] rec[-283]
DETECTOR(1.5, 7, 15) rec[-144] rec[-351]
DETECTOR(1.5, 9, 15) rec[-143] rec[-350]
DETECTOR(2.5, 5.5, 15) rec[-142] rec[-322]
DETECTOR(2.5, 7.5, 15) rec[-141] rec[-348]
DETECTOR(2.5, 10.5, 15) rec[-140] rec[-278] rec[-347]
DETECTOR(3.5, 6.5, 15) rec[-139] rec[-346]
DETECTOR(3.5, 8.5, 15) rec[-138] rec[-345]
DETECTOR(4.5, 5.5, 15) rec[-137] rec[-316]
DETECTOR(4.5, 7.5, 15) rec[-136] rec[-343]
DETECTOR(4.5, 10.5, 15) rec[-135] rec[-273] rec[-342]
DETECTOR(5.5, 7.5, 15) rec[-134] rec[-272]
DETECTOR(5.5, 9.5, 15) rec[-133] rec[-271]
DETECTOR(11.5, 7, 15) rec[-132] rec[-339]
DETECTOR(11.5, 9, 15) rec[-131] rec[-338]
DETECTOR(12.5, 5.5, 15) rec[-130] rec[-292]
DETECTOR(12.5, 7.5, 15) rec[-129] rec[-336]
DETECTOR(12.5, 10.5, 15) rec[-128] rec[-266] rec[-335]
DETECTOR(13.5, 6.5, 15) rec[-127] rec[-334]
DETECTOR(13.5, 8.5, 15) rec[-126] rec[-333]
DETECTOR(14.5, 5.5, 15) rec[-125] rec[-286]
DETECTOR(14.5, 7.5, 15) rec[-124] rec[-331]
DETECTOR(14.5, 10.5, 15) rec[-123] rec[-261] rec[-330]
DETECTOR(15.5, 7.5, 15) rec[-122] rec[-260]
DETECTOR(15.5, 9.5, 15) rec[-121] rec[-259]
DETECTOR(1.5, 3, 15) rec[-119] rec[-326]
DETECTOR(1.5, 5, 15) rec[-118] rec[-325]
DETECTOR(2.5, 0.5, 15) rec[-117] rec[-183] rec[-255] rec[-321]
DETECTOR(2.5, 1.5, 15) rec[-116] rec[-324]
DETECTOR(2.5, 3.5, 15) rec[-115] rec[-323]
DETECTOR(3.5, 2.5, 15) rec[-113] rec[-320]
DETECTOR(3.5, 4.5, 15) rec[-112] rec[-319]
DETECTOR(4.5, 0.5, 15) rec[-111] rec[-177] rec[-249] rec[-315]
DETECTOR(4.5, 1.5, 15) rec[-110] rec[-318]
DETECTOR(4.5, 3.5, 15) rec[-109] rec[-317]
DETECTOR(5.5, 2.5, 15) rec[-107] rec[-314]
DETECTOR(5.5, 4.5, 15) rec[-106] rec[-313]
DETECTOR(6.5, 0.5, 15) rec[-105] rec[-171] rec[-243] rec[-309]
DETECTOR(6.5, 1.5, 15) rec[-104] rec[-312]
DETECTOR(6.5, 3.5, 15) rec[-103] rec[-311]
DETECTOR(7.5, 2.5, 15) rec[-101] rec[-308]
DETECTOR(7.5, 4.5, 15) rec[-100] rec[-307]
DETECTOR(8.5, 0.5, 15) rec[-99] rec[-165] rec[-237] rec[-303]
DETECTOR(8.5, 1.5, 15) rec[-98] rec[-306]
DETECTOR(8.5, 3.5, 15) rec[-97] rec[-305]
DETECTOR(9.5, 2.5, 15) rec[-95] rec[-302]
DETECTOR(9.5, 4.5, 15) rec[-94] rec[-301]
DETECTOR(10.5, 0.5, 15) rec[-93] rec[-159] rec[-231] rec[-297]
DETECTOR(10.5, 1.5, 15) rec[-92] rec[-300]
DETECTOR(10.5, 3.5, 15) rec[-91] rec[-299]
DETECTOR(11.5, 2.5, 15) rec[-89] rec[-296]
DETECTOR(11.5, 4.5, 15) rec[-88] rec[-295]
DETECTOR(12.5, 0.5, 15) rec[-87] rec[-153] rec[-225] rec[-291]
DETECTOR(12.5, 1.5, 15) rec[-86] rec[-294]
DETECTOR(12.5, 3.5, 15) rec[-85] rec[-293]
DETECTOR(13.5, 2.5, 15) rec[-83] rec[-290]
DETECTOR(13.5, 4.5, 15) rec[-82] rec[-289]
DETECTOR(14.5, 0.5, 15) rec[-81] rec[-147] rec[-219] rec[-285]
DETECTOR(14.5, 1.5, 15) rec[-80] rec[-288]
DETECTOR(14.5, 3.5, 15) rec[-79] rec[-287]
DETECTOR(15.5, 1.5, 15) rec[-78] rec[-216]
DETECTOR(15.5, 3.5, 15) rec[-77] rec[-215]
DETECTOR(15.5, 5.5, 15) rec[-76] rec[-214]
DETECTOR(2, 2, 15) rec[-69] rec[-70] rec[-74] rec[-75] rec[-120]
DETECTOR(2, 4, 15) rec[-67] rec[-68] rec[-72] rec[-73] rec[-119]
DETECTOR(3, 3, 15) rec[-63] rec[-64] rec[-68] rec[-69] rec[-116]
DETECTOR(3, 5, 15) rec[-61] rec[-62] rec[-66] rec[-67] rec[-115]
DETECTOR(4, 2, 15) rec[-59] rec[-60] rec[-64] rec[-65] rec[-114]
DETECTOR(4, 4, 15) rec[-57] rec[-58] rec[-62] rec[-63] rec[-113]
DETECTOR(5, 3, 15) rec[-53] rec[-54] rec[-58] rec[-59] rec[-110]
DETECTOR(5, 5, 15) rec[-51] rec[-52] rec[-56] rec[-57] rec[-109]
DETECTOR(6, 2, 15) rec[-49] rec[-50] rec[-54] rec[-55] rec[-108]
DETECTOR(6, 4, 15) rec[-47] rec[-48] rec[-52] rec[-53] rec[-107]
DETECTOR(7, 3, 15) rec[-43] rec[-44] rec[-48] rec[-49] rec[-104]
DETECTOR(7, 5, 15) rec[-41] rec[-42] rec[-46] rec[-47] rec[-103]
DETECTOR(8, 2, 15) rec[-39] rec[-40] rec[-44] rec[-45] rec[-102]
DETECTOR(8, 4, 15) rec[-37] rec[-38] rec[-42] rec[-43] rec[-101]
DETECTOR(9, 3, 15) rec[-33] rec[-34] rec[-38] rec[-39] rec[-98]
DETECTOR(9, 5, 15) rec[-31] rec[-32] rec[-36] rec[-37] rec[-97]
DETECTOR(10, 2, 15) rec[-29] rec[-30] rec[-34] rec[-35] rec[-96]
DETECTOR(10, 4, 15) rec[-27] rec[-28] rec[-32] rec[-33] rec[-95]
DETECTOR(11, 3, 15) rec[-23] rec[-24] rec[-28] rec[-29] rec[-92]
DETECTOR(11, 5, 15) rec[-21] rec[-22] rec[-26] rec[-27] rec[-91]
DETECTOR(12, 2, 15) rec[-19] rec[-20] rec[-24] rec[-25] rec[-90]
DETECTOR(12, 4, 15) rec[-17] rec[-18] rec[-22] rec[-23] rec[-89]
DETECTOR(13, 3, 15) rec[-13] rec[-14] rec[-18] rec[-19] rec[-86]
DETECTOR(13, 5, 15) rec[-11] rec[-12] rec[-16] rec[-17] rec[-85]
DETECTOR(14, 2, 15) rec[-9] rec[-10] rec[-14] rec[-15] rec[-84]
DETECTOR(14, 4, 15) rec[-7] rec[-8] rec[-12] rec[-13] rec[-83]
DETECTOR(15, 3, 15) rec[-3] rec[-4] rec[-8] rec[-9] rec[-80]
DETECTOR(15, 5, 15) rec[-1] rec[-2] rec[-6] rec[-7] rec[-79]
TICK
R 27 29 31 49 51 69 71 73 91 93 111 113 237 239 241 259 261 279 281 283 301 303 321 323 21 23 25 43 45 47 63 65 67 85 87 89 105 107 109 127 129 131 147 149 151 169 171 173 189 191 193 211 213 215 231 233 235 253 255 257 273 275 277 295 297 299 315 317 319 28 30 48 50 52 70 72 90 92 94 112 114 238 240 258 260 262 280 282 300 302 304 322 324 22 24 26 42 44 46 64 66 68 84 86 88 106 108 110 126 128 130 148 150 152 168 170 172 190 192 194 210 212 214 232 234 236 252 254 256 274 276 278 294 296 298 316 318 320
TICK
H 27 29 49 51 69 71 91 93 111 113 237 239 259 261 279 281 301 303 321 323 112 114 322 324
TICK
CX 27 16 29 18 49 38 51 40 69 58 71 60 91 80 93 82 111 100 113 102 237 226 239 228 259 248 261 250 279 268 281 270 301 290 303 292 321 310 323 312 17 28 19 30 37 48 39 50 41 52 59 70 61 72 79 90 81 92 83 94 227 238 229 240 247 258 249 260 251 262 269 280 271 282 289 300 291 302 293 304
TICK
CX 27 17 29 19 49 39 51 41 69 59 71 61 91 81 93 83 111 101 113 103 237 227 239 229 259 249 261 251 279 269 281 271 301 291 303 293 321 311 323 313 38 28 40 30 58 48 60 50 62 52 80 70 82 72 100 90 102 92 104 94 248 238 250 240 268 258 270 260 272 262 290 280 292 282 310 300 312 302 314 304
TICK
CX 28 18 30 20 48 38 50 40 70 60 72 62 90 80 92 82 112 102 114 104 238 228 240 230 258 248 260 250 280 270 282 272 300 290 302 292 322 312 324 314 37 27 39 29 41 31 59 49 61 51 79 69 81 71 83 73 101 91 103 93 247 237 249 239 251 241 269 259 271 261 289 279 291 281 293 283 311 301 313 303
TICK
CX 28 17 30 19 48 37 50 39 70 59 72 61 90 79 92 81 112 101 114 103 238 227 240 229 258 247 260 249 280 269 282 271 300 289 302 291 322 311 324 313 16 27 18 29 20 31 38 49 40 51 58 69 60 71 62 73 80 91 82 93 226 237 228 239 230 241 248 259 250 261 268 279 270 281 272 283 290 301 292 303
TICK
H 28 30 48 50 70 72 90 92 112 114 238 240 258 260 280 282 300 302 322 324 111 113 321 323
TICK
M 27 29 31 49 51 69 71 73 91 93 111 113 237 239 241 259 261 279 281 283 301 303 321 323 28 30 48 50 52 70 72 90 92 94 112 114 238 240 258 260 262 280 282 300 302 304 322 324
DETECTOR(2, 5, 16) rec[-48] rec[-114] rec[-119] rec[-166]
DETECTOR(1.5, 7.5, 16) rec[-47] rec[-192]
DETECTOR(1.5, 9.5, 16) rec[-46] rec[-191] rec[-259]
DETECTOR(2.5, 6.5, 16) rec[-45] rec[-190]
DETECTOR(2.5, 8.5, 16) rec[-44] rec[-189]
DETECTOR(4, 5, 16) rec[-43] rec[-104] rec[-109] rec[-160]
DETECTOR(3.5, 7.5, 16) rec[-42] rec[-187]
DETECTOR(3.5, 9.5, 16) rec[-41] rec[-186] rec[-254]
DETECTOR(4.5, 6.5, 16) rec[-40] rec[-185]
DETECTOR(4.5, 8.5, 16) rec[-39] rec[-184]
DETECTOR(5.5, 6.5, 16) rec[-38] rec[-251]
DETECTOR(5.5, 8.5, 16) rec[-37] rec[-250]
DETECTOR(12, 5, 16) rec[-36] rec[-64] rec[-69] rec[-136]
DETECTOR(11.5, 7.5, 16) rec[-35] rec[-180]
DETECTOR(11.5, 9.5, 16) rec[-34] rec[-179] rec[-247]
DETECTOR(12.5, 6.5, 16) rec[-33] rec[-178]
DETECTOR(12.5, 8.5, 16) rec[-32] rec[-177]
DETECTOR(14, 5, 16) rec[-31] rec[-54] rec[-59] rec[-130]
DETECTOR(13.5, 7.5, 16) rec[-30] rec[-175]
DETECTOR(13.5, 9.5, 16) rec[-29] rec[-174] rec[-242]
DETECTOR(14.5, 6.5, 16) rec[-28] rec[-173]
DETECTOR(14.5, 8.5, 16) rec[-27] rec[-172]
DETECTOR(15.5, 6.5, 16) rec[-26] rec[-239]
DETECTOR(15.5, 8.5, 16) rec[-25] rec[-238]
DETECTOR(1.5, 7.5, 17) rec[-24]
DETECTOR(1.5, 9.5, 17) rec[-23]
DETECTOR(1.5, 6.5, 16) rec[-22] rec[-261]
DETECTOR(1.5, 8.5, 16) rec[-21] rec[-260]
DETECTOR(2.5, 10.5, 16) rec[-20] rec[-188]
DETECTOR(2.5, 7.5, 16) rec[-19] rec[-258]
DETECTOR(2.5, 9.5, 16) rec[-18] rec[-257]
DETECTOR(3.5, 6.5, 16) rec[-17] rec[-256]
DETECTOR(3.5, 8.5, 16) rec[-16] rec[-255]
DETECTOR(4.5, 10.5, 16) rec[-15] rec[-183]
DETECTOR(5.5, 7.5, 16) rec[-14] rec[-182] rec[-253]
DETECTOR(5.5, 9.5, 16) rec[-13] rec[-181] rec[-252]
DETECTOR(11.5, 7.5, 17) rec[-12]
DETECTOR(11.5, 9.5, 17) rec[-11]
DETECTOR(11.5, 6.5, 16) rec[-10] rec[-249]
DETECTOR(11.5, 8.5, 16) rec[-9] rec[-248]
DETECTOR(12.5, 10.5, 16) rec[-8] rec[-176]
DETECTOR(12.5, 7.5, 16) rec[-7] rec[-246]
DETECTOR(12.5, 9.5, 16) rec[-6] rec[-245]
DETECTOR(13.5, 6.5, 16) rec[-5] rec[-244]
DETECTOR(13.5, 8.5, 16) rec[-4] rec[-243]
DETECTOR(14.5, 10.5, 16) rec[-3] rec[-171]
DETECTOR(15.5, 7.5, 16) rec[-2] rec[-170] rec[-241]
DETECTOR(15.5, 9.5, 16) rec[-1] rec[-169] rec[-240]
TICK
R 27 29 31 49 51 69 71 73 91 93 111 113 237 239 241 259 261 279 281 283 301 303 321 323 28 30 48 50 52 70 72 90 92 94 112 114 238 240 258 260 262 280 282 300 302 304 322 324
TICK
H 28 30 48 50 70 72 90 92 112 114 238 240 258 260 280 282 300 302 322 324 111 113 321 323
TICK
CX 28 17 30 19 48 37 50 39 70 59 72 61 90 79 92 81 112 101 114 103 238 227 240 229 258 247 260 249 280 269 282 271 300 289 302 291 322 311 324 313 16 27 18 29 20 31 38 49 40 51 58 69 60 71 62 73 80 91 82 93 226 237 228 239 230 241 248 259 250 261 268 279 270 281 272 283 290 301 292 303
TICK
CX 28 18 30 20 48 38 50 40 70 60 72 62 90 80 92 82 112 102 114 104 238 228 240 230 258 248 260 250 280 270 282 272 300 290 302 292 322 312 324 314 37 27 39 29 41 31 59 49 61 51 79 69 81 71 83 73 101 91 103 93 247 237 249 239 251 241 269 259 271 261 289 279 291 281 293 283 311 301 313 303
TICK
CX 27 17 29 19 49 39 51 41 69 59 71 61 91 81 93 83 111 101 113 103 237 227 239 229 259 249 261 251 279 269 281 271 301 291 303 293 321 311 323 313 38 28 40 30 58 48 60 50 62 52 80 70 82 72 100 90 102 92 104 94 248 238 250 240 268 258 270 260 272 262 290 280 292 282 310 300 312 302 314 304
TICK
CX 27 16 29 18 49 38 51 40 69 58 71 60 91 80 93 82 111 100 113 102 237 226 239 228 259 248 261 250 279 268 281 270 301 290 303 292 321 310 323 312 17 28 19 30 37 48 39 50 41 52 59 70 61 72 79 90 81 92 83 94 227 238 229 240 247 258 249 260 251 262 269 280 271 282 289 300 291 302 293 304
TICK
H 27 29 49 51 69 71 91 93 111 113 237 239 259 261 279 281 301 303 321 323 112 114 322 324
TICK
M 27 29 31 49 51 69 71 73 91 93 111 113 237 239 241 259 261 279 281 283 301 303 321 323 28 30 48 50 52 70 72 90 92 94 112 114 238 240 258 260 262 280 282 300 302 304 322 324
DETECTOR(1.5, 6.5, 18) rec[-48]
DETECTOR(1.5, 8.5, 18) rec[-47]
DETECTOR(1.5, 10.5, 18) rec[-46] rec[-94]
DETECTOR(1.5, 7.5, 18) rec[-45] rec[-72]
DETECTOR(1.5, 9.5, 18) rec[-44] rec[-71]
DETECTOR(2.5, 6.5, 18) rec[-43] rec[-70]
DETECTOR(2.5, 8.5, 18) rec[-42] rec[-69]
DETECTOR(3.5, 10.5, 18) rec[-41] rec[-89]
DETECTOR(3.5, 7.5, 18) rec[-40] rec[-67]
DETECTOR(3.5, 9.5, 18) rec[-39] rec[-66]
DETECTOR(4.5, 6.5, 18) rec[-38] rec[-65] rec[-86]
DETECTOR(4.5, 8.5, 18) rec[-37] rec[-64] rec[-85]
DETECTOR(11.5, 6.5, 18) rec[-36]
DETECTOR(11.5, 8.5, 18) rec[-35]
DETECTOR(11.5, 10.5, 18) rec[-34] rec[-82]
DETECTOR(11.5, 7.5, 18) rec[-33] rec[-60]
DETECTOR(11.5, 9.5, 18) rec[-32] rec[-59]
DETECTOR(12.5, 6.5, 18) rec[-31] rec[-58]
DETECTOR(12.5, 8.5, 18) rec[-30] rec[-57]
DETECTOR(13.5, 10.5, 18) rec[-29] rec[-77]
DETECTOR(13.5, 7.5, 18) rec[-28] rec[-55]
DETECTOR(13.5, 9.5, 18) rec[-27] rec[-54]
DETECTOR(14.5, 6.5, 18) rec[-26] rec[-53] rec[-74]
DETECTOR(14.5, 8.5, 18) rec[-25] rec[-52] rec[-73]
DETECTOR(1.5, 7, 18) rec[-24] rec[-96]
DETECTOR(1.5, 9, 18) rec[-23] rec[-95]
DETECTOR(2.5, 6.5, 19) rec[-22]
DETECTOR(2.5, 7.5, 18) rec[-21] rec[-93]
DETECTOR(2.5, 10.5, 18) rec[-20] rec[-68] rec[-92]
DETECTOR(3.5, 6.5, 18) rec[-19] rec[-91]
DETECTOR(3.5, 8.5, 18) rec[-18] rec[-90]
DETECTOR(4.5, 6.5, 19) rec[-17]
DETECTOR(4.5, 7.5, 18) rec[-16] rec[-88]
DETECTOR(4.5, 10.5, 18) rec[-15] rec[-63] rec[-87]
DETECTOR(5.5, 7.5, 18) rec[-14] rec[-62]
DETECTOR(5.5, 9.5, 18) rec[-13] rec[-61]
DETECTOR(11.5, 7, 18) rec[-12] rec[-84]
DETECTOR(11.5, 9, 18) rec[-11] rec[-83]
DETECTOR(12.5, 6.5, 19) rec[-10]
DETECTOR(12.5, 7.5, 18) rec[-9] rec[-81]
DETECTOR(12.5, 10.5, 18) rec[-8] rec[-56] rec[-80]
DETECTOR(13.5, 6.5, 18) rec[-7] rec[-79]
DETECTOR(13.5, 8.5, 18) rec[-6] rec[-78]
DETECTOR(14.5, 6.5, 19) rec[-5]
DETECTOR(14.5, 7.5, 18) rec[-4] rec[-76]
DETECTOR(14.5, 10.5, 18) rec[-3] rec[-51] rec[-75]
DETECTOR(15.5, 7.5, 18) rec[-2] rec[-50]
DETECTOR(15.5, 9.5, 18) rec[-1] rec[-49]
TICK
R 27 29 31 49 51 69 71 73 91 93 111 113 237 239 241 259 261 279 281 283 301 303 321 323 28 30 48 50 52 70 72 90 92 94 112 114 238 240 258 260 262 280 282 300 302 304 322 324
TICK
H 27 29 49 51 69 71 91 93 111 113 237 239 259 261 279 281 301 303 321 323 112 114 322 324
TICK
CX 27 16 29 18 49 38 51 40 69 58 71 60 91 80 93 82 111 100 113 102 237 226 239 228 259 248 261 250 279 268 281 270 301 290 303 292 321 310 323 312 17 28 19 30 37 48 39 50 41 52 59 70 61 72 79 90 81 92 83 94 227 238 229 240 247 258 249 260 251 262 269 280 271 282 289 300 291 302 293 304
TICK
CX 27 17 29 19 49 39 51 41 69 59 71 61 91 81 93 83 111 101 113 103 237 227 239 229 259 249 261 251 279 269 281 271 301 291 303 293 321 311 323 313 38 28 40 30 58 48 60 50 62 52 80 70 82 72 100 90 102 92 104 94 248 238 250 240 268 258 270 260 272 262 290 280 292 282 310 300 312 302 314 304
TICK
CX 28 18 30 20 48 38 50 40 70 60 72 62 90 80 92 82 112 102 114 104 238 228 240 230 258 248 260 250 280 270 282 272 300 290 302 292 322 312 324 314 37 27 39 29 41 31 59 49 61 51 79 69 81 71 83 73 101 91 103 93 247 237 249 239 251 241 269 259 271 261 289 279 291 281 293 283 311 301 313 303
TICK
CX 28 17 30 19 48 37 50 39 70 59 72 61 90 79 92 81 112 101 114 103 238 227 240 229 258 247 260 249 280 269 282 271 300 289 302 291 322 311 324 313 16 27 18 29 20 31 38 49 40 51 58 69 60 71 62 73 80 91 82 93 226 237 228 239 230 241 248 259 250 261 268 279 270 281 272 283 290 301 292 303
TICK
H 28 30 48 50 70 72 90 92 112 114 238 240 258 260 280 282 300 302 322 324 111 113 321 323
TICK
M 27 29 31 49 51 69 71 73 91 93 111 113 237 239 241 259 261 279 281 283 301 303 321 323 28 30 48 50 52 70 72 90 92 94 112 114 238 240 258 260 262 280 282 300 302 304 322 324
DETECTOR(1.5, 6.5, 20) rec[-48]
DETECTOR(1.5, 7.5, 20) rec[-47] rec[-72]
DETECTOR(1.5, 9.5, 20) rec[-46] rec[-71] rec[-94]
DETECTOR(2.5, 6.5, 20) rec[-45] rec[-70]
DETECTOR(2.5, 8.5, 20) rec[-44] rec[-69]
DETECTOR(3.5, 6.5, 20) rec[-43]
DETECTOR(3.5, 7.5, 20) rec[-42] rec[-67]
DETECTOR(3.5, 9.5, 20) rec[-41] rec[-66] rec[-89]
DETECTOR(4.5, 6.5, 20) rec[-40] rec[-65]
DETECTOR(4.5, 8.5, 20) rec[-39] rec[-64]
DETECTOR(5.5, 6.5, 20) rec[-38] rec[-86]
DETECTOR(5.5, 8.5, 20) rec[-37] rec[-85]
DETECTOR(11.5, 6.5, 20) rec[-36]
DETECTOR(11.5, 7.5, 20) rec[-35] rec[-60]
DETECTOR(11.5, 9.5, 20) rec[-34] rec[-59] rec[-82]
DETECTOR(12.5, 6.5, 20) rec[-33] rec[-58]
DETECTOR(12.5, 8.5, 20) rec[-32] rec[-57]
DETECTOR(13.5, 6.5, 20) rec[-31]
DETECTOR(13.5, 7.5, 20) rec[-30] rec[-55]
DETECTOR(13.5, 9.5, 20) rec[-29] rec[-54] rec[-77]
DETECTOR(14.5, 6.5, 20) rec[-28] rec[-53]
DETECTOR(14.5, 8.5, 20) rec[-27] rec[-52]
DETECTOR(15.5, 6.5, 20) rec[-26] rec[-74]
DETECTOR(15.5, 8.5, 20) rec[-25] rec[-73]
DETECTOR(1.5, 7.5, 21) rec[-24]
DETECTOR(1.5, 9.5, 21) rec[-23]
DETECTOR(2, 6.5, 20) rec[-22] rec[-96]
DETECTOR(1.5, 8.5, 20) rec[-21] rec[-95]
DETECTOR(2.5, 10.5, 20) rec[-20] rec[-68]
DETECTOR(2.5, 7.5, 20) rec[-19] rec[-93]
DETECTOR(2.5, 9.5, 20) rec[-18] rec[-92]
DETECTOR(4, 6.5, 20) rec[-17] rec[-91]
DETECTOR(3.5, 8.5, 20) rec[-16] rec[-90]
DETECTOR(4.5, 10.5, 20) rec[-15] rec[-63]
DETECTOR(5.5, 7.5, 20) rec[-14] rec[-62] rec[-88]
DETECTOR(5.5, 9.5, 20) rec[-13] rec[-61] rec[-87]
DETECTOR(11.5, 7.5, 21) rec[-12]
DETECTOR(11.5, 9.5, 21) rec[-11]
DETECTOR(12, 6.5, 20) rec[-10] rec[-84]
DETECTOR(11.5, 8.5, 20) rec[-9] rec[-83]
DETECTOR(12.5, 10.5, 20) rec[-8] rec[-56]
DETECTOR(12.5, 7.5, 20) rec[-7] rec[-81]
DETECTOR(12.5, 9.5, 20) rec[-6] rec[-80]
DETECTOR(14, 6.5, 20) rec[-5] rec[-79]
DETECTOR(13.5, 8.5, 20) rec[-4] rec[-78]
DETECTOR(14.5, 10.5, 20) rec[-3] rec[-51]
DETECTOR(15.5, 7.5, 20) rec[-2] rec[-50] rec[-76]
DETECTOR(15.5, 9.5, 20) rec[-1] rec[-49] rec[-75]
TICK
R 27 29 31 49 51 69 71 73 91 93 111 113 237 239 241 259 261 279 281 283 301 303 321 323 28 30 48 50 52 70 72 90 92 94 112 114 238 240 258 260 262 280 282 300 302 304 322 324
TICK
H 28 30 48 50 70 72 90 92 112 114 238 240 258 260 280 282 300 302 322 324 111 113 321 323
TICK
CX 28 17 30 19 48 37 50 39 70 59 72 61 90 79 92 81 112 101 114 103 238 227 240 229 258 247 260 249 280 269 282 271 300 289 302 291 322 311 324 313 16 27 18 29 20 31 38 49 40 51 58 69 60 71 62 73 80 91 82 93 226 237 228 239 230 241 248 259 250 261 268 279 270 281 272 283 290 301 292 303
TICK
CX 28 18 30 20 48 38 50 40 70 60 72 62 90 80 92 82 112 102 114 104 238 228 240 230 258 248 260 250 280 270 282 272 300 290 302 292 322 312 324 314 37 27 39 29 41 31 59 49 61 51 79 69 81 71 83 73 101 91 103 93 247 237 249 239 251 241 269 259 271 261 289 279 291 281 293 283 311 301 313 303
TICK
CX 27 17 29 19 49 39 51 41 69 59 71 61 91 81 93 83 111 101 113 103 237 227 239 229 259 249 261 251 279 269 281 271 301 291 303 293 321 311 323 313 38 28 40 30 58 48 60 50 62 52 80 70 82 72 100 90 102 92 104 94 248 238 250 240 268 258 270 260 272 262 290 280 292 282 310 300 312 302 314 304
TICK
CX 27 16 29 18 49 38 51 40 69 58 71 60 91 80 93 82 111 100 113 102 237 226 239 228 259 248 261 250 279 268 281 270 301 290 303 292 321 310 323 312 17 28 19 30 37 48 39 50 41 52 59 70 61 72 79 90 81 92 83 94 227 238 229 240 247 258 249 260 251 262 269 280 271 282 289 300 291 302 293 304
TICK
H 27 29 49 51 69 71 91 93 111 113 237 239 259 261 279 281 301 303 321 323 112 114 322 324
TICK
M 27 29 31 49 51 69 71 73 91 93 111 113 237 239 241 259 261 279 281 283 301 303 321 323 28 30 48 50 52 70 72 90 92 94 112 114 238 240 258 260 262 280 282 300 302 304 322 324 16 17 18 19 20 37 38 39 40 41 58 59 60 61 62 79 80 81 82 83 100 101 102 103 104 226 227 228 229 230 247 248 249 250 251 268 269 270 271 272 289 290 291 292 293 310 311 312 313 314
DETECTOR(1.5, 6.5, 22) rec[-98]
DETECTOR(1.5, 8.5, 22) rec[-97]
DETECTOR(1.5, 10.5, 22) rec[-96] rec[-144]
DETECTOR(1.5, 7.5, 22) rec[-95] rec[-122]
DETECTOR(1.5, 9.5, 22) rec[-94] rec[-121]
DETECTOR(2.5, 6.5, 22) rec[-93] rec[-120]
DETECTOR(2.5, 8.5, 22) rec[-92] rec[-119]
DETECTOR(3.5, 10.5, 22) rec[-91] rec[-139]
DETECTOR(3.5, 7.5, 22) rec[-90] rec[-117]
DETECTOR(3.5, 9.5, 22) rec[-89] rec[-116]
DETECTOR(4.5, 6.5, 22) rec[-88] rec[-115] rec[-136]
DETECTOR(4.5, 8.5, 22) rec[-87] rec[-114] rec[-135]
DETECTOR(11.5, 6.5, 22) rec[-86]
DETECTOR(11.5, 8.5, 22) rec[-85]
DETECTOR(11.5, 10.5, 22) rec[-84] rec[-132]
DETECTOR(11.5, 7.5, 22) rec[-83] rec[-110]
DETECTOR(11.5, 9.5, 22) rec[-82] rec[-109]
DETECTOR(12.5, 6.5, 22) rec[-81] rec[-108]
DETECTOR(12.5, 8.5, 22) rec[-80] rec[-107]
DETECTOR(13.5, 10.5, 22) rec[-79] rec[-127]
DETECTOR(13.5, 7.5, 22) rec[-78] rec[-105]
DETECTOR(13.5, 9.5, 22) rec[-77] rec[-104]
DETECTOR(14.5, 6.5, 22) rec[-76] rec[-103] rec[-124]
DETECTOR(14.5, 8.5, 22) rec[-75] rec[-102] rec[-123]
DETECTOR(1.5, 7, 22) rec[-74] rec[-146]
DETECTOR(1.5, 9, 22) rec[-73] rec[-145]
DETECTOR(2.5, 6.5, 23) rec[-72]
DETECTOR(2.5, 7.5, 22) rec[-71] rec[-143]
DETECTOR(2.5, 10.5, 22) rec[-70] rec[-118] rec[-142]
DETECTOR(3.5, 6.5, 22) rec[-69] rec[-141]
DETECTOR(3.5, 8.5, 22) rec[-68] rec[-140]
DETECTOR(4.5, 6.5, 23) rec[-67]
DETECTOR(4.5, 7.5, 22) rec[-66] rec[-138]
DETECTOR(4.5, 10.5, 22) rec[-65] rec[-113] rec[-137]
DETECTOR(5.5, 7.5, 22) rec[-64] rec[-112]
DETECTOR(5.5, 9.5, 22) rec[-63] rec[-111]
DETECTOR(11.5, 7, 22) rec[-62] rec[-134]
DETECTOR(11.5, 9, 22) rec[-61] rec[-133]
DETECTOR(12.5, 6.5, 23) rec[-60]
DETECTOR(12.5, 7.5, 22) rec[-59] rec[-131]
DETECTOR(12.5, 10.5, 22) rec[-58] rec[-106] rec[-130]
DETECTOR(13.5, 6.5, 22) rec[-57] rec[-129]
DETECTOR(13.5, 8.5, 22) rec[-56] rec[-128]
DETECTOR(14.5, 6.5, 23) rec[-55]
DETECTOR(14.5, 7.5, 22) rec[-54] rec[-126]
DETECTOR(14.5, 10.5, 22) rec[-53] rec[-101] rec[-125]
DETECTOR(15.5, 7.5, 22) rec[-52] rec[-100]
DETECTOR(15.5, 9.5, 22) rec[-51] rec[-99]
DETECTOR(2, 6, 22) rec[-45] rec[-50]
DETECTOR(2, 8, 22) rec[-43] rec[-44] rec[-48] rec[-49] rec[-74]
DETECTOR(2, 10, 22) rec[-41] rec[-42] rec[-46] rec[-47] rec[-73] rec[-96]
DETECTOR(3, 7, 22) rec[-39] rec[-40] rec[-44] rec[-45] rec[-72]
DETECTOR(3, 9, 22) rec[-37] rec[-38] rec[-42] rec[-43] rec[-71]
DETECTOR(3, 10, 22) rec[-36] rec[-41] rec[-70]
DETECTOR(4, 6, 22) rec[-35] rec[-40]
DETECTOR(4, 8, 22) rec[-33] rec[-34] rec[-38] rec[-39] rec[-69]
DETECTOR(4, 10, 22) rec[-31] rec[-32] rec[-36] rec[-37] rec[-68] rec[-91]
DETECTOR(5, 7, 22) rec[-29] rec[-30] rec[-34] rec[-35] rec[-67]
DETECTOR(5, 9, 22) rec[-27] rec[-28] rec[-32] rec[-33] rec[-66]
DETECTOR(5, 10, 22) rec[-26] rec[-31] rec[-65]
DETECTOR(12, 6, 22) rec[-20] rec[-25]
DETECTOR(12, 8, 22) rec[-18] rec[-19] rec[-23] rec[-24] rec[-62]
DETECTOR(12, 10, 22) rec[-16] rec[-17] rec[-21] rec[-22] rec[-61] rec[-84]
DETECTOR(13, 7, 22) rec[-14] rec[-15] rec[-19] rec[-20] rec[-60]
DETECTOR(13, 9, 22) rec[-12] rec[-13] rec[-17] rec[-18] rec[-59]
DETECTOR(13, 10, 22) rec[-11] rec[-16] rec[-58]
DETECTOR(14, 6, 22) rec[-10] rec[-15]
DETECTOR(14, 8, 22) rec[-8] rec[-9] rec[-13] rec[-14] rec[-57]
DETECTOR(14, 10, 22) rec[-6] rec[-7] rec[-11] rec[-12] rec[-56] rec[-79]
DETECTOR(15, 7, 22) rec[-4] rec[-5] rec[-9] rec[-10] rec[-55]
DETECTOR(15, 9, 22) rec[-2] rec[-3] rec[-7] rec[-8] rec[-54]
DETECTOR(15, 10, 22) rec[-1] rec[-6] rec[-53]
OBSERVABLE_INCLUDE(0) rec[-21] rec[-22] rec[-23] rec[-24] rec[-25] rec[-26] rec[-27] rec[-28] rec[-29] rec[-30] rec[-268] rec[-273] rec[-278] rec[-283] rec[-288] rec[-293] rec[-890] rec[-896] rec[-902] rec[-1094] rec[-1100] rec[-1106]
